date,Open,High,Low,Close,Adj Close,Volume,Dividends,Stock Splits,symbole
2014-10-20 00:00:00-04:00,27.899999618530273,33.0,27.31999969482422,28.25,28.25,1333600,0.0,0.0,KEYS
2014-10-21 00:00:00-04:00,28.489999771118164,29.489999771118164,28.299999237060547,28.309999465942383,28.309999465942383,697700,0.0,0.0,KEYS
2014-10-22 00:00:00-04:00,28.469999313354492,28.90999984741211,28.0,28.75,28.75,768800,0.0,0.0,KEYS
2014-10-23 00:00:00-04:00,28.75,29.889999389648438,28.600000381469727,29.25,29.25,1270700,0.0,0.0,KEYS
2014-10-24 00:00:00-04:00,29.110000610351562,30.09000015258789,29.110000610351562,29.75,29.75,1540700,0.0,0.0,KEYS
2014-10-27 00:00:00-04:00,29.850000381469727,30.290000915527344,29.3700008392334,30.100000381469727,30.100000381469727,766700,0.0,0.0,KEYS
2014-10-28 00:00:00-04:00,30.299999237060547,31.290000915527344,29.940000534057617,30.649999618530273,30.649999618530273,536200,0.0,0.0,KEYS
2014-10-29 00:00:00-04:00,30.649999618530273,31.0,29.940000534057617,30.0,30.0,596300,0.0,0.0,KEYS
2014-10-30 00:00:00-04:00,30.149999618530273,30.690000534057617,29.75,30.25,30.25,415600,0.0,0.0,KEYS
2014-10-31 00:00:00-04:00,30.25,31.979999542236328,30.25,31.5,31.5,29854300,0.0,0.0,KEYS
2014-11-03 00:00:00-05:00,30.610000610351562,31.889999389648438,30.3799991607666,30.610000610351562,30.610000610351562,9243900,0.0,0.0,KEYS
2014-11-04 00:00:00-05:00,30.75,30.799999237060547,30.079999923706055,30.15999984741211,30.15999984741211,6483800,0.0,0.0,KEYS
2014-11-05 00:00:00-05:00,30.670000076293945,31.0,30.0,30.18000030517578,30.18000030517578,3958300,0.0,0.0,KEYS
2014-11-06 00:00:00-05:00,30.200000762939453,30.459999084472656,29.889999389648438,30.049999237060547,30.049999237060547,2991600,0.0,0.0,KEYS
2014-11-07 00:00:00-05:00,29.489999771118164,30.389999389648438,29.010000228881836,29.760000228881836,29.760000228881836,9563300,0.0,0.0,KEYS
2014-11-10 00:00:00-05:00,29.030000686645508,30.229999542236328,28.559999465942383,29.780000686645508,29.780000686645508,5114200,0.0,0.0,KEYS
2014-11-11 00:00:00-05:00,29.399999618530273,30.729999542236328,29.059999465942383,30.040000915527344,30.040000915527344,4349600,0.0,0.0,KEYS
2014-11-12 00:00:00-05:00,30.399999618530273,31.229999542236328,30.0,30.829999923706055,30.829999923706055,4852100,0.0,0.0,KEYS
2014-11-13 00:00:00-05:00,30.739999771118164,31.299999237060547,30.030000686645508,30.40999984741211,30.40999984741211,2432700,0.0,0.0,KEYS
2014-11-14 00:00:00-05:00,30.290000915527344,30.90999984741211,30.219999313354492,30.700000762939453,30.700000762939453,1481300,0.0,0.0,KEYS
2014-11-17 00:00:00-05:00,30.700000762939453,31.420000076293945,30.549999237060547,31.049999237060547,31.049999237060547,2389000,0.0,0.0,KEYS
2014-11-18 00:00:00-05:00,30.59000015258789,31.135000228881836,30.209999084472656,31.0,31.0,3007700,0.0,0.0,KEYS
2014-11-19 00:00:00-05:00,30.719999313354492,31.139999389648438,30.59000015258789,30.969999313354492,30.969999313354492,3013000,0.0,0.0,KEYS
2014-11-20 00:00:00-05:00,30.770000457763672,31.5,30.649999618530273,31.40999984741211,31.40999984741211,2157600,0.0,0.0,KEYS
2014-11-21 00:00:00-05:00,31.649999618530273,32.5,31.450000762939453,32.29999923706055,32.29999923706055,4703600,0.0,0.0,KEYS
2014-11-24 00:00:00-05:00,32.880001068115234,33.040000915527344,32.34000015258789,33.0,33.0,2402600,0.0,0.0,KEYS
2014-11-25 00:00:00-05:00,32.970001220703125,33.11000061035156,32.58000183105469,32.849998474121094,32.849998474121094,1798700,0.0,0.0,KEYS
2014-11-26 00:00:00-05:00,33.0,34.97999954223633,33.0,34.20000076293945,34.20000076293945,1583400,0.0,0.0,KEYS
2014-11-28 00:00:00-05:00,33.939998626708984,35.380001068115234,33.880001068115234,35.20000076293945,35.20000076293945,425300,0.0,0.0,KEYS
2014-12-01 00:00:00-05:00,35.0099983215332,35.18000030517578,34.7599983215332,34.900001525878906,34.900001525878906,1484300,0.0,0.0,KEYS
2014-12-02 00:00:00-05:00,34.72999954223633,34.935001373291016,34.29999923706055,34.779998779296875,34.779998779296875,1789000,0.0,0.0,KEYS
2014-12-03 00:00:00-05:00,34.5099983215332,34.650001525878906,34.25,34.310001373291016,34.310001373291016,1150900,0.0,0.0,KEYS
2014-12-04 00:00:00-05:00,33.88999938964844,34.29999923706055,33.709999084472656,34.13999938964844,34.13999938964844,1339000,0.0,0.0,KEYS
2014-12-05 00:00:00-05:00,34.2400016784668,34.47999954223633,34.0,34.099998474121094,34.099998474121094,761900,0.0,0.0,KEYS
2014-12-08 00:00:00-05:00,34.099998474121094,34.34000015258789,34.0,34.189998626708984,34.189998626708984,956900,0.0,0.0,KEYS
2014-12-09 00:00:00-05:00,33.20000076293945,34.2400016784668,33.20000076293945,33.75,33.75,988200,0.0,0.0,KEYS
2014-12-10 00:00:00-05:00,33.869998931884766,33.97999954223633,33.400001525878906,33.470001220703125,33.470001220703125,1442600,0.0,0.0,KEYS
2014-12-11 00:00:00-05:00,33.5,33.88999938964844,33.45000076293945,33.4900016784668,33.4900016784668,599000,0.0,0.0,KEYS
2014-12-12 00:00:00-05:00,33.47999954223633,33.599998474121094,32.58000183105469,32.86000061035156,32.86000061035156,1175400,0.0,0.0,KEYS
2014-12-15 00:00:00-05:00,32.90999984741211,33.369998931884766,32.7400016784668,32.880001068115234,32.880001068115234,969200,0.0,0.0,KEYS
2014-12-16 00:00:00-05:00,32.52000045776367,33.33000183105469,32.5,32.88999938964844,32.88999938964844,1880900,0.0,0.0,KEYS
2014-12-17 00:00:00-05:00,32.81999969482422,34.209999084472656,32.38999938964844,33.83000183105469,33.83000183105469,1025700,0.0,0.0,KEYS
2014-12-18 00:00:00-05:00,34.0,34.470001220703125,33.41999816894531,34.11000061035156,34.11000061035156,880600,0.0,0.0,KEYS
2014-12-19 00:00:00-05:00,34.11000061035156,34.56999969482422,33.58000183105469,33.97999954223633,33.97999954223633,1860000,0.0,0.0,KEYS
2014-12-22 00:00:00-05:00,33.900001525878906,34.189998626708984,33.82500076293945,33.939998626708984,33.939998626708984,735000,0.0,0.0,KEYS
2014-12-23 00:00:00-05:00,33.93000030517578,34.20000076293945,33.540000915527344,33.630001068115234,33.630001068115234,734800,0.0,0.0,KEYS
2014-12-24 00:00:00-05:00,33.650001525878906,34.380001068115234,33.5099983215332,33.79999923706055,33.79999923706055,1505700,0.0,0.0,KEYS
2014-12-26 00:00:00-05:00,33.939998626708984,34.0,33.54999923706055,33.72999954223633,33.72999954223633,460300,0.0,0.0,KEYS
2014-12-29 00:00:00-05:00,33.56999969482422,34.04999923706055,32.7400016784668,33.90999984741211,33.90999984741211,474300,0.0,0.0,KEYS
2014-12-30 00:00:00-05:00,33.79999923706055,34.290000915527344,33.68199920654297,33.880001068115234,33.880001068115234,383900,0.0,0.0,KEYS
2014-12-31 00:00:00-05:00,33.869998931884766,34.16999816894531,33.63999938964844,33.77000045776367,33.77000045776367,329800,0.0,0.0,KEYS
2015-01-02 00:00:00-05:00,33.810001373291016,34.09000015258789,33.130001068115234,33.41999816894531,33.41999816894531,812700,0.0,0.0,KEYS
2015-01-05 00:00:00-05:00,33.04999923706055,33.599998474121094,33.04999923706055,33.540000915527344,33.540000915527344,732200,0.0,0.0,KEYS
2015-01-06 00:00:00-05:00,33.650001525878906,33.85499954223633,33.5,33.61000061035156,33.61000061035156,1495800,0.0,0.0,KEYS
2015-01-07 00:00:00-05:00,33.66999816894531,34.43000030517578,33.66999816894531,33.880001068115234,33.880001068115234,2022100,0.0,0.0,KEYS
2015-01-08 00:00:00-05:00,34.0,34.38999938964844,33.81999969482422,34.119998931884766,34.119998931884766,1429600,0.0,0.0,KEYS
2015-01-09 00:00:00-05:00,34.040000915527344,34.2400016784668,33.77000045776367,33.959999084472656,33.959999084472656,712400,0.0,0.0,KEYS
2015-01-12 00:00:00-05:00,33.900001525878906,34.58000183105469,33.900001525878906,34.459999084472656,34.459999084472656,901600,0.0,0.0,KEYS
2015-01-13 00:00:00-05:00,34.439998626708984,34.900001525878906,34.11000061035156,34.689998626708984,34.689998626708984,816900,0.0,0.0,KEYS
2015-01-14 00:00:00-05:00,34.290000915527344,34.939998626708984,34.16999816894531,34.93000030517578,34.93000030517578,500000,0.0,0.0,KEYS
2015-01-15 00:00:00-05:00,34.91999816894531,34.9900016784668,34.20000076293945,34.470001220703125,34.470001220703125,954300,0.0,0.0,KEYS
2015-01-16 00:00:00-05:00,34.2599983215332,35.0,34.21699905395508,34.959999084472656,34.959999084472656,1271100,0.0,0.0,KEYS
2015-01-20 00:00:00-05:00,34.68000030517578,35.20000076293945,34.45000076293945,34.91999816894531,34.91999816894531,1031200,0.0,0.0,KEYS
2015-01-21 00:00:00-05:00,34.65999984741211,35.900001525878906,34.52000045776367,35.7400016784668,35.7400016784668,1616000,0.0,0.0,KEYS
2015-01-22 00:00:00-05:00,35.66999816894531,36.33000183105469,35.380001068115234,35.779998779296875,35.779998779296875,1527300,0.0,0.0,KEYS
2015-01-23 00:00:00-05:00,35.72999954223633,35.779998779296875,34.58000183105469,34.869998931884766,34.869998931884766,1305300,0.0,0.0,KEYS
2015-01-26 00:00:00-05:00,34.7599983215332,34.90999984741211,34.02000045776367,34.33000183105469,34.33000183105469,1292400,0.0,0.0,KEYS
2015-01-27 00:00:00-05:00,34.08000183105469,34.22999954223633,33.650001525878906,33.72999954223633,33.72999954223633,781100,0.0,0.0,KEYS
2015-01-28 00:00:00-05:00,33.7599983215332,34.0,33.25,33.34000015258789,33.34000015258789,969400,0.0,0.0,KEYS
2015-01-29 00:00:00-05:00,33.47999954223633,33.72999954223633,33.25,33.68000030517578,33.68000030517578,800900,0.0,0.0,KEYS
2015-01-30 00:00:00-05:00,33.400001525878906,33.5880012512207,33.119998931884766,33.38999938964844,33.38999938964844,765700,0.0,0.0,KEYS
2015-02-02 00:00:00-05:00,33.439998626708984,34.380001068115234,33.369998931884766,34.33000183105469,34.33000183105469,619200,0.0,0.0,KEYS
2015-02-03 00:00:00-05:00,34.31999969482422,34.7400016784668,33.95000076293945,34.04999923706055,34.04999923706055,694700,0.0,0.0,KEYS
2015-02-04 00:00:00-05:00,34.04999923706055,34.290000915527344,33.720001220703125,34.209999084472656,34.209999084472656,712300,0.0,0.0,KEYS
2015-02-05 00:00:00-05:00,34.189998626708984,34.779998779296875,33.952999114990234,34.61000061035156,34.61000061035156,286000,0.0,0.0,KEYS
2015-02-06 00:00:00-05:00,34.56999969482422,35.08000183105469,34.36000061035156,35.08000183105469,35.08000183105469,768300,0.0,0.0,KEYS
2015-02-09 00:00:00-05:00,35.0,35.5,34.810001373291016,34.970001220703125,34.970001220703125,1708800,0.0,0.0,KEYS
2015-02-10 00:00:00-05:00,35.06999969482422,35.79999923706055,34.922000885009766,35.7599983215332,35.7599983215332,744900,0.0,0.0,KEYS
2015-02-11 00:00:00-05:00,35.75,35.790000915527344,35.34000015258789,35.56999969482422,35.56999969482422,738700,0.0,0.0,KEYS
2015-02-12 00:00:00-05:00,35.79999923706055,36.29999923706055,35.57400131225586,36.220001220703125,36.220001220703125,679600,0.0,0.0,KEYS
2015-02-13 00:00:00-05:00,36.150001525878906,36.61000061035156,36.13999938964844,36.4900016784668,36.4900016784668,437100,0.0,0.0,KEYS
2015-02-17 00:00:00-05:00,36.5,36.7599983215332,36.33000183105469,36.52000045776367,36.52000045776367,974600,0.0,0.0,KEYS
2015-02-18 00:00:00-05:00,36.36000061035156,36.59000015258789,35.91999816894531,36.5,36.5,861900,0.0,0.0,KEYS
2015-02-19 00:00:00-05:00,36.380001068115234,37.40999984741211,35.849998474121094,37.310001373291016,37.310001373291016,715400,0.0,0.0,KEYS
2015-02-20 00:00:00-05:00,37.09000015258789,37.599998474121094,35.779998779296875,37.29999923706055,37.29999923706055,1032400,0.0,0.0,KEYS
2015-02-23 00:00:00-05:00,37.15999984741211,37.15999984741211,36.400001525878906,36.689998626708984,36.689998626708984,1614200,0.0,0.0,KEYS
2015-02-24 00:00:00-05:00,36.66999816894531,37.93000030517578,36.64400100708008,37.59000015258789,37.59000015258789,485700,0.0,0.0,KEYS
2015-02-25 00:00:00-05:00,37.63999938964844,37.650001525878906,37.08000183105469,37.29999923706055,37.29999923706055,278600,0.0,0.0,KEYS
2015-02-26 00:00:00-05:00,37.2599983215332,37.689998626708984,37.04999923706055,37.439998626708984,37.439998626708984,245500,0.0,0.0,KEYS
2015-02-27 00:00:00-05:00,37.33000183105469,37.689998626708984,37.0629997253418,37.540000915527344,37.540000915527344,549200,0.0,0.0,KEYS
2015-03-02 00:00:00-05:00,37.08000183105469,38.099998474121094,36.88999938964844,37.880001068115234,37.880001068115234,470000,0.0,0.0,KEYS
2015-03-03 00:00:00-05:00,37.75,37.95899963378906,37.40999984741211,37.529998779296875,37.529998779296875,465300,0.0,0.0,KEYS
2015-03-04 00:00:00-05:00,37.380001068115234,37.7599983215332,37.0,37.68000030517578,37.68000030517578,617600,0.0,0.0,KEYS
2015-03-05 00:00:00-05:00,37.59000015258789,37.689998626708984,37.27000045776367,37.34000015258789,37.34000015258789,420100,0.0,0.0,KEYS
2015-03-06 00:00:00-05:00,37.189998626708984,37.77000045776367,36.97999954223633,37.130001068115234,37.130001068115234,447500,0.0,0.0,KEYS
2015-03-09 00:00:00-04:00,37.16999816894531,37.58000183105469,37.03499984741211,37.38999938964844,37.38999938964844,443800,0.0,0.0,KEYS
2015-03-10 00:00:00-04:00,37.09000015258789,37.41600036621094,36.75,36.77000045776367,36.77000045776367,787200,0.0,0.0,KEYS
2015-03-11 00:00:00-04:00,36.72999954223633,37.33000183105469,36.56999969482422,37.2400016784668,37.2400016784668,564000,0.0,0.0,KEYS
2015-03-12 00:00:00-04:00,37.220001220703125,37.439998626708984,37.02000045776367,37.33000183105469,37.33000183105469,360600,0.0,0.0,KEYS
2015-03-13 00:00:00-04:00,37.18000030517578,37.444000244140625,36.779998779296875,37.25,37.25,235400,0.0,0.0,KEYS
2015-03-16 00:00:00-04:00,37.33000183105469,37.97999954223633,37.209999084472656,37.939998626708984,37.939998626708984,447000,0.0,0.0,KEYS
2015-03-17 00:00:00-04:00,37.77000045776367,38.27000045776367,37.619998931884766,38.189998626708984,38.189998626708984,509000,0.0,0.0,KEYS
2015-03-18 00:00:00-04:00,38.029998779296875,38.97999954223633,38.0,38.720001220703125,38.720001220703125,493100,0.0,0.0,KEYS
2015-03-19 00:00:00-04:00,38.43000030517578,38.79999923706055,38.2599983215332,38.720001220703125,38.720001220703125,281800,0.0,0.0,KEYS
2015-03-20 00:00:00-04:00,38.75,38.9900016784668,38.369998931884766,38.7400016784668,38.7400016784668,1337700,0.0,0.0,KEYS
2015-03-23 00:00:00-04:00,38.66999816894531,38.9900016784668,38.5,38.88999938964844,38.88999938964844,470800,0.0,0.0,KEYS
2015-03-24 00:00:00-04:00,38.939998626708984,38.9900016784668,38.29999923706055,38.68000030517578,38.68000030517578,569400,0.0,0.0,KEYS
2015-03-25 00:00:00-04:00,38.630001068115234,38.779998779296875,37.209999084472656,37.2599983215332,37.2599983215332,440800,0.0,0.0,KEYS
2015-03-26 00:00:00-04:00,37.09000015258789,37.25,36.599998474121094,36.720001220703125,36.720001220703125,479400,0.0,0.0,KEYS
2015-03-27 00:00:00-04:00,36.72999954223633,36.72999954223633,36.220001220703125,36.27000045776367,36.27000045776367,413500,0.0,0.0,KEYS
2015-03-30 00:00:00-04:00,36.36000061035156,36.70000076293945,36.04999923706055,36.119998931884766,36.119998931884766,630700,0.0,0.0,KEYS
2015-03-31 00:00:00-04:00,36.09000015258789,37.31999969482422,35.939998626708984,37.150001525878906,37.150001525878906,809100,0.0,0.0,KEYS
2015-04-01 00:00:00-04:00,37.18000030517578,37.47999954223633,36.43000030517578,36.61000061035156,36.61000061035156,593400,0.0,0.0,KEYS
2015-04-02 00:00:00-04:00,36.72999954223633,37.470001220703125,36.619998931884766,36.790000915527344,36.790000915527344,395300,0.0,0.0,KEYS
2015-04-06 00:00:00-04:00,36.70000076293945,36.88999938964844,36.45000076293945,36.72999954223633,36.72999954223633,933500,0.0,0.0,KEYS
2015-04-07 00:00:00-04:00,36.68000030517578,36.880001068115234,36.290000915527344,36.380001068115234,36.380001068115234,556500,0.0,0.0,KEYS
2015-04-08 00:00:00-04:00,36.52000045776367,36.720001220703125,36.34000015258789,36.4900016784668,36.4900016784668,497800,0.0,0.0,KEYS
2015-04-09 00:00:00-04:00,36.400001525878906,37.2400016784668,36.400001525878906,37.18000030517578,37.18000030517578,336800,0.0,0.0,KEYS
2015-04-10 00:00:00-04:00,37.16999816894531,37.38999938964844,36.75,37.04999923706055,37.04999923706055,505000,0.0,0.0,KEYS
2015-04-13 00:00:00-04:00,36.97999954223633,37.45000076293945,36.58000183105469,36.59000015258789,36.59000015258789,228300,0.0,0.0,KEYS
2015-04-14 00:00:00-04:00,36.459999084472656,36.7599983215332,36.04999923706055,36.150001525878906,36.150001525878906,351200,0.0,0.0,KEYS
2015-04-15 00:00:00-04:00,36.25,36.540000915527344,36.11000061035156,36.189998626708984,36.189998626708984,370600,0.0,0.0,KEYS
2015-04-16 00:00:00-04:00,36.310001373291016,36.310001373291016,36.0,36.06999969482422,36.06999969482422,389200,0.0,0.0,KEYS
2015-04-17 00:00:00-04:00,35.93000030517578,36.119998931884766,35.279998779296875,35.36000061035156,35.36000061035156,616400,0.0,0.0,KEYS
2015-04-20 00:00:00-04:00,35.470001220703125,36.310001373291016,35.470001220703125,36.130001068115234,36.130001068115234,594500,0.0,0.0,KEYS
2015-04-21 00:00:00-04:00,36.18000030517578,36.36000061035156,35.790000915527344,36.209999084472656,36.209999084472656,494400,0.0,0.0,KEYS
2015-04-22 00:00:00-04:00,36.20000076293945,36.22999954223633,35.88999938964844,36.0099983215332,36.0099983215332,486600,0.0,0.0,KEYS
2015-04-23 00:00:00-04:00,35.75,35.75,35.35499954223633,35.439998626708984,35.439998626708984,512400,0.0,0.0,KEYS
2015-04-24 00:00:00-04:00,35.45000076293945,35.45000076293945,34.970001220703125,34.9900016784668,34.9900016784668,444100,0.0,0.0,KEYS
2015-04-27 00:00:00-04:00,35.02000045776367,35.22999954223633,34.150001525878906,34.34000015258789,34.34000015258789,1144700,0.0,0.0,KEYS
2015-04-28 00:00:00-04:00,34.220001220703125,34.41999816894531,33.90999984741211,33.939998626708984,33.939998626708984,1625500,0.0,0.0,KEYS
2015-04-29 00:00:00-04:00,33.900001525878906,33.95000076293945,33.58000183105469,33.779998779296875,33.779998779296875,1244700,0.0,0.0,KEYS
2015-04-30 00:00:00-04:00,33.61000061035156,33.97999954223633,33.369998931884766,33.459999084472656,33.459999084472656,790100,0.0,0.0,KEYS
2015-05-01 00:00:00-04:00,33.59000015258789,33.869998931884766,33.43000030517578,33.61000061035156,33.61000061035156,882300,0.0,0.0,KEYS
2015-05-04 00:00:00-04:00,34.439998626708984,35.358001708984375,34.439998626708984,34.47999954223633,34.47999954223633,1342100,0.0,0.0,KEYS
2015-05-05 00:00:00-04:00,34.47999954223633,34.810001373291016,33.97999954223633,34.0,34.0,880100,0.0,0.0,KEYS
2015-05-06 00:00:00-04:00,34.11000061035156,34.11000061035156,33.595001220703125,33.650001525878906,33.650001525878906,587200,0.0,0.0,KEYS
2015-05-07 00:00:00-04:00,33.709999084472656,34.09000015258789,33.70000076293945,33.90999984741211,33.90999984741211,726300,0.0,0.0,KEYS
2015-05-08 00:00:00-04:00,34.2400016784668,34.70000076293945,34.11000061035156,34.58000183105469,34.58000183105469,597900,0.0,0.0,KEYS
2015-05-11 00:00:00-04:00,34.59000015258789,35.11000061035156,34.52000045776367,35.02000045776367,35.02000045776367,586600,0.0,0.0,KEYS
2015-05-12 00:00:00-04:00,34.849998474121094,34.91999816894531,34.2599983215332,34.7599983215332,34.7599983215332,670100,0.0,0.0,KEYS
2015-05-13 00:00:00-04:00,34.900001525878906,35.630001068115234,34.79999923706055,35.25,35.25,697800,0.0,0.0,KEYS
2015-05-14 00:00:00-04:00,35.40999984741211,35.4900016784668,35.099998474121094,35.189998626708984,35.189998626708984,584700,0.0,0.0,KEYS
2015-05-15 00:00:00-04:00,35.310001373291016,35.45000076293945,35.150001525878906,35.33000183105469,35.33000183105469,418200,0.0,0.0,KEYS
2015-05-18 00:00:00-04:00,35.36000061035156,36.310001373291016,35.349998474121094,36.220001220703125,36.220001220703125,905200,0.0,0.0,KEYS
2015-05-19 00:00:00-04:00,36.20000076293945,36.275001525878906,34.61000061035156,34.9900016784668,34.9900016784668,1747400,0.0,0.0,KEYS
2015-05-20 00:00:00-04:00,33.040000915527344,33.06999969482422,32.25,32.380001068115234,32.380001068115234,5979400,0.0,0.0,KEYS
2015-05-21 00:00:00-04:00,32.34000015258789,33.11000061035156,32.16999816894531,33.029998779296875,33.029998779296875,2218300,0.0,0.0,KEYS
2015-05-22 00:00:00-04:00,33.0,33.119998931884766,32.7400016784668,33.08000183105469,33.08000183105469,2249500,0.0,0.0,KEYS
2015-05-26 00:00:00-04:00,33.0099983215332,33.150001525878906,32.34000015258789,32.61000061035156,32.61000061035156,1020700,0.0,0.0,KEYS
2015-05-27 00:00:00-04:00,32.599998474121094,33.0,32.54999923706055,32.970001220703125,32.970001220703125,619000,0.0,0.0,KEYS
2015-05-28 00:00:00-04:00,32.97999954223633,32.987998962402344,32.70000076293945,32.900001525878906,32.900001525878906,696000,0.0,0.0,KEYS
2015-05-29 00:00:00-04:00,32.84000015258789,33.130001068115234,32.779998779296875,32.86000061035156,32.86000061035156,699300,0.0,0.0,KEYS
2015-06-01 00:00:00-04:00,32.869998931884766,32.97999954223633,32.689998626708984,32.84000015258789,32.84000015258789,1046700,0.0,0.0,KEYS
2015-06-02 00:00:00-04:00,32.689998626708984,33.10499954223633,32.630001068115234,32.970001220703125,32.970001220703125,535200,0.0,0.0,KEYS
2015-06-03 00:00:00-04:00,33.150001525878906,33.40999984741211,32.939998626708984,33.220001220703125,33.220001220703125,837700,0.0,0.0,KEYS
2015-06-04 00:00:00-04:00,33.060001373291016,33.29999923706055,32.77000045776367,32.880001068115234,32.880001068115234,498200,0.0,0.0,KEYS
2015-06-05 00:00:00-04:00,32.93000030517578,33.06800079345703,32.5,32.88999938964844,32.88999938964844,514700,0.0,0.0,KEYS
2015-06-08 00:00:00-04:00,32.91999816894531,32.97999954223633,32.650001525878906,32.77000045776367,32.77000045776367,379600,0.0,0.0,KEYS
2015-06-09 00:00:00-04:00,32.81999969482422,33.005001068115234,32.65999984741211,32.86000061035156,32.86000061035156,721100,0.0,0.0,KEYS
2015-06-10 00:00:00-04:00,32.88999938964844,33.19499969482422,32.790000915527344,33.11000061035156,33.11000061035156,1087200,0.0,0.0,KEYS
2015-06-11 00:00:00-04:00,33.119998931884766,33.220001220703125,32.939998626708984,33.150001525878906,33.150001525878906,1596100,0.0,0.0,KEYS
2015-06-12 00:00:00-04:00,33.11000061035156,33.15999984741211,32.91999816894531,33.029998779296875,33.029998779296875,454200,0.0,0.0,KEYS
2015-06-15 00:00:00-04:00,32.790000915527344,32.922000885009766,32.349998474121094,32.619998931884766,32.619998931884766,634800,0.0,0.0,KEYS
2015-06-16 00:00:00-04:00,32.529998779296875,32.7400016784668,32.279998779296875,32.619998931884766,32.619998931884766,472500,0.0,0.0,KEYS
2015-06-17 00:00:00-04:00,32.68000030517578,33.11000061035156,32.654998779296875,33.0099983215332,33.0099983215332,767000,0.0,0.0,KEYS
2015-06-18 00:00:00-04:00,32.9900016784668,33.400001525878906,32.95000076293945,33.400001525878906,33.400001525878906,701000,0.0,0.0,KEYS
2015-06-19 00:00:00-04:00,33.4900016784668,33.4900016784668,33.15999984741211,33.290000915527344,33.290000915527344,844800,0.0,0.0,KEYS
2015-06-22 00:00:00-04:00,33.400001525878906,33.709999084472656,33.189998626708984,33.5,33.5,898600,0.0,0.0,KEYS
2015-06-23 00:00:00-04:00,33.54999923706055,33.54999923706055,32.7599983215332,32.88999938964844,32.88999938964844,903100,0.0,0.0,KEYS
2015-06-24 00:00:00-04:00,32.939998626708984,33.0,32.441001892089844,32.459999084472656,32.459999084472656,621900,0.0,0.0,KEYS
2015-06-25 00:00:00-04:00,32.529998779296875,32.72999954223633,31.954999923706055,32.15999984741211,32.15999984741211,693800,0.0,0.0,KEYS
2015-06-26 00:00:00-04:00,32.25,32.380001068115234,31.729999542236328,32.25,32.25,3082900,0.0,0.0,KEYS
2015-06-29 00:00:00-04:00,31.850000381469727,32.06999969482422,31.3799991607666,31.399999618530273,31.399999618530273,988200,0.0,0.0,KEYS
2015-06-30 00:00:00-04:00,31.649999618530273,31.799999237060547,31.020000457763672,31.190000534057617,31.190000534057617,1050600,0.0,0.0,KEYS
2015-07-01 00:00:00-04:00,31.350000381469727,31.393999099731445,30.84000015258789,31.25,31.25,1025000,0.0,0.0,KEYS
2015-07-02 00:00:00-04:00,31.3700008392334,31.59000015258789,31.329999923706055,31.469999313354492,31.469999313354492,449700,0.0,0.0,KEYS
2015-07-06 00:00:00-04:00,31.09000015258789,31.450000762939453,31.010000228881836,31.25,31.25,1126700,0.0,0.0,KEYS
2015-07-07 00:00:00-04:00,31.219999313354492,31.479999542236328,30.81999969482422,31.229999542236328,31.229999542236328,1156800,0.0,0.0,KEYS
2015-07-08 00:00:00-04:00,30.93000030517578,31.219999313354492,30.25,30.3799991607666,30.3799991607666,936200,0.0,0.0,KEYS
2015-07-09 00:00:00-04:00,30.6200008392334,30.6200008392334,30.25,30.31999969482422,30.31999969482422,1021800,0.0,0.0,KEYS
2015-07-10 00:00:00-04:00,30.59000015258789,30.652999877929688,30.290000915527344,30.350000381469727,30.350000381469727,707500,0.0,0.0,KEYS
2015-07-13 00:00:00-04:00,30.530000686645508,30.84000015258789,30.420000076293945,30.739999771118164,30.739999771118164,574200,0.0,0.0,KEYS
2015-07-14 00:00:00-04:00,30.75,30.940000534057617,30.68000030517578,30.93000030517578,30.93000030517578,463900,0.0,0.0,KEYS
2015-07-15 00:00:00-04:00,30.899999618530273,31.15999984741211,30.5,30.510000228881836,30.510000228881836,733500,0.0,0.0,KEYS
2015-07-16 00:00:00-04:00,30.729999542236328,31.010000228881836,30.690000534057617,30.790000915527344,30.790000915527344,2007300,0.0,0.0,KEYS
2015-07-17 00:00:00-04:00,30.8700008392334,30.97100067138672,30.5,30.559999465942383,30.559999465942383,988500,0.0,0.0,KEYS
2015-07-20 00:00:00-04:00,30.639999389648438,30.889999389648438,30.549999237060547,30.760000228881836,30.760000228881836,499100,0.0,0.0,KEYS
2015-07-21 00:00:00-04:00,30.700000762939453,30.860000610351562,30.389999389648438,30.420000076293945,30.420000076293945,709500,0.0,0.0,KEYS
2015-07-22 00:00:00-04:00,30.18000030517578,30.780000686645508,30.1299991607666,30.739999771118164,30.739999771118164,582300,0.0,0.0,KEYS
2015-07-23 00:00:00-04:00,30.729999542236328,30.860000610351562,30.200000762939453,30.299999237060547,30.299999237060547,599100,0.0,0.0,KEYS
2015-07-24 00:00:00-04:00,30.25,30.440000534057617,30.049999237060547,30.059999465942383,30.059999465942383,703400,0.0,0.0,KEYS
2015-07-27 00:00:00-04:00,30.0,30.0,29.649999618530273,29.68000030517578,29.68000030517578,441300,0.0,0.0,KEYS
2015-07-28 00:00:00-04:00,29.739999771118164,30.200000762939453,29.514999389648438,30.059999465942383,30.059999465942383,773000,0.0,0.0,KEYS
2015-07-29 00:00:00-04:00,30.06999969482422,30.530000686645508,29.899999618530273,30.489999771118164,30.489999771118164,487100,0.0,0.0,KEYS
2015-07-30 00:00:00-04:00,30.350000381469727,30.65999984741211,30.18000030517578,30.639999389648438,30.639999389648438,572900,0.0,0.0,KEYS
2015-07-31 00:00:00-04:00,30.700000762939453,31.0,30.510000228881836,30.540000915527344,30.540000915527344,616100,0.0,0.0,KEYS
2015-08-03 00:00:00-04:00,30.709999084472656,30.889999389648438,30.389999389648438,30.489999771118164,30.489999771118164,633300,0.0,0.0,KEYS
2015-08-04 00:00:00-04:00,30.350000381469727,30.709999084472656,30.170000076293945,30.40999984741211,30.40999984741211,428500,0.0,0.0,KEYS
2015-08-05 00:00:00-04:00,30.469999313354492,30.899999618530273,30.31999969482422,30.350000381469727,30.350000381469727,656700,0.0,0.0,KEYS
2015-08-06 00:00:00-04:00,30.309999465942383,30.3799991607666,29.579999923706055,29.719999313354492,29.719999313354492,750100,0.0,0.0,KEYS
2015-08-07 00:00:00-04:00,29.600000381469727,29.860000610351562,29.415000915527344,29.860000610351562,29.860000610351562,459300,0.0,0.0,KEYS
2015-08-10 00:00:00-04:00,30.049999237060547,30.809999465942383,30.040000915527344,30.639999389648438,30.639999389648438,463500,0.0,0.0,KEYS
2015-08-11 00:00:00-04:00,30.170000076293945,30.489999771118164,29.969999313354492,30.079999923706055,30.079999923706055,584700,0.0,0.0,KEYS
2015-08-12 00:00:00-04:00,29.690000534057617,29.989999771118164,29.280000686645508,29.8799991607666,29.8799991607666,635600,0.0,0.0,KEYS
2015-08-13 00:00:00-04:00,29.90999984741211,30.139999389648438,29.799999237060547,29.90999984741211,29.90999984741211,456800,0.0,0.0,KEYS
2015-08-14 00:00:00-04:00,29.90999984741211,30.389999389648438,29.850000381469727,30.3700008392334,30.3700008392334,448200,0.0,0.0,KEYS
2015-08-17 00:00:00-04:00,30.290000915527344,30.489999771118164,30.149999618530273,30.3799991607666,30.3799991607666,601500,0.0,0.0,KEYS
2015-08-18 00:00:00-04:00,30.3799991607666,30.65999984741211,29.979999542236328,30.0,30.0,531200,0.0,0.0,KEYS
2015-08-19 00:00:00-04:00,29.969999313354492,30.0,29.420000076293945,29.540000915527344,29.540000915527344,806100,0.0,0.0,KEYS
2015-08-20 00:00:00-04:00,32.54999923706055,33.2400016784668,32.439998626708984,32.77000045776367,32.77000045776367,2895100,0.0,0.0,KEYS
2015-08-21 00:00:00-04:00,32.31999969482422,33.290000915527344,32.310001373291016,32.349998474121094,32.349998474121094,1276500,0.0,0.0,KEYS
2015-08-24 00:00:00-04:00,30.6299991607666,31.84000015258789,30.100000381469727,30.59000015258789,30.59000015258789,1000000,0.0,0.0,KEYS
2015-08-25 00:00:00-04:00,31.25,31.260000228881836,30.290000915527344,30.350000381469727,30.350000381469727,928300,0.0,0.0,KEYS
2015-08-26 00:00:00-04:00,30.979999542236328,31.163999557495117,30.190000534057617,31.059999465942383,31.059999465942383,725400,0.0,0.0,KEYS
2015-08-27 00:00:00-04:00,31.31999969482422,31.816999435424805,31.0,31.670000076293945,31.670000076293945,665400,0.0,0.0,KEYS
2015-08-28 00:00:00-04:00,31.56999969482422,31.950000762939453,31.309999465942383,31.920000076293945,31.920000076293945,486400,0.0,0.0,KEYS
2015-08-31 00:00:00-04:00,31.739999771118164,32.220001220703125,31.68000030517578,32.040000915527344,32.040000915527344,689800,0.0,0.0,KEYS
2015-09-01 00:00:00-04:00,31.3700008392334,31.68000030517578,31.170000076293945,31.25,31.25,984600,0.0,0.0,KEYS
2015-09-02 00:00:00-04:00,31.6299991607666,31.844999313354492,31.440000534057617,31.84000015258789,31.84000015258789,541800,0.0,0.0,KEYS
2015-09-03 00:00:00-04:00,31.93000030517578,32.72999954223633,31.93000030517578,32.61000061035156,32.61000061035156,790600,0.0,0.0,KEYS
2015-09-04 00:00:00-04:00,32.25,32.5,31.989999771118164,32.2400016784668,32.2400016784668,500200,0.0,0.0,KEYS
2015-09-08 00:00:00-04:00,32.560001373291016,33.13999938964844,32.310001373291016,33.09000015258789,33.09000015258789,993400,0.0,0.0,KEYS
2015-09-09 00:00:00-04:00,33.25,33.38999938964844,32.63999938964844,32.720001220703125,32.720001220703125,758800,0.0,0.0,KEYS
2015-09-10 00:00:00-04:00,32.68000030517578,33.060001373291016,32.470001220703125,32.970001220703125,32.970001220703125,649600,0.0,0.0,KEYS
2015-09-11 00:00:00-04:00,32.779998779296875,32.970001220703125,32.720001220703125,32.84000015258789,32.84000015258789,273600,0.0,0.0,KEYS
2015-09-14 00:00:00-04:00,32.84000015258789,32.84000015258789,32.38999938964844,32.83000183105469,32.83000183105469,355500,0.0,0.0,KEYS
2015-09-15 00:00:00-04:00,32.849998474121094,33.0099983215332,32.56999969482422,32.95000076293945,32.95000076293945,361500,0.0,0.0,KEYS
2015-09-16 00:00:00-04:00,32.91999816894531,33.61000061035156,32.810001373291016,33.54999923706055,33.54999923706055,417000,0.0,0.0,KEYS
2015-09-17 00:00:00-04:00,33.61000061035156,34.130001068115234,33.53499984741211,33.709999084472656,33.709999084472656,508200,0.0,0.0,KEYS
2015-09-18 00:00:00-04:00,33.34000015258789,33.68000030517578,32.720001220703125,32.83000183105469,32.83000183105469,1112200,0.0,0.0,KEYS
2015-09-21 00:00:00-04:00,33.02000045776367,33.2599983215332,32.83000183105469,32.900001525878906,32.900001525878906,535800,0.0,0.0,KEYS
2015-09-22 00:00:00-04:00,32.470001220703125,32.470001220703125,31.920000076293945,32.04999923706055,32.04999923706055,661100,0.0,0.0,KEYS
2015-09-23 00:00:00-04:00,32.16999816894531,32.220001220703125,31.6299991607666,31.780000686645508,31.780000686645508,312000,0.0,0.0,KEYS
2015-09-24 00:00:00-04:00,31.479999542236328,31.56999969482422,31.020000457763672,31.209999084472656,31.209999084472656,461600,0.0,0.0,KEYS
2015-09-25 00:00:00-04:00,31.3799991607666,31.3799991607666,30.860000610351562,31.010000228881836,31.010000228881836,347200,0.0,0.0,KEYS
2015-09-28 00:00:00-04:00,30.829999923706055,30.90999984741211,30.15999984741211,30.229999542236328,30.229999542236328,405900,0.0,0.0,KEYS
2015-09-29 00:00:00-04:00,30.260000228881836,30.399999618530273,29.940000534057617,30.170000076293945,30.170000076293945,492100,0.0,0.0,KEYS
2015-09-30 00:00:00-04:00,30.5,30.969999313354492,30.5,30.84000015258789,30.84000015258789,487000,0.0,0.0,KEYS
2015-10-01 00:00:00-04:00,30.850000381469727,30.8799991607666,30.34000015258789,30.43000030517578,30.43000030517578,520000,0.0,0.0,KEYS
2015-10-02 00:00:00-04:00,30.020000457763672,31.309999465942383,30.0,31.299999237060547,31.299999237060547,645800,0.0,0.0,KEYS
2015-10-05 00:00:00-04:00,31.559999465942383,32.18000030517578,31.3799991607666,32.099998474121094,32.099998474121094,492000,0.0,0.0,KEYS
2015-10-06 00:00:00-04:00,32.13999938964844,32.310001373291016,31.809999465942383,32.150001525878906,32.150001525878906,518600,0.0,0.0,KEYS
2015-10-07 00:00:00-04:00,32.310001373291016,32.86000061035156,32.20000076293945,32.70000076293945,32.70000076293945,626000,0.0,0.0,KEYS
2015-10-08 00:00:00-04:00,32.650001525878906,33.349998474121094,32.540000915527344,33.119998931884766,33.119998931884766,394200,0.0,0.0,KEYS
2015-10-09 00:00:00-04:00,33.16999816894531,33.38999938964844,32.650001525878906,32.68000030517578,32.68000030517578,313300,0.0,0.0,KEYS
2015-10-12 00:00:00-04:00,32.68000030517578,32.68000030517578,32.2599983215332,32.29999923706055,32.29999923706055,221900,0.0,0.0,KEYS
2015-10-13 00:00:00-04:00,32.18000030517578,32.529998779296875,31.969999313354492,32.0,32.0,430400,0.0,0.0,KEYS
2015-10-14 00:00:00-04:00,32.029998779296875,32.61000061035156,31.979999542236328,32.439998626708984,32.439998626708984,424000,0.0,0.0,KEYS
2015-10-15 00:00:00-04:00,32.5,32.779998779296875,32.369998931884766,32.7599983215332,32.7599983215332,368000,0.0,0.0,KEYS
2015-10-16 00:00:00-04:00,32.72999954223633,32.790000915527344,32.310001373291016,32.59000015258789,32.59000015258789,365300,0.0,0.0,KEYS
2015-10-19 00:00:00-04:00,32.36000061035156,32.619998931884766,31.96500015258789,32.029998779296875,32.029998779296875,533600,0.0,0.0,KEYS
2015-10-20 00:00:00-04:00,31.860000610351562,32.43000030517578,31.610000610351562,32.0,32.0,282300,0.0,0.0,KEYS
2015-10-21 00:00:00-04:00,32.11000061035156,32.33000183105469,31.479999542236328,31.530000686645508,31.530000686645508,290900,0.0,0.0,KEYS
2015-10-22 00:00:00-04:00,31.700000762939453,32.09000015258789,31.549999237060547,32.0099983215332,32.0099983215332,305400,0.0,0.0,KEYS
2015-10-23 00:00:00-04:00,32.2599983215332,32.33000183105469,32.04499816894531,32.29999923706055,32.29999923706055,259200,0.0,0.0,KEYS
2015-10-26 00:00:00-04:00,32.18000030517578,32.38600158691406,31.809999465942383,32.0099983215332,32.0099983215332,345600,0.0,0.0,KEYS
2015-10-27 00:00:00-04:00,31.719999313354492,32.119998931884766,31.649999618530273,31.799999237060547,31.799999237060547,734200,0.0,0.0,KEYS
2015-10-28 00:00:00-04:00,31.920000076293945,33.0,31.8799991607666,32.9900016784668,32.9900016784668,438600,0.0,0.0,KEYS
2015-10-29 00:00:00-04:00,32.779998779296875,33.33000183105469,32.683998107910156,33.060001373291016,33.060001373291016,336300,0.0,0.0,KEYS
2015-10-30 00:00:00-04:00,33.29999923706055,33.349998474121094,32.70000076293945,33.08000183105469,33.08000183105469,415600,0.0,0.0,KEYS
2015-11-02 00:00:00-05:00,33.0,33.47999954223633,32.709999084472656,33.369998931884766,33.369998931884766,373400,0.0,0.0,KEYS
2015-11-03 00:00:00-05:00,33.09000015258789,33.43000030517578,32.88999938964844,33.08000183105469,33.08000183105469,453100,0.0,0.0,KEYS
2015-11-04 00:00:00-05:00,33.119998931884766,33.38999938964844,32.61000061035156,32.70000076293945,32.70000076293945,378100,0.0,0.0,KEYS
2015-11-05 00:00:00-05:00,32.84000015258789,32.84000015258789,32.2599983215332,32.27000045776367,32.27000045776367,463200,0.0,0.0,KEYS
2015-11-06 00:00:00-05:00,31.950000762939453,32.400001525878906,31.889999389648438,31.989999771118164,31.989999771118164,578000,0.0,0.0,KEYS
2015-11-09 00:00:00-05:00,31.889999389648438,32.125,31.450000762939453,31.65999984741211,31.65999984741211,397800,0.0,0.0,KEYS
2015-11-10 00:00:00-05:00,31.5,31.610000610351562,30.700000762939453,30.84000015258789,30.84000015258789,988800,0.0,0.0,KEYS
2015-11-11 00:00:00-05:00,30.979999542236328,31.139999389648438,30.81999969482422,31.049999237060547,31.049999237060547,602700,0.0,0.0,KEYS
2015-11-12 00:00:00-05:00,30.790000915527344,31.024999618530273,30.299999237060547,30.31999969482422,30.31999969482422,365400,0.0,0.0,KEYS
2015-11-13 00:00:00-05:00,30.25,30.729999542236328,30.020000457763672,30.3799991607666,30.3799991607666,586500,0.0,0.0,KEYS
2015-11-16 00:00:00-05:00,30.3799991607666,31.059999465942383,30.290000915527344,30.989999771118164,30.989999771118164,769200,0.0,0.0,KEYS
2015-11-17 00:00:00-05:00,30.989999771118164,31.239999771118164,30.709999084472656,30.809999465942383,30.809999465942383,364900,0.0,0.0,KEYS
2015-11-18 00:00:00-05:00,30.950000762939453,31.239999771118164,30.75,31.229999542236328,31.229999542236328,818900,0.0,0.0,KEYS
2015-11-19 00:00:00-05:00,31.1299991607666,31.520000457763672,30.989999771118164,31.1299991607666,31.1299991607666,472300,0.0,0.0,KEYS
2015-11-20 00:00:00-05:00,29.889999389648438,30.239999771118164,28.549999237060547,29.469999313354492,29.469999313354492,2638600,0.0,0.0,KEYS
2015-11-23 00:00:00-05:00,29.420000076293945,30.079999923706055,29.110000610351562,30.079999923706055,30.079999923706055,971500,0.0,0.0,KEYS
2015-11-24 00:00:00-05:00,29.940000534057617,30.579999923706055,29.850000381469727,30.56999969482422,30.56999969482422,930200,0.0,0.0,KEYS
2015-11-25 00:00:00-05:00,30.510000228881836,30.649999618530273,30.079999923706055,30.600000381469727,30.600000381469727,624600,0.0,0.0,KEYS
2015-11-27 00:00:00-05:00,30.59000015258789,30.8799991607666,30.59000015258789,30.799999237060547,30.799999237060547,283600,0.0,0.0,KEYS
2015-11-30 00:00:00-05:00,30.790000915527344,30.93000030517578,30.700000762939453,30.809999465942383,30.809999465942383,649800,0.0,0.0,KEYS
2015-12-01 00:00:00-05:00,30.700000762939453,30.790000915527344,29.905000686645508,29.989999771118164,29.989999771118164,702000,0.0,0.0,KEYS
2015-12-02 00:00:00-05:00,29.809999465942383,30.020000457763672,29.719999313354492,29.799999237060547,29.799999237060547,805700,0.0,0.0,KEYS
2015-12-03 00:00:00-05:00,29.959999084472656,29.989999771118164,28.84000015258789,29.049999237060547,29.049999237060547,857300,0.0,0.0,KEYS
2015-12-04 00:00:00-05:00,28.979999542236328,29.614999771118164,28.959999084472656,29.579999923706055,29.579999923706055,817600,0.0,0.0,KEYS
2015-12-07 00:00:00-05:00,29.40999984741211,29.6299991607666,29.030000686645508,29.18000030517578,29.18000030517578,673700,0.0,0.0,KEYS
2015-12-08 00:00:00-05:00,28.93000030517578,29.219999313354492,28.791000366210938,29.209999084472656,29.209999084472656,887500,0.0,0.0,KEYS
2015-12-09 00:00:00-05:00,29.18000030517578,29.31999969482422,28.809999465942383,28.940000534057617,28.940000534057617,692400,0.0,0.0,KEYS
2015-12-10 00:00:00-05:00,28.90999984741211,29.170000076293945,28.8700008392334,29.0,29.0,655000,0.0,0.0,KEYS
2015-12-11 00:00:00-05:00,28.68000030517578,29.15999984741211,28.530000686645508,28.639999389648438,28.639999389648438,828300,0.0,0.0,KEYS
2015-12-14 00:00:00-05:00,28.600000381469727,28.700000762939453,27.75,27.860000610351562,27.860000610351562,782800,0.0,0.0,KEYS
2015-12-15 00:00:00-05:00,28.079999923706055,28.3799991607666,28.0,28.360000610351562,28.360000610351562,854800,0.0,0.0,KEYS
2015-12-16 00:00:00-05:00,28.469999313354492,28.639999389648438,28.030000686645508,28.3700008392334,28.3700008392334,572900,0.0,0.0,KEYS
2015-12-17 00:00:00-05:00,28.3799991607666,28.6200008392334,28.299999237060547,28.459999084472656,28.459999084472656,731800,0.0,0.0,KEYS
2015-12-18 00:00:00-05:00,28.440000534057617,28.520000457763672,28.010000228881836,28.010000228881836,28.010000228881836,2671000,0.0,0.0,KEYS
2015-12-21 00:00:00-05:00,28.25,28.420000076293945,27.979999542236328,28.110000610351562,28.110000610351562,595300,0.0,0.0,KEYS
2015-12-22 00:00:00-05:00,28.190000534057617,28.56999969482422,28.010000228881836,28.559999465942383,28.559999465942383,723400,0.0,0.0,KEYS
2015-12-23 00:00:00-05:00,28.670000076293945,29.049999237060547,28.559999465942383,29.0,29.0,633400,0.0,0.0,KEYS
2015-12-24 00:00:00-05:00,28.920000076293945,29.149999618530273,28.799999237060547,28.950000762939453,28.950000762939453,456700,0.0,0.0,KEYS
2015-12-28 00:00:00-05:00,28.829999923706055,28.989999771118164,28.360000610351562,28.780000686645508,28.780000686645508,388200,0.0,0.0,KEYS
2015-12-29 00:00:00-05:00,28.729999542236328,28.979999542236328,28.360000610351562,28.6200008392334,28.6200008392334,458700,0.0,0.0,KEYS
2015-12-30 00:00:00-05:00,28.510000228881836,28.75,28.479999542236328,28.579999923706055,28.579999923706055,434500,0.0,0.0,KEYS
2015-12-31 00:00:00-05:00,28.479999542236328,28.700000762939453,28.299999237060547,28.329999923706055,28.329999923706055,588200,0.0,0.0,KEYS
2016-01-04 00:00:00-05:00,27.93000030517578,28.149999618530273,27.75,27.809999465942383,27.809999465942383,951900,0.0,0.0,KEYS
2016-01-05 00:00:00-05:00,27.809999465942383,28.350000381469727,27.610000610351562,27.75,27.75,796400,0.0,0.0,KEYS
2016-01-06 00:00:00-05:00,27.3700008392334,27.65999984741211,27.209999084472656,27.299999237060547,27.299999237060547,756700,0.0,0.0,KEYS
2016-01-07 00:00:00-05:00,26.790000915527344,26.920000076293945,26.200000762939453,26.219999313354492,26.219999313354492,872500,0.0,0.0,KEYS
2016-01-08 00:00:00-05:00,25.84000015258789,26.079999923706055,25.31999969482422,25.450000762939453,25.450000762939453,1485000,0.0,0.0,KEYS
2016-01-11 00:00:00-05:00,25.450000762939453,25.579999923706055,24.799999237060547,24.93000030517578,24.93000030517578,930300,0.0,0.0,KEYS
2016-01-12 00:00:00-05:00,25.149999618530273,25.40999984741211,24.649999618530273,25.25,25.25,1124800,0.0,0.0,KEYS
2016-01-13 00:00:00-05:00,25.309999465942383,25.540000915527344,24.399999618530273,24.43000030517578,24.43000030517578,1365600,0.0,0.0,KEYS
2016-01-14 00:00:00-05:00,24.479999542236328,24.8799991607666,24.09000015258789,24.649999618530273,24.649999618530273,900000,0.0,0.0,KEYS
2016-01-15 00:00:00-05:00,24.040000915527344,24.28499984741211,23.309999465942383,23.530000686645508,23.530000686645508,858400,0.0,0.0,KEYS
2016-01-19 00:00:00-05:00,23.729999542236328,23.93000030517578,23.079999923706055,23.209999084472656,23.209999084472656,708100,0.0,0.0,KEYS
2016-01-20 00:00:00-05:00,22.920000076293945,23.020000457763672,22.149999618530273,22.90999984741211,22.90999984741211,1626600,0.0,0.0,KEYS
2016-01-21 00:00:00-05:00,23.020000457763672,23.80500030517578,22.799999237060547,23.329999923706055,23.329999923706055,924500,0.0,0.0,KEYS
2016-01-22 00:00:00-05:00,23.729999542236328,24.040000915527344,23.65999984741211,24.0,24.0,1013200,0.0,0.0,KEYS
2016-01-25 00:00:00-05:00,23.899999618530273,24.06999969482422,23.84000015258789,23.959999084472656,23.959999084472656,922100,0.0,0.0,KEYS
2016-01-26 00:00:00-05:00,24.1299991607666,24.3700008392334,23.81999969482422,23.989999771118164,23.989999771118164,697000,0.0,0.0,KEYS
2016-01-27 00:00:00-05:00,23.829999923706055,23.959999084472656,23.3799991607666,23.469999313354492,23.469999313354492,457300,0.0,0.0,KEYS
2016-01-28 00:00:00-05:00,23.700000762939453,23.700000762939453,23.079999923706055,23.139999389648438,23.139999389648438,420000,0.0,0.0,KEYS
2016-01-29 00:00:00-05:00,23.239999771118164,23.670000076293945,23.200000762939453,23.399999618530273,23.399999618530273,1915500,0.0,0.0,KEYS
2016-02-01 00:00:00-05:00,23.139999389648438,23.219999313354492,22.8799991607666,23.0,23.0,1368200,0.0,0.0,KEYS
2016-02-02 00:00:00-05:00,22.81999969482422,22.979999542236328,22.309999465942383,22.440000534057617,22.440000534057617,1090700,0.0,0.0,KEYS
2016-02-03 00:00:00-05:00,22.479999542236328,22.489999771118164,21.979999542236328,22.389999389648438,22.389999389648438,655500,0.0,0.0,KEYS
2016-02-04 00:00:00-05:00,22.399999618530273,22.989999771118164,22.399999618530273,22.940000534057617,22.940000534057617,833200,0.0,0.0,KEYS
2016-02-05 00:00:00-05:00,22.850000381469727,22.940000534057617,22.170000076293945,22.239999771118164,22.239999771118164,550400,0.0,0.0,KEYS
2016-02-08 00:00:00-05:00,22.0,22.065000534057617,21.200000762939453,21.3799991607666,21.3799991607666,889000,0.0,0.0,KEYS
2016-02-09 00:00:00-05:00,21.18000030517578,21.700000762939453,21.170000076293945,21.18000030517578,21.18000030517578,871100,0.0,0.0,KEYS
2016-02-10 00:00:00-05:00,21.399999618530273,21.969999313354492,21.360000610351562,21.760000228881836,21.760000228881836,725000,0.0,0.0,KEYS
2016-02-11 00:00:00-05:00,21.3799991607666,21.809999465942383,21.070999145507812,21.549999237060547,21.549999237060547,822300,0.0,0.0,KEYS
2016-02-12 00:00:00-05:00,21.739999771118164,22.239999771118164,21.549999237060547,22.209999084472656,22.209999084472656,553700,0.0,0.0,KEYS
2016-02-16 00:00:00-05:00,22.459999084472656,22.760000228881836,22.209999084472656,22.600000381469727,22.600000381469727,623000,0.0,0.0,KEYS
2016-02-17 00:00:00-05:00,22.719999313354492,23.1299991607666,22.65999984741211,23.049999237060547,23.049999237060547,745800,0.0,0.0,KEYS
2016-02-18 00:00:00-05:00,23.149999618530273,23.290000915527344,22.950000762939453,23.219999313354492,23.219999313354492,664000,0.0,0.0,KEYS
2016-02-19 00:00:00-05:00,22.170000076293945,24.06999969482422,22.15999984741211,23.899999618530273,23.899999618530273,1656800,0.0,0.0,KEYS
2016-02-22 00:00:00-05:00,24.059999465942383,24.725000381469727,23.975000381469727,24.670000076293945,24.670000076293945,1112200,0.0,0.0,KEYS
2016-02-23 00:00:00-05:00,24.5,25.235000610351562,24.450000762939453,25.18000030517578,25.18000030517578,1201600,0.0,0.0,KEYS
2016-02-24 00:00:00-05:00,25.0,25.780000686645508,24.719999313354492,25.729999542236328,25.729999542236328,1179600,0.0,0.0,KEYS
2016-02-25 00:00:00-05:00,25.739999771118164,25.860000610351562,25.200000762939453,25.739999771118164,25.739999771118164,964000,0.0,0.0,KEYS
2016-02-26 00:00:00-05:00,25.899999618530273,25.979999542236328,25.520000457763672,25.940000534057617,25.940000534057617,897700,0.0,0.0,KEYS
2016-02-29 00:00:00-05:00,25.93000030517578,26.190000534057617,25.774999618530273,26.09000015258789,26.09000015258789,846200,0.0,0.0,KEYS
2016-03-01 00:00:00-05:00,26.270000457763672,26.760000228881836,26.170000076293945,26.34000015258789,26.34000015258789,982200,0.0,0.0,KEYS
2016-03-02 00:00:00-05:00,26.280000686645508,26.889999389648438,26.21299934387207,26.8799991607666,26.8799991607666,588600,0.0,0.0,KEYS
2016-03-03 00:00:00-05:00,26.81999969482422,27.1200008392334,26.75,27.09000015258789,27.09000015258789,554900,0.0,0.0,KEYS
2016-03-04 00:00:00-05:00,27.1299991607666,27.329999923706055,26.799999237060547,27.219999313354492,27.219999313354492,811600,0.0,0.0,KEYS
2016-03-07 00:00:00-05:00,27.06999969482422,27.395000457763672,26.940000534057617,27.149999618530273,27.149999618530273,668000,0.0,0.0,KEYS
2016-03-08 00:00:00-05:00,27.010000228881836,27.06999969482422,26.68000030517578,26.739999771118164,26.739999771118164,708600,0.0,0.0,KEYS
2016-03-09 00:00:00-05:00,25.649999618530273,25.979999542236328,25.290000915527344,25.799999237060547,25.799999237060547,818400,0.0,0.0,KEYS
2016-03-10 00:00:00-05:00,25.959999084472656,26.139999389648438,25.739999771118164,26.049999237060547,26.049999237060547,578400,0.0,0.0,KEYS
2016-03-11 00:00:00-05:00,26.25,26.90999984741211,26.25,26.559999465942383,26.559999465942383,522000,0.0,0.0,KEYS
2016-03-14 00:00:00-04:00,26.559999465942383,26.860000610351562,26.440000534057617,26.56999969482422,26.56999969482422,433700,0.0,0.0,KEYS
2016-03-15 00:00:00-04:00,26.399999618530273,26.700000762939453,26.06999969482422,26.209999084472656,26.209999084472656,443500,0.0,0.0,KEYS
2016-03-16 00:00:00-04:00,26.059999465942383,26.58799934387207,26.059999465942383,26.520000457763672,26.520000457763672,370800,0.0,0.0,KEYS
2016-03-17 00:00:00-04:00,26.520000457763672,27.34000015258789,26.520000457763672,27.25,27.25,339000,0.0,0.0,KEYS
2016-03-18 00:00:00-04:00,27.219999313354492,27.760000228881836,27.190000534057617,27.739999771118164,27.739999771118164,1616700,0.0,0.0,KEYS
2016-03-21 00:00:00-04:00,27.690000534057617,28.100000381469727,27.6200008392334,27.940000534057617,27.940000534057617,510500,0.0,0.0,KEYS
2016-03-22 00:00:00-04:00,27.940000534057617,28.389999389648438,27.799999237060547,28.219999313354492,28.219999313354492,581700,0.0,0.0,KEYS
2016-03-23 00:00:00-04:00,28.06999969482422,28.06999969482422,26.989999771118164,27.0,27.0,635800,0.0,0.0,KEYS
2016-03-24 00:00:00-04:00,26.81999969482422,27.110000610351562,26.520000457763672,27.0,27.0,763400,0.0,0.0,KEYS
2016-03-28 00:00:00-04:00,27.06999969482422,27.329999923706055,26.860000610351562,27.239999771118164,27.239999771118164,415500,0.0,0.0,KEYS
2016-03-29 00:00:00-04:00,27.1200008392334,27.7549991607666,26.899999618530273,27.739999771118164,27.739999771118164,627700,0.0,0.0,KEYS
2016-03-30 00:00:00-04:00,27.950000762939453,28.020000457763672,27.280000686645508,27.420000076293945,27.420000076293945,359300,0.0,0.0,KEYS
2016-03-31 00:00:00-04:00,27.3700008392334,27.770000457763672,26.989999771118164,27.739999771118164,27.739999771118164,692000,0.0,0.0,KEYS
2016-04-01 00:00:00-04:00,27.18000030517578,28.049999237060547,27.18000030517578,27.809999465942383,27.809999465942383,715500,0.0,0.0,KEYS
2016-04-04 00:00:00-04:00,27.770000457763672,27.915000915527344,27.170000076293945,27.350000381469727,27.350000381469727,629000,0.0,0.0,KEYS
2016-04-05 00:00:00-04:00,26.940000534057617,27.040000915527344,26.799999237060547,26.899999618530273,26.899999618530273,755500,0.0,0.0,KEYS
2016-04-06 00:00:00-04:00,26.899999618530273,26.979999542236328,26.639999389648438,26.770000457763672,26.770000457763672,495700,0.0,0.0,KEYS
2016-04-07 00:00:00-04:00,26.68000030517578,26.78499984741211,26.270000457763672,26.43000030517578,26.43000030517578,586900,0.0,0.0,KEYS
2016-04-08 00:00:00-04:00,26.6299991607666,27.049999237060547,26.469999313354492,26.719999313354492,26.719999313354492,477300,0.0,0.0,KEYS
2016-04-11 00:00:00-04:00,26.84000015258789,27.1299991607666,26.579999923706055,26.940000534057617,26.940000534057617,897400,0.0,0.0,KEYS
2016-04-12 00:00:00-04:00,26.8799991607666,26.989999771118164,26.56999969482422,26.719999313354492,26.719999313354492,1019100,0.0,0.0,KEYS
2016-04-13 00:00:00-04:00,26.889999389648438,27.969999313354492,26.889999389648438,27.799999237060547,27.799999237060547,578300,0.0,0.0,KEYS
2016-04-14 00:00:00-04:00,27.729999542236328,27.78499984741211,27.219999313354492,27.31999969482422,27.31999969482422,766600,0.0,0.0,KEYS
2016-04-15 00:00:00-04:00,27.25,27.489999771118164,27.09000015258789,27.139999389648438,27.139999389648438,1003500,0.0,0.0,KEYS
2016-04-18 00:00:00-04:00,27.06999969482422,27.34000015258789,26.924999237060547,27.100000381469727,27.100000381469727,372800,0.0,0.0,KEYS
2016-04-19 00:00:00-04:00,27.239999771118164,27.299999237060547,27.059999465942383,27.260000228881836,27.260000228881836,382700,0.0,0.0,KEYS
2016-04-20 00:00:00-04:00,27.280000686645508,27.56999969482422,27.135000228881836,27.15999984741211,27.15999984741211,495800,0.0,0.0,KEYS
2016-04-21 00:00:00-04:00,27.040000915527344,27.246000289916992,26.920000076293945,27.06999969482422,27.06999969482422,346900,0.0,0.0,KEYS
2016-04-22 00:00:00-04:00,27.09000015258789,27.450000762939453,27.09000015258789,27.43000030517578,27.43000030517578,575700,0.0,0.0,KEYS
2016-04-25 00:00:00-04:00,27.360000610351562,27.360000610351562,26.700000762939453,26.920000076293945,26.920000076293945,408900,0.0,0.0,KEYS
2016-04-26 00:00:00-04:00,27.030000686645508,27.3700008392334,26.889999389648438,27.290000915527344,27.290000915527344,283900,0.0,0.0,KEYS
2016-04-27 00:00:00-04:00,27.209999084472656,27.3799991607666,26.81999969482422,27.1200008392334,27.1200008392334,424700,0.0,0.0,KEYS
2016-04-28 00:00:00-04:00,27.010000228881836,27.135000228881836,26.40999984741211,26.450000762939453,26.450000762939453,531600,0.0,0.0,KEYS
2016-04-29 00:00:00-04:00,26.329999923706055,26.43000030517578,25.75,26.079999923706055,26.079999923706055,722200,0.0,0.0,KEYS
2016-05-02 00:00:00-04:00,26.079999923706055,26.209999084472656,25.760000228881836,26.0,26.0,1226400,0.0,0.0,KEYS
2016-05-03 00:00:00-04:00,25.8700008392334,26.1200008392334,25.68000030517578,26.0,26.0,522800,0.0,0.0,KEYS
2016-05-04 00:00:00-04:00,25.8700008392334,26.1299991607666,25.719999313354492,25.90999984741211,25.90999984741211,366300,0.0,0.0,KEYS
2016-05-05 00:00:00-04:00,25.979999542236328,26.139999389648438,25.799999237060547,25.829999923706055,25.829999923706055,387400,0.0,0.0,KEYS
2016-05-06 00:00:00-04:00,25.700000762939453,26.040000915527344,25.489999771118164,25.979999542236328,25.979999542236328,446800,0.0,0.0,KEYS
2016-05-09 00:00:00-04:00,25.8700008392334,26.100000381469727,25.665000915527344,25.719999313354492,25.719999313354492,360500,0.0,0.0,KEYS
2016-05-10 00:00:00-04:00,25.75,26.239999771118164,25.510000228881836,26.209999084472656,26.209999084472656,251200,0.0,0.0,KEYS
2016-05-11 00:00:00-04:00,26.15999984741211,26.239999771118164,25.809999465942383,25.84000015258789,25.84000015258789,322600,0.0,0.0,KEYS
2016-05-12 00:00:00-04:00,25.920000076293945,26.600000381469727,25.68000030517578,26.270000457763672,26.270000457763672,2311600,0.0,0.0,KEYS
2016-05-13 00:00:00-04:00,26.260000228881836,26.40999984741211,25.875,25.979999542236328,25.979999542236328,514800,0.0,0.0,KEYS
2016-05-16 00:00:00-04:00,25.93000030517578,26.360000610351562,25.93000030517578,26.270000457763672,26.270000457763672,1968300,0.0,0.0,KEYS
2016-05-17 00:00:00-04:00,26.1200008392334,26.395000457763672,26.010000228881836,26.209999084472656,26.209999084472656,699900,0.0,0.0,KEYS
2016-05-18 00:00:00-04:00,26.110000610351562,26.614999771118164,26.075000762939453,26.209999084472656,26.209999084472656,493800,0.0,0.0,KEYS
2016-05-19 00:00:00-04:00,25.940000534057617,26.309999465942383,25.90999984741211,25.989999771118164,25.989999771118164,1146800,0.0,0.0,KEYS
2016-05-20 00:00:00-04:00,27.25,30.31999969482422,27.25,29.940000534057617,29.940000534057617,3513200,0.0,0.0,KEYS
2016-05-23 00:00:00-04:00,29.940000534057617,30.479999542236328,29.739999771118164,30.1299991607666,30.1299991607666,967200,0.0,0.0,KEYS
2016-05-24 00:00:00-04:00,30.170000076293945,30.559999465942383,30.06999969482422,30.420000076293945,30.420000076293945,713900,0.0,0.0,KEYS
2016-05-25 00:00:00-04:00,30.479999542236328,30.709999084472656,30.329999923706055,30.489999771118164,30.489999771118164,546500,0.0,0.0,KEYS
2016-05-26 00:00:00-04:00,30.510000228881836,30.559999465942383,30.235000610351562,30.479999542236328,30.479999542236328,561000,0.0,0.0,KEYS
2016-05-27 00:00:00-04:00,30.5,30.905000686645508,30.479999542236328,30.719999313354492,30.719999313354492,415800,0.0,0.0,KEYS
2016-05-31 00:00:00-04:00,30.729999542236328,30.84000015258789,30.40999984741211,30.6299991607666,30.6299991607666,625900,0.0,0.0,KEYS
2016-06-01 00:00:00-04:00,30.43000030517578,30.889999389648438,30.3700008392334,30.84000015258789,30.84000015258789,533000,0.0,0.0,KEYS
2016-06-02 00:00:00-04:00,30.809999465942383,31.5,30.799999237060547,31.389999389648438,31.389999389648438,947400,0.0,0.0,KEYS
2016-06-03 00:00:00-04:00,31.25,31.450000762939453,31.049999237060547,31.420000076293945,31.420000076293945,517500,0.0,0.0,KEYS
2016-06-06 00:00:00-04:00,31.360000610351562,31.729999542236328,31.31999969482422,31.56999969482422,31.56999969482422,526100,0.0,0.0,KEYS
2016-06-07 00:00:00-04:00,31.56999969482422,31.56999969482422,31.139999389648438,31.329999923706055,31.329999923706055,381700,0.0,0.0,KEYS
2016-06-08 00:00:00-04:00,31.329999923706055,31.700000762939453,31.209999084472656,31.700000762939453,31.700000762939453,534800,0.0,0.0,KEYS
2016-06-09 00:00:00-04:00,31.43000030517578,31.8700008392334,31.239999771118164,31.260000228881836,31.260000228881836,520000,0.0,0.0,KEYS
2016-06-10 00:00:00-04:00,31.0,31.059999465942383,30.549999237060547,30.639999389648438,30.639999389648438,404400,0.0,0.0,KEYS
2016-06-13 00:00:00-04:00,30.459999084472656,30.579999923706055,29.8799991607666,29.90999984741211,29.90999984741211,616100,0.0,0.0,KEYS
2016-06-14 00:00:00-04:00,29.829999923706055,29.969999313354492,29.450000762939453,29.6299991607666,29.6299991607666,1100800,0.0,0.0,KEYS
2016-06-15 00:00:00-04:00,29.809999465942383,30.1299991607666,29.6299991607666,29.84000015258789,29.84000015258789,924500,0.0,0.0,KEYS
2016-06-16 00:00:00-04:00,29.6200008392334,29.6200008392334,29.299999237060547,29.489999771118164,29.489999771118164,583900,0.0,0.0,KEYS
2016-06-17 00:00:00-04:00,29.399999618530273,29.81999969482422,29.280000686645508,29.65999984741211,29.65999984741211,1077300,0.0,0.0,KEYS
2016-06-20 00:00:00-04:00,30.100000381469727,30.489999771118164,30.079999923706055,30.450000762939453,30.450000762939453,577200,0.0,0.0,KEYS
2016-06-21 00:00:00-04:00,30.510000228881836,30.510000228881836,29.790000915527344,30.059999465942383,30.059999465942383,546700,0.0,0.0,KEYS
2016-06-22 00:00:00-04:00,30.09000015258789,30.549999237060547,30.0,30.399999618530273,30.399999618530273,595600,0.0,0.0,KEYS
2016-06-23 00:00:00-04:00,30.6299991607666,31.030000686645508,30.600000381469727,31.030000686645508,31.030000686645508,739400,0.0,0.0,KEYS
2016-06-24 00:00:00-04:00,29.709999084472656,30.219999313354492,29.459999084472656,29.65999984741211,29.65999984741211,2720100,0.0,0.0,KEYS
2016-06-27 00:00:00-04:00,29.3700008392334,29.389999389648438,28.459999084472656,28.489999771118164,28.489999771118164,716900,0.0,0.0,KEYS
2016-06-28 00:00:00-04:00,28.799999237060547,29.1200008392334,28.5,28.93000030517578,28.93000030517578,543400,0.0,0.0,KEYS
2016-06-29 00:00:00-04:00,29.3799991607666,29.510000228881836,28.829999923706055,29.079999923706055,29.079999923706055,1068500,0.0,0.0,KEYS
2016-06-30 00:00:00-04:00,29.06999969482422,29.139999389648438,28.854999542236328,29.09000015258789,29.09000015258789,1212800,0.0,0.0,KEYS
2016-07-01 00:00:00-04:00,29.040000915527344,29.309999465942383,28.860000610351562,28.93000030517578,28.93000030517578,643600,0.0,0.0,KEYS
2016-07-05 00:00:00-04:00,28.709999084472656,28.84000015258789,28.110000610351562,28.389999389648438,28.389999389648438,639600,0.0,0.0,KEYS
2016-07-06 00:00:00-04:00,28.219999313354492,28.309999465942383,27.90999984741211,28.25,28.25,759800,0.0,0.0,KEYS
2016-07-07 00:00:00-04:00,28.34000015258789,28.59000015258789,27.899999618530273,28.18000030517578,28.18000030517578,704100,0.0,0.0,KEYS
2016-07-08 00:00:00-04:00,28.399999618530273,29.100000381469727,28.1299991607666,29.020000457763672,29.020000457763672,1836800,0.0,0.0,KEYS
2016-07-11 00:00:00-04:00,29.15999984741211,29.200000762939453,28.530000686645508,28.530000686645508,28.530000686645508,562000,0.0,0.0,KEYS
2016-07-12 00:00:00-04:00,28.799999237060547,29.030000686645508,28.790000915527344,28.899999618530273,28.899999618530273,599200,0.0,0.0,KEYS
2016-07-13 00:00:00-04:00,29.020000457763672,29.09000015258789,28.385000228881836,28.719999313354492,28.719999313354492,852900,0.0,0.0,KEYS
2016-07-14 00:00:00-04:00,29.010000228881836,29.040000915527344,28.770000457763672,28.8799991607666,28.8799991607666,490900,0.0,0.0,KEYS
2016-07-15 00:00:00-04:00,28.979999542236328,29.219999313354492,28.79400062561035,29.100000381469727,29.100000381469727,491400,0.0,0.0,KEYS
2016-07-18 00:00:00-04:00,29.18000030517578,29.440000534057617,29.040000915527344,29.31999969482422,29.31999969482422,673400,0.0,0.0,KEYS
2016-07-19 00:00:00-04:00,29.309999465942383,29.3700008392334,29.06999969482422,29.260000228881836,29.260000228881836,546900,0.0,0.0,KEYS
2016-07-20 00:00:00-04:00,29.3799991607666,29.75,29.25,29.719999313354492,29.719999313354492,749900,0.0,0.0,KEYS
2016-07-21 00:00:00-04:00,29.639999389648438,29.809999465942383,29.399999618530273,29.520000457763672,29.520000457763672,517700,0.0,0.0,KEYS
2016-07-22 00:00:00-04:00,29.469999313354492,30.0,29.219999313354492,29.860000610351562,29.860000610351562,538700,0.0,0.0,KEYS
2016-07-25 00:00:00-04:00,29.75,29.75,29.309999465942383,29.479999542236328,29.479999542236328,491600,0.0,0.0,KEYS
2016-07-26 00:00:00-04:00,29.540000915527344,29.829999923706055,29.40999984741211,29.670000076293945,29.670000076293945,488500,0.0,0.0,KEYS
2016-07-27 00:00:00-04:00,29.729999542236328,29.81999969482422,29.540000915527344,29.760000228881836,29.760000228881836,449000,0.0,0.0,KEYS
2016-07-28 00:00:00-04:00,29.709999084472656,29.84000015258789,29.499000549316406,29.56999969482422,29.56999969482422,481400,0.0,0.0,KEYS
2016-07-29 00:00:00-04:00,29.59000015258789,29.59000015258789,28.920000076293945,29.239999771118164,29.239999771118164,925200,0.0,0.0,KEYS
2016-08-01 00:00:00-04:00,29.200000762939453,29.459999084472656,29.100000381469727,29.190000534057617,29.190000534057617,343200,0.0,0.0,KEYS
2016-08-02 00:00:00-04:00,29.219999313354492,29.299999237060547,28.18000030517578,28.200000762939453,28.200000762939453,572600,0.0,0.0,KEYS
2016-08-03 00:00:00-04:00,28.239999771118164,28.6299991607666,28.219999313354492,28.610000610351562,28.610000610351562,463600,0.0,0.0,KEYS
2016-08-04 00:00:00-04:00,28.670000076293945,28.719999313354492,28.469999313354492,28.489999771118164,28.489999771118164,354700,0.0,0.0,KEYS
2016-08-05 00:00:00-04:00,28.670000076293945,28.93000030517578,28.579999923706055,28.93000030517578,28.93000030517578,479600,0.0,0.0,KEYS
2016-08-08 00:00:00-04:00,28.8799991607666,29.094999313354492,28.8700008392334,28.93000030517578,28.93000030517578,284200,0.0,0.0,KEYS
2016-08-09 00:00:00-04:00,28.899999618530273,29.06999969482422,28.780000686645508,28.790000915527344,28.790000915527344,374800,0.0,0.0,KEYS
2016-08-10 00:00:00-04:00,28.860000610351562,29.100000381469727,28.75,29.030000686645508,29.030000686645508,394700,0.0,0.0,KEYS
2016-08-11 00:00:00-04:00,29.079999923706055,29.25,28.961000442504883,29.209999084472656,29.209999084472656,339600,0.0,0.0,KEYS
2016-08-12 00:00:00-04:00,29.149999618530273,29.360000610351562,29.030000686645508,29.31999969482422,29.31999969482422,262700,0.0,0.0,KEYS
2016-08-15 00:00:00-04:00,29.100000381469727,29.770000457763672,29.100000381469727,29.670000076293945,29.670000076293945,428300,0.0,0.0,KEYS
2016-08-16 00:00:00-04:00,29.649999618530273,29.75,29.3700008392334,29.600000381469727,29.600000381469727,518700,0.0,0.0,KEYS
2016-08-17 00:00:00-04:00,29.540000915527344,29.75,29.280000686645508,29.68000030517578,29.68000030517578,948700,0.0,0.0,KEYS
2016-08-18 00:00:00-04:00,26.950000762939453,29.729999542236328,26.8700008392334,29.40999984741211,29.40999984741211,2780500,0.0,0.0,KEYS
2016-08-19 00:00:00-04:00,29.200000762939453,30.350000381469727,29.170000076293945,30.190000534057617,30.190000534057617,1221600,0.0,0.0,KEYS
2016-08-22 00:00:00-04:00,30.190000534057617,30.299999237060547,30.030000686645508,30.299999237060547,30.299999237060547,632800,0.0,0.0,KEYS
2016-08-23 00:00:00-04:00,30.3799991607666,30.6200008392334,30.270000457763672,30.290000915527344,30.290000915527344,652400,0.0,0.0,KEYS
2016-08-24 00:00:00-04:00,30.209999084472656,30.360000610351562,29.649999618530273,29.770000457763672,29.770000457763672,569200,0.0,0.0,KEYS
2016-08-25 00:00:00-04:00,29.780000686645508,30.219999313354492,29.709999084472656,29.979999542236328,29.979999542236328,374800,0.0,0.0,KEYS
2016-08-26 00:00:00-04:00,30.040000915527344,30.260000228881836,29.90999984741211,30.040000915527344,30.040000915527344,357500,0.0,0.0,KEYS
2016-08-29 00:00:00-04:00,30.079999923706055,30.5,30.0,30.260000228881836,30.260000228881836,483400,0.0,0.0,KEYS
2016-08-30 00:00:00-04:00,30.270000457763672,30.540000915527344,30.219999313354492,30.459999084472656,30.459999084472656,367300,0.0,0.0,KEYS
2016-08-31 00:00:00-04:00,30.399999618530273,30.520000457763672,30.309999465942383,30.43000030517578,30.43000030517578,796800,0.0,0.0,KEYS
2016-09-01 00:00:00-04:00,30.399999618530273,30.68000030517578,30.299999237060547,30.59000015258789,30.59000015258789,508800,0.0,0.0,KEYS
2016-09-02 00:00:00-04:00,30.760000228881836,30.899999618530273,30.399999618530273,30.440000534057617,30.440000534057617,727700,0.0,0.0,KEYS
2016-09-06 00:00:00-04:00,30.399999618530273,30.489999771118164,30.21500015258789,30.399999618530273,30.399999618530273,512200,0.0,0.0,KEYS
2016-09-07 00:00:00-04:00,30.350000381469727,30.719999313354492,30.31999969482422,30.399999618530273,30.399999618530273,610200,0.0,0.0,KEYS
2016-09-08 00:00:00-04:00,30.260000228881836,30.469999313354492,30.209999084472656,30.3700008392334,30.3700008392334,391100,0.0,0.0,KEYS
2016-09-09 00:00:00-04:00,30.219999313354492,30.309999465942383,29.520000457763672,29.530000686645508,29.530000686645508,721800,0.0,0.0,KEYS
2016-09-12 00:00:00-04:00,29.450000762939453,30.290000915527344,29.309999465942383,30.290000915527344,30.290000915527344,532000,0.0,0.0,KEYS
2016-09-13 00:00:00-04:00,29.950000762939453,30.0,29.459999084472656,29.780000686645508,29.780000686645508,769000,0.0,0.0,KEYS
2016-09-14 00:00:00-04:00,29.850000381469727,29.8700008392334,29.329999923706055,29.389999389648438,29.389999389648438,314000,0.0,0.0,KEYS
2016-09-15 00:00:00-04:00,29.34000015258789,30.079999923706055,29.290000915527344,29.979999542236328,29.979999542236328,359200,0.0,0.0,KEYS
2016-09-16 00:00:00-04:00,29.93000030517578,29.93000030517578,29.25,29.25,29.25,668900,0.0,0.0,KEYS
2016-09-19 00:00:00-04:00,29.84000015258789,30.940000534057617,29.84000015258789,30.649999618530273,30.649999618530273,1078200,0.0,0.0,KEYS
2016-09-20 00:00:00-04:00,30.8799991607666,31.1299991607666,30.440000534057617,30.65999984741211,30.65999984741211,578400,0.0,0.0,KEYS
2016-09-21 00:00:00-04:00,30.760000228881836,31.09000015258789,30.649999618530273,31.06999969482422,31.06999969482422,417100,0.0,0.0,KEYS
2016-09-22 00:00:00-04:00,31.100000381469727,31.7549991607666,31.084999084472656,31.639999389648438,31.639999389648438,567500,0.0,0.0,KEYS
2016-09-23 00:00:00-04:00,31.3799991607666,31.6200008392334,31.350000381469727,31.469999313354492,31.469999313354492,307500,0.0,0.0,KEYS
2016-09-26 00:00:00-04:00,31.18000030517578,31.260000228881836,30.8700008392334,30.969999313354492,30.969999313354492,332400,0.0,0.0,KEYS
2016-09-27 00:00:00-04:00,30.84000015258789,31.15999984741211,30.799999237060547,31.149999618530273,31.149999618530273,466100,0.0,0.0,KEYS
2016-09-28 00:00:00-04:00,31.260000228881836,31.760000228881836,31.1200008392334,31.75,31.75,379000,0.0,0.0,KEYS
2016-09-29 00:00:00-04:00,31.559999465942383,31.670000076293945,30.8799991607666,31.100000381469727,31.100000381469727,381200,0.0,0.0,KEYS
2016-09-30 00:00:00-04:00,31.139999389648438,31.799999237060547,31.100000381469727,31.690000534057617,31.690000534057617,404800,0.0,0.0,KEYS
2016-10-03 00:00:00-04:00,31.350000381469727,31.649999618530273,31.219999313354492,31.350000381469727,31.350000381469727,362500,0.0,0.0,KEYS
2016-10-04 00:00:00-04:00,31.420000076293945,31.8799991607666,31.079999923706055,31.280000686645508,31.280000686645508,298900,0.0,0.0,KEYS
2016-10-05 00:00:00-04:00,31.5,31.979999542236328,31.5,31.559999465942383,31.559999465942383,334300,0.0,0.0,KEYS
2016-10-06 00:00:00-04:00,31.440000534057617,31.549999237060547,31.110000610351562,31.540000915527344,31.540000915527344,327900,0.0,0.0,KEYS
2016-10-07 00:00:00-04:00,31.5,31.579999923706055,31.110000610351562,31.280000686645508,31.280000686645508,345800,0.0,0.0,KEYS
2016-10-10 00:00:00-04:00,31.520000457763672,31.920000076293945,31.350000381469727,31.40999984741211,31.40999984741211,193300,0.0,0.0,KEYS
2016-10-11 00:00:00-04:00,31.18000030517578,31.40999984741211,30.989999771118164,31.15999984741211,31.15999984741211,465800,0.0,0.0,KEYS
2016-10-12 00:00:00-04:00,31.260000228881836,31.270000457763672,31.010000228881836,31.25,31.25,404600,0.0,0.0,KEYS
2016-10-13 00:00:00-04:00,31.110000610351562,31.350000381469727,30.93000030517578,31.31999969482422,31.31999969482422,569400,0.0,0.0,KEYS
2016-10-14 00:00:00-04:00,31.469999313354492,31.719999313354492,31.31999969482422,31.600000381469727,31.600000381469727,568300,0.0,0.0,KEYS
2016-10-17 00:00:00-04:00,31.639999389648438,31.700000762939453,31.510000228881836,31.649999618530273,31.649999618530273,530800,0.0,0.0,KEYS
2016-10-18 00:00:00-04:00,31.940000534057617,31.989999771118164,31.760000228881836,31.940000534057617,31.940000534057617,507200,0.0,0.0,KEYS
2016-10-19 00:00:00-04:00,31.989999771118164,32.54999923706055,31.920000076293945,32.5099983215332,32.5099983215332,453700,0.0,0.0,KEYS
2016-10-20 00:00:00-04:00,32.5,32.7400016784668,32.43000030517578,32.65999984741211,32.65999984741211,1101000,0.0,0.0,KEYS
2016-10-21 00:00:00-04:00,32.400001525878906,32.56999969482422,32.27000045776367,32.4900016784668,32.4900016784668,1043900,0.0,0.0,KEYS
2016-10-24 00:00:00-04:00,32.779998779296875,33.119998931884766,32.5099983215332,33.04999923706055,33.04999923706055,365800,0.0,0.0,KEYS
2016-10-25 00:00:00-04:00,32.97999954223633,33.03200149536133,32.720001220703125,32.880001068115234,32.880001068115234,685800,0.0,0.0,KEYS
2016-10-26 00:00:00-04:00,32.7400016784668,33.04999923706055,32.52000045776367,32.75,32.75,494500,0.0,0.0,KEYS
2016-10-27 00:00:00-04:00,32.95000076293945,33.04999923706055,32.75,32.88999938964844,32.88999938964844,602000,0.0,0.0,KEYS
2016-10-28 00:00:00-04:00,32.90999984741211,33.13999938964844,32.70000076293945,32.810001373291016,32.810001373291016,336000,0.0,0.0,KEYS
2016-10-31 00:00:00-04:00,32.93000030517578,33.099998474121094,32.7599983215332,32.79999923706055,32.79999923706055,609600,0.0,0.0,KEYS
2016-11-01 00:00:00-04:00,32.939998626708984,33.0,32.369998931884766,32.65999984741211,32.65999984741211,487000,0.0,0.0,KEYS
2016-11-02 00:00:00-04:00,32.599998474121094,32.81999969482422,31.940000534057617,31.979999542236328,31.979999542236328,476400,0.0,0.0,KEYS
2016-11-03 00:00:00-04:00,32.0,32.060001373291016,31.809999465942383,31.979999542236328,31.979999542236328,425400,0.0,0.0,KEYS
2016-11-04 00:00:00-04:00,32.02000045776367,32.36000061035156,31.81999969482422,31.81999969482422,31.81999969482422,406000,0.0,0.0,KEYS
2016-11-07 00:00:00-05:00,32.20000076293945,33.2599983215332,32.09000015258789,33.2599983215332,33.2599983215332,731800,0.0,0.0,KEYS
2016-11-08 00:00:00-05:00,33.08000183105469,33.5,32.83100128173828,33.209999084472656,33.209999084472656,560800,0.0,0.0,KEYS
2016-11-09 00:00:00-05:00,32.66999816894531,33.779998779296875,32.630001068115234,33.779998779296875,33.779998779296875,624400,0.0,0.0,KEYS
2016-11-10 00:00:00-05:00,33.9900016784668,34.25,33.779998779296875,33.93000030517578,33.93000030517578,557600,0.0,0.0,KEYS
2016-11-11 00:00:00-05:00,33.779998779296875,34.59000015258789,33.779998779296875,34.56999969482422,34.56999969482422,434400,0.0,0.0,KEYS
2016-11-14 00:00:00-05:00,34.68000030517578,34.95000076293945,34.58000183105469,34.79999923706055,34.79999923706055,439800,0.0,0.0,KEYS
2016-11-15 00:00:00-05:00,34.75,35.31999969482422,34.611000061035156,35.130001068115234,35.130001068115234,547500,0.0,0.0,KEYS
2016-11-16 00:00:00-05:00,35.0,35.369998931884766,34.736000061035156,35.11000061035156,35.11000061035156,476800,0.0,0.0,KEYS
2016-11-17 00:00:00-05:00,35.0,35.58000183105469,35.0,35.220001220703125,35.220001220703125,737300,0.0,0.0,KEYS
2016-11-18 00:00:00-05:00,35.29999923706055,36.52000045776367,34.79100036621094,35.88999938964844,35.88999938964844,1035200,0.0,0.0,KEYS
2016-11-21 00:00:00-05:00,35.900001525878906,36.09000015258789,35.80500030517578,35.900001525878906,35.900001525878906,659200,0.0,0.0,KEYS
2016-11-22 00:00:00-05:00,35.900001525878906,36.599998474121094,35.84000015258789,36.599998474121094,36.599998474121094,754400,0.0,0.0,KEYS
2016-11-23 00:00:00-05:00,36.59000015258789,37.68000030517578,36.59000015258789,37.650001525878906,37.650001525878906,732500,0.0,0.0,KEYS
2016-11-25 00:00:00-05:00,37.650001525878906,38.279998779296875,37.61000061035156,38.2599983215332,38.2599983215332,345700,0.0,0.0,KEYS
2016-11-28 00:00:00-05:00,38.0,38.08000183105469,37.61000061035156,37.97999954223633,37.97999954223633,879800,0.0,0.0,KEYS
2016-11-29 00:00:00-05:00,37.900001525878906,37.97999954223633,37.25,37.2599983215332,37.2599983215332,634200,0.0,0.0,KEYS
2016-11-30 00:00:00-05:00,37.36000061035156,37.47999954223633,36.83000183105469,36.83000183105469,36.83000183105469,801200,0.0,0.0,KEYS
2016-12-01 00:00:00-05:00,36.900001525878906,36.900001525878906,35.349998474121094,35.4900016784668,35.4900016784668,1103100,0.0,0.0,KEYS
2016-12-02 00:00:00-05:00,35.540000915527344,35.83000183105469,35.22999954223633,35.349998474121094,35.349998474121094,1106600,0.0,0.0,KEYS
2016-12-05 00:00:00-05:00,35.560001373291016,36.09000015258789,35.560001373291016,35.84000015258789,35.84000015258789,695900,0.0,0.0,KEYS
2016-12-06 00:00:00-05:00,36.0,36.380001068115234,35.7599983215332,36.369998931884766,36.369998931884766,530700,0.0,0.0,KEYS
2016-12-07 00:00:00-05:00,36.33000183105469,36.70000076293945,35.959999084472656,36.630001068115234,36.630001068115234,528600,0.0,0.0,KEYS
2016-12-08 00:00:00-05:00,36.720001220703125,37.06999969482422,36.61000061035156,36.95000076293945,36.95000076293945,1205500,0.0,0.0,KEYS
2016-12-09 00:00:00-05:00,37.0,37.29999923706055,36.810001373291016,37.119998931884766,37.119998931884766,459400,0.0,0.0,KEYS
2016-12-12 00:00:00-05:00,36.900001525878906,37.220001220703125,36.709999084472656,37.119998931884766,37.119998931884766,446300,0.0,0.0,KEYS
2016-12-13 00:00:00-05:00,37.34000015258789,37.540000915527344,37.08000183105469,37.150001525878906,37.150001525878906,401000,0.0,0.0,KEYS
2016-12-14 00:00:00-05:00,37.0099983215332,37.220001220703125,36.310001373291016,36.349998474121094,36.349998474121094,763800,0.0,0.0,KEYS
2016-12-15 00:00:00-05:00,36.52000045776367,36.689998626708984,36.41999816894531,36.5099983215332,36.5099983215332,645800,0.0,0.0,KEYS
2016-12-16 00:00:00-05:00,36.56999969482422,36.7400016784668,36.279998779296875,36.29999923706055,36.29999923706055,2149900,0.0,0.0,KEYS
2016-12-19 00:00:00-05:00,36.20000076293945,36.47999954223633,35.78499984741211,35.88999938964844,35.88999938964844,741400,0.0,0.0,KEYS
2016-12-20 00:00:00-05:00,36.150001525878906,36.29999923706055,35.689998626708984,35.9900016784668,35.9900016784668,589500,0.0,0.0,KEYS
2016-12-21 00:00:00-05:00,36.09000015258789,36.40999984741211,36.0099983215332,36.150001525878906,36.150001525878906,381700,0.0,0.0,KEYS
2016-12-22 00:00:00-05:00,36.18000030517578,36.38999938964844,35.810001373291016,36.209999084472656,36.209999084472656,512700,0.0,0.0,KEYS
2016-12-23 00:00:00-05:00,36.33000183105469,36.88999938964844,36.33000183105469,36.869998931884766,36.869998931884766,299900,0.0,0.0,KEYS
2016-12-27 00:00:00-05:00,36.75,37.189998626708984,36.75,37.0,37.0,323000,0.0,0.0,KEYS
2016-12-28 00:00:00-05:00,37.060001373291016,37.08000183105469,36.25,36.459999084472656,36.459999084472656,544200,0.0,0.0,KEYS
2016-12-29 00:00:00-05:00,36.58000183105469,36.86000061035156,36.290000915527344,36.630001068115234,36.630001068115234,309400,0.0,0.0,KEYS
2016-12-30 00:00:00-05:00,36.880001068115234,36.95000076293945,36.31999969482422,36.56999969482422,36.56999969482422,476000,0.0,0.0,KEYS
2017-01-03 00:00:00-05:00,36.599998474121094,37.15999984741211,36.029998779296875,36.279998779296875,36.279998779296875,630900,0.0,0.0,KEYS
2017-01-04 00:00:00-05:00,36.25,37.18000030517578,36.25,36.880001068115234,36.880001068115234,693700,0.0,0.0,KEYS
2017-01-05 00:00:00-05:00,36.97999954223633,37.18000030517578,36.310001373291016,36.45000076293945,36.45000076293945,1206100,0.0,0.0,KEYS
2017-01-06 00:00:00-05:00,36.54999923706055,36.599998474121094,36.119998931884766,36.20000076293945,36.20000076293945,652900,0.0,0.0,KEYS
2017-01-09 00:00:00-05:00,36.130001068115234,36.369998931884766,35.900001525878906,36.099998474121094,36.099998474121094,916600,0.0,0.0,KEYS
2017-01-10 00:00:00-05:00,36.2599983215332,36.35499954223633,36.02000045776367,36.310001373291016,36.310001373291016,749100,0.0,0.0,KEYS
2017-01-11 00:00:00-05:00,36.2599983215332,36.619998931884766,36.130001068115234,36.5,36.5,574100,0.0,0.0,KEYS
2017-01-12 00:00:00-05:00,36.400001525878906,36.400001525878906,35.689998626708984,36.349998474121094,36.349998474121094,304500,0.0,0.0,KEYS
2017-01-13 00:00:00-05:00,36.52000045776367,36.9900016784668,36.5099983215332,36.93000030517578,36.93000030517578,349200,0.0,0.0,KEYS
2017-01-17 00:00:00-05:00,36.61000061035156,36.83000183105469,35.810001373291016,35.880001068115234,35.880001068115234,520400,0.0,0.0,KEYS
2017-01-18 00:00:00-05:00,35.95000076293945,36.38999938964844,35.72999954223633,35.900001525878906,35.900001525878906,470600,0.0,0.0,KEYS
2017-01-19 00:00:00-05:00,35.970001220703125,36.38999938964844,35.599998474121094,35.72999954223633,35.72999954223633,390900,0.0,0.0,KEYS
2017-01-20 00:00:00-05:00,35.880001068115234,36.16999816894531,35.7599983215332,36.15999984741211,36.15999984741211,439000,0.0,0.0,KEYS
2017-01-23 00:00:00-05:00,35.959999084472656,36.380001068115234,35.790000915527344,36.29999923706055,36.29999923706055,453800,0.0,0.0,KEYS
2017-01-24 00:00:00-05:00,36.349998474121094,37.0,36.189998626708984,36.95000076293945,36.95000076293945,423500,0.0,0.0,KEYS
2017-01-25 00:00:00-05:00,36.9900016784668,37.86000061035156,36.75,37.709999084472656,37.709999084472656,686400,0.0,0.0,KEYS
2017-01-26 00:00:00-05:00,37.65999984741211,37.680999755859375,37.150001525878906,37.2400016784668,37.2400016784668,544700,0.0,0.0,KEYS
2017-01-27 00:00:00-05:00,37.189998626708984,37.42599868774414,36.86000061035156,37.0099983215332,37.0099983215332,409400,0.0,0.0,KEYS
2017-01-30 00:00:00-05:00,37.560001373291016,37.560001373291016,36.5,36.9900016784668,36.9900016784668,1141400,0.0,0.0,KEYS
2017-01-31 00:00:00-05:00,36.779998779296875,37.16999816894531,36.310001373291016,37.06999969482422,37.06999969482422,778000,0.0,0.0,KEYS
2017-02-01 00:00:00-05:00,37.13999938964844,37.47999954223633,36.40999984741211,36.720001220703125,36.720001220703125,1514400,0.0,0.0,KEYS
2017-02-02 00:00:00-05:00,36.849998474121094,37.0,36.099998474121094,36.130001068115234,36.130001068115234,1459200,0.0,0.0,KEYS
2017-02-03 00:00:00-05:00,36.4900016784668,37.52000045776367,36.33000183105469,37.349998474121094,37.349998474121094,1703600,0.0,0.0,KEYS
2017-02-06 00:00:00-05:00,37.0,37.07699966430664,36.54999923706055,36.68000030517578,36.68000030517578,712100,0.0,0.0,KEYS
2017-02-07 00:00:00-05:00,36.81999969482422,37.189998626708984,36.43000030517578,36.56999969482422,36.56999969482422,865800,0.0,0.0,KEYS
2017-02-08 00:00:00-05:00,36.540000915527344,37.400001525878906,36.29999923706055,37.20000076293945,37.20000076293945,735800,0.0,0.0,KEYS
2017-02-09 00:00:00-05:00,37.220001220703125,37.47999954223633,36.970001220703125,36.9900016784668,36.9900016784668,627200,0.0,0.0,KEYS
2017-02-10 00:00:00-05:00,37.09000015258789,37.64500045776367,36.75,37.630001068115234,37.630001068115234,1516100,0.0,0.0,KEYS
2017-02-13 00:00:00-05:00,37.720001220703125,37.834999084472656,37.41999816894531,37.41999816894531,37.41999816894531,404300,0.0,0.0,KEYS
2017-02-14 00:00:00-05:00,37.22999954223633,37.599998474121094,37.04999923706055,37.45000076293945,37.45000076293945,512600,0.0,0.0,KEYS
2017-02-15 00:00:00-05:00,37.29999923706055,38.34000015258789,37.27000045776367,38.099998474121094,38.099998474121094,960900,0.0,0.0,KEYS
2017-02-16 00:00:00-05:00,38.150001525878906,38.470001220703125,37.84000015258789,38.220001220703125,38.220001220703125,832000,0.0,0.0,KEYS
2017-02-17 00:00:00-05:00,38.40999984741211,38.47999954223633,36.689998626708984,37.91999816894531,37.91999816894531,1050400,0.0,0.0,KEYS
2017-02-21 00:00:00-05:00,37.83000183105469,38.18000030517578,37.72999954223633,38.040000915527344,38.040000915527344,582600,0.0,0.0,KEYS
2017-02-22 00:00:00-05:00,37.939998626708984,38.150001525878906,37.84000015258789,38.119998931884766,38.119998931884766,480100,0.0,0.0,KEYS
2017-02-23 00:00:00-05:00,38.16999816894531,38.20000076293945,37.16999816894531,37.7599983215332,37.7599983215332,463600,0.0,0.0,KEYS
2017-02-24 00:00:00-05:00,37.349998474121094,37.7599983215332,37.29999923706055,37.54999923706055,37.54999923706055,626300,0.0,0.0,KEYS
2017-02-27 00:00:00-05:00,37.52000045776367,37.7400016784668,37.369998931884766,37.61000061035156,37.61000061035156,462000,0.0,0.0,KEYS
2017-02-28 00:00:00-05:00,37.470001220703125,37.70000076293945,37.15999984741211,37.599998474121094,37.599998474121094,905800,0.0,0.0,KEYS
2017-03-01 00:00:00-05:00,37.970001220703125,38.09000015258789,37.540000915527344,38.029998779296875,38.029998779296875,1136600,0.0,0.0,KEYS
2017-03-02 00:00:00-05:00,37.95000076293945,38.16999816894531,37.720001220703125,37.91999816894531,37.91999816894531,647500,0.0,0.0,KEYS
2017-03-03 00:00:00-05:00,37.86000061035156,38.369998931884766,37.779998779296875,38.279998779296875,38.279998779296875,623500,0.0,0.0,KEYS
2017-03-06 00:00:00-05:00,37.90999984741211,38.15999984741211,37.845001220703125,37.93000030517578,37.93000030517578,829600,0.0,0.0,KEYS
2017-03-07 00:00:00-05:00,37.86000061035156,38.27000045776367,37.720001220703125,37.900001525878906,37.900001525878906,519500,0.0,0.0,KEYS
2017-03-08 00:00:00-05:00,37.970001220703125,38.13999938964844,37.849998474121094,37.900001525878906,37.900001525878906,360400,0.0,0.0,KEYS
2017-03-09 00:00:00-05:00,37.81999969482422,38.06999969482422,37.78099822998047,38.02000045776367,38.02000045776367,361200,0.0,0.0,KEYS
2017-03-10 00:00:00-05:00,38.279998779296875,38.939998626708984,38.15999984741211,38.86000061035156,38.86000061035156,781100,0.0,0.0,KEYS
2017-03-13 00:00:00-04:00,38.790000915527344,38.90999984741211,38.349998474121094,38.439998626708984,38.439998626708984,504900,0.0,0.0,KEYS
2017-03-14 00:00:00-04:00,38.2400016784668,38.38999938964844,38.04999923706055,38.29999923706055,38.29999923706055,411300,0.0,0.0,KEYS
2017-03-15 00:00:00-04:00,38.459999084472656,39.150001525878906,38.29999923706055,39.060001373291016,39.060001373291016,642700,0.0,0.0,KEYS
2017-03-16 00:00:00-04:00,39.09000015258789,39.36000061035156,38.97999954223633,39.119998931884766,39.119998931884766,404200,0.0,0.0,KEYS
2017-03-17 00:00:00-04:00,39.189998626708984,39.2400016784668,38.79999923706055,39.02000045776367,39.02000045776367,1244900,0.0,0.0,KEYS
2017-03-20 00:00:00-04:00,39.11000061035156,39.11000061035156,38.70000076293945,38.75,38.75,681700,0.0,0.0,KEYS
2017-03-21 00:00:00-04:00,38.70000076293945,38.880001068115234,36.54999923706055,36.61000061035156,36.61000061035156,1103700,0.0,0.0,KEYS
2017-03-22 00:00:00-04:00,36.45000076293945,36.560001373291016,35.89500045776367,36.16999816894531,36.16999816894531,964500,0.0,0.0,KEYS
2017-03-23 00:00:00-04:00,35.5099983215332,37.5099983215332,35.5,37.20000076293945,37.20000076293945,9991600,0.0,0.0,KEYS
2017-03-24 00:00:00-04:00,37.20000076293945,37.349998474121094,36.665000915527344,36.810001373291016,36.810001373291016,1016100,0.0,0.0,KEYS
2017-03-27 00:00:00-04:00,36.189998626708984,36.59000015258789,36.01499938964844,36.52000045776367,36.52000045776367,989700,0.0,0.0,KEYS
2017-03-28 00:00:00-04:00,36.439998626708984,36.970001220703125,36.310001373291016,36.720001220703125,36.720001220703125,647200,0.0,0.0,KEYS
2017-03-29 00:00:00-04:00,36.68000030517578,36.68000030517578,36.34000015258789,36.369998931884766,36.369998931884766,777100,0.0,0.0,KEYS
2017-03-30 00:00:00-04:00,36.5,36.939998626708984,36.494998931884766,36.59000015258789,36.59000015258789,587500,0.0,0.0,KEYS
2017-03-31 00:00:00-04:00,36.599998474121094,36.619998931884766,36.119998931884766,36.13999938964844,36.13999938964844,1044700,0.0,0.0,KEYS
2017-04-03 00:00:00-04:00,36.2400016784668,36.4900016784668,35.90999984741211,36.20000076293945,36.20000076293945,835800,0.0,0.0,KEYS
2017-04-04 00:00:00-04:00,36.130001068115234,36.68000030517578,36.04999923706055,36.2400016784668,36.2400016784668,1112700,0.0,0.0,KEYS
2017-04-05 00:00:00-04:00,36.959999084472656,37.29999923706055,36.11000061035156,36.2599983215332,36.2599983215332,1506800,0.0,0.0,KEYS
2017-04-06 00:00:00-04:00,36.52000045776367,36.75,36.150001525878906,36.439998626708984,36.439998626708984,617500,0.0,0.0,KEYS
2017-04-07 00:00:00-04:00,36.22999954223633,36.459999084472656,35.7599983215332,35.939998626708984,35.939998626708984,736000,0.0,0.0,KEYS
2017-04-10 00:00:00-04:00,35.97999954223633,36.150001525878906,35.65999984741211,35.689998626708984,35.689998626708984,717600,0.0,0.0,KEYS
2017-04-11 00:00:00-04:00,35.599998474121094,35.810001373291016,35.25,35.790000915527344,35.790000915527344,794100,0.0,0.0,KEYS
2017-04-12 00:00:00-04:00,35.97999954223633,35.97999954223633,35.34000015258789,35.380001068115234,35.380001068115234,850100,0.0,0.0,KEYS
2017-04-13 00:00:00-04:00,35.369998931884766,35.790000915527344,35.05099868774414,35.29999923706055,35.29999923706055,778200,0.0,0.0,KEYS
2017-04-17 00:00:00-04:00,35.56999969482422,35.9900016784668,35.33000183105469,35.95000076293945,35.95000076293945,638500,0.0,0.0,KEYS
2017-04-18 00:00:00-04:00,35.849998474121094,35.9900016784668,35.52000045776367,35.77000045776367,35.77000045776367,742200,0.0,0.0,KEYS
2017-04-19 00:00:00-04:00,36.349998474121094,36.630001068115234,35.98099899291992,36.619998931884766,36.619998931884766,931800,0.0,0.0,KEYS
2017-04-20 00:00:00-04:00,36.810001373291016,36.869998931884766,36.2400016784668,36.70000076293945,36.70000076293945,832100,0.0,0.0,KEYS
2017-04-21 00:00:00-04:00,36.619998931884766,36.65999984741211,35.869998931884766,35.880001068115234,35.880001068115234,627500,0.0,0.0,KEYS
2017-04-24 00:00:00-04:00,36.43000030517578,37.029998779296875,36.209999084472656,37.0099983215332,37.0099983215332,1302700,0.0,0.0,KEYS
2017-04-25 00:00:00-04:00,37.29999923706055,37.869998931884766,37.13999938964844,37.75,37.75,693700,0.0,0.0,KEYS
2017-04-26 00:00:00-04:00,37.720001220703125,38.13999938964844,37.65999984741211,37.849998474121094,37.849998474121094,624000,0.0,0.0,KEYS
2017-04-27 00:00:00-04:00,37.93000030517578,38.165000915527344,37.75,37.97999954223633,37.97999954223633,609300,0.0,0.0,KEYS
2017-04-28 00:00:00-04:00,38.040000915527344,38.099998474121094,37.36000061035156,37.43000030517578,37.43000030517578,988300,0.0,0.0,KEYS
2017-05-01 00:00:00-04:00,37.54999923706055,37.849998474121094,37.45000076293945,37.77000045776367,37.77000045776367,415800,0.0,0.0,KEYS
2017-05-02 00:00:00-04:00,37.84000015258789,38.09000015258789,37.61000061035156,37.880001068115234,37.880001068115234,642600,0.0,0.0,KEYS
2017-05-03 00:00:00-04:00,37.689998626708984,38.290000915527344,37.43000030517578,38.13999938964844,38.13999938964844,985800,0.0,0.0,KEYS
2017-05-04 00:00:00-04:00,38.279998779296875,38.58000183105469,38.22999954223633,38.45000076293945,38.45000076293945,634900,0.0,0.0,KEYS
2017-05-05 00:00:00-04:00,38.5,38.91999816894531,38.34000015258789,38.91999816894531,38.91999816894531,730700,0.0,0.0,KEYS
2017-05-08 00:00:00-04:00,38.95000076293945,39.290000915527344,38.64500045776367,39.040000915527344,39.040000915527344,638400,0.0,0.0,KEYS
2017-05-09 00:00:00-04:00,39.02000045776367,39.29999923706055,38.90999984741211,39.130001068115234,39.130001068115234,523500,0.0,0.0,KEYS
2017-05-10 00:00:00-04:00,38.97999954223633,39.30500030517578,38.90999984741211,39.209999084472656,39.209999084472656,500700,0.0,0.0,KEYS
2017-05-11 00:00:00-04:00,38.959999084472656,39.08000183105469,38.59000015258789,39.08000183105469,39.08000183105469,399400,0.0,0.0,KEYS
2017-05-12 00:00:00-04:00,39.0,39.0099983215332,38.720001220703125,38.97999954223633,38.97999954223633,440200,0.0,0.0,KEYS
2017-05-15 00:00:00-04:00,38.97999954223633,39.4900016784668,38.95500183105469,39.22999954223633,39.22999954223633,478600,0.0,0.0,KEYS
2017-05-16 00:00:00-04:00,39.29999923706055,39.29999923706055,38.869998931884766,39.08000183105469,39.08000183105469,523200,0.0,0.0,KEYS
2017-05-17 00:00:00-04:00,39.08000183105469,39.08000183105469,37.7599983215332,37.84000015258789,37.84000015258789,1068500,0.0,0.0,KEYS
2017-05-18 00:00:00-04:00,37.650001525878906,37.650001525878906,37.099998474121094,37.45000076293945,37.45000076293945,830500,0.0,0.0,KEYS
2017-05-19 00:00:00-04:00,37.4900016784668,37.93000030517578,37.459999084472656,37.4900016784668,37.4900016784668,764200,0.0,0.0,KEYS
2017-05-22 00:00:00-04:00,37.599998474121094,37.744998931884766,37.22999954223633,37.63999938964844,37.63999938964844,813500,0.0,0.0,KEYS
2017-05-23 00:00:00-04:00,37.7599983215332,37.84000015258789,37.40999984741211,37.560001373291016,37.560001373291016,362000,0.0,0.0,KEYS
2017-05-24 00:00:00-04:00,37.61000061035156,38.11000061035156,37.54999923706055,38.06999969482422,38.06999969482422,715800,0.0,0.0,KEYS
2017-05-25 00:00:00-04:00,38.20000076293945,38.400001525878906,38.0099983215332,38.2400016784668,38.2400016784668,424200,0.0,0.0,KEYS
2017-05-26 00:00:00-04:00,38.16999816894531,38.560001373291016,37.9900016784668,38.36000061035156,38.36000061035156,491500,0.0,0.0,KEYS
2017-05-30 00:00:00-04:00,38.54999923706055,39.290000915527344,38.5,39.099998474121094,39.099998474121094,789600,0.0,0.0,KEYS
2017-05-31 00:00:00-04:00,39.09000015258789,39.13999938964844,38.290000915527344,38.63999938964844,38.63999938964844,781900,0.0,0.0,KEYS
2017-06-01 00:00:00-04:00,39.0,39.220001220703125,38.77000045776367,39.08000183105469,39.08000183105469,1284000,0.0,0.0,KEYS
2017-06-02 00:00:00-04:00,39.33000183105469,39.95000076293945,39.209999084472656,39.7599983215332,39.7599983215332,1473200,0.0,0.0,KEYS
2017-06-05 00:00:00-04:00,39.70000076293945,40.119998931884766,39.650001525878906,39.91999816894531,39.91999816894531,727400,0.0,0.0,KEYS
2017-06-06 00:00:00-04:00,39.93000030517578,40.75,39.65999984741211,40.25,40.25,1963500,0.0,0.0,KEYS
2017-06-07 00:00:00-04:00,41.849998474121094,41.9900016784668,38.130001068115234,38.619998931884766,38.619998931884766,3192700,0.0,0.0,KEYS
2017-06-08 00:00:00-04:00,38.43000030517578,38.970001220703125,37.81999969482422,38.29999923706055,38.29999923706055,1446500,0.0,0.0,KEYS
2017-06-09 00:00:00-04:00,38.290000915527344,38.54999923706055,37.08000183105469,37.63999938964844,37.63999938964844,1508500,0.0,0.0,KEYS
2017-06-12 00:00:00-04:00,37.59000015258789,37.599998474121094,36.40999984741211,37.0,37.0,1294400,0.0,0.0,KEYS
2017-06-13 00:00:00-04:00,37.2599983215332,37.2599983215332,36.369998931884766,36.599998474121094,36.599998474121094,1096800,0.0,0.0,KEYS
2017-06-14 00:00:00-04:00,36.86000061035156,36.94599914550781,35.97999954223633,36.34000015258789,36.34000015258789,865500,0.0,0.0,KEYS
2017-06-15 00:00:00-04:00,36.09000015258789,36.68000030517578,35.619998931884766,36.529998779296875,36.529998779296875,1401600,0.0,0.0,KEYS
2017-06-16 00:00:00-04:00,37.900001525878906,38.459999084472656,37.310001373291016,37.97999954223633,37.97999954223633,3014600,0.0,0.0,KEYS
2017-06-19 00:00:00-04:00,38.099998474121094,38.400001525878906,37.709999084472656,37.9900016784668,37.9900016784668,1133100,0.0,0.0,KEYS
2017-06-20 00:00:00-04:00,37.90999984741211,38.029998779296875,37.619998931884766,37.95000076293945,37.95000076293945,1333800,0.0,0.0,KEYS
2017-06-21 00:00:00-04:00,37.959999084472656,38.099998474121094,37.72999954223633,37.849998474121094,37.849998474121094,1182600,0.0,0.0,KEYS
2017-06-22 00:00:00-04:00,37.810001373291016,38.209999084472656,37.52000045776367,38.099998474121094,38.099998474121094,1545600,0.0,0.0,KEYS
2017-06-23 00:00:00-04:00,38.099998474121094,38.68000030517578,38.060001373291016,38.279998779296875,38.279998779296875,2239900,0.0,0.0,KEYS
2017-06-26 00:00:00-04:00,38.33000183105469,38.59000015258789,38.02000045776367,38.16999816894531,38.16999816894531,904700,0.0,0.0,KEYS
2017-06-27 00:00:00-04:00,38.150001525878906,38.630001068115234,37.959999084472656,38.33000183105469,38.33000183105469,1697300,0.0,0.0,KEYS
2017-06-28 00:00:00-04:00,38.599998474121094,39.08000183105469,38.5099983215332,38.959999084472656,38.959999084472656,2516800,0.0,0.0,KEYS
2017-06-29 00:00:00-04:00,39.04999923706055,39.060001373291016,37.89500045776367,38.599998474121094,38.599998474121094,2745500,0.0,0.0,KEYS
2017-06-30 00:00:00-04:00,38.560001373291016,39.099998474121094,38.4900016784668,38.93000030517578,38.93000030517578,1799300,0.0,0.0,KEYS
2017-07-03 00:00:00-04:00,39.099998474121094,39.29999923706055,38.689998626708984,38.709999084472656,38.709999084472656,669900,0.0,0.0,KEYS
2017-07-05 00:00:00-04:00,38.689998626708984,39.290000915527344,38.599998474121094,39.150001525878906,39.150001525878906,1188500,0.0,0.0,KEYS
2017-07-06 00:00:00-04:00,39.02000045776367,39.18000030517578,38.5099983215332,38.689998626708984,38.689998626708984,1677600,0.0,0.0,KEYS
2017-07-07 00:00:00-04:00,38.880001068115234,40.09000015258789,38.76499938964844,40.06999969482422,40.06999969482422,1653000,0.0,0.0,KEYS
2017-07-10 00:00:00-04:00,39.939998626708984,40.619998931884766,39.66999816894531,40.4900016784668,40.4900016784668,1543800,0.0,0.0,KEYS
2017-07-11 00:00:00-04:00,40.459999084472656,40.47999954223633,39.939998626708984,40.34000015258789,40.34000015258789,1477200,0.0,0.0,KEYS
2017-07-12 00:00:00-04:00,40.63999938964844,40.959999084472656,40.63999938964844,40.95000076293945,40.95000076293945,921500,0.0,0.0,KEYS
2017-07-13 00:00:00-04:00,40.93000030517578,41.459999084472656,40.7400016784668,41.31999969482422,41.31999969482422,961700,0.0,0.0,KEYS
2017-07-14 00:00:00-04:00,41.22999954223633,41.724998474121094,41.150001525878906,41.61000061035156,41.61000061035156,779400,0.0,0.0,KEYS
2017-07-17 00:00:00-04:00,41.65999984741211,42.08000183105469,41.400001525878906,41.95000076293945,41.95000076293945,1480800,0.0,0.0,KEYS
2017-07-18 00:00:00-04:00,41.720001220703125,42.02000045776367,41.525001525878906,41.70000076293945,41.70000076293945,970700,0.0,0.0,KEYS
2017-07-19 00:00:00-04:00,41.75,42.189998626708984,41.72999954223633,41.939998626708984,41.939998626708984,1064200,0.0,0.0,KEYS
2017-07-20 00:00:00-04:00,41.900001525878906,41.9900016784668,41.65999984741211,41.79999923706055,41.79999923706055,570000,0.0,0.0,KEYS
2017-07-21 00:00:00-04:00,41.59000015258789,42.150001525878906,41.22999954223633,41.970001220703125,41.970001220703125,549100,0.0,0.0,KEYS
2017-07-24 00:00:00-04:00,42.060001373291016,42.56999969482422,41.83000183105469,42.5,42.5,890000,0.0,0.0,KEYS
2017-07-25 00:00:00-04:00,42.630001068115234,42.93000030517578,42.470001220703125,42.83000183105469,42.83000183105469,1054200,0.0,0.0,KEYS
2017-07-26 00:00:00-04:00,42.810001373291016,42.97999954223633,42.25,42.529998779296875,42.529998779296875,347800,0.0,0.0,KEYS
2017-07-27 00:00:00-04:00,42.63999938964844,42.88999938964844,41.54499816894531,42.220001220703125,42.220001220703125,551200,0.0,0.0,KEYS
2017-07-28 00:00:00-04:00,42.04999923706055,42.31999969482422,41.83000183105469,41.91999816894531,41.91999816894531,395600,0.0,0.0,KEYS
2017-07-31 00:00:00-04:00,41.97999954223633,42.02000045776367,41.58000183105469,41.59000015258789,41.59000015258789,466100,0.0,0.0,KEYS
2017-08-01 00:00:00-04:00,41.90999984741211,42.04999923706055,41.7400016784668,41.9900016784668,41.9900016784668,595300,0.0,0.0,KEYS
2017-08-02 00:00:00-04:00,42.09000015258789,42.09000015258789,40.849998474121094,41.689998626708984,41.689998626708984,692600,0.0,0.0,KEYS
2017-08-03 00:00:00-04:00,41.77000045776367,41.95000076293945,41.38999938964844,41.650001525878906,41.650001525878906,365500,0.0,0.0,KEYS
2017-08-04 00:00:00-04:00,41.7599983215332,42.0,41.56999969482422,41.880001068115234,41.880001068115234,481400,0.0,0.0,KEYS
2017-08-07 00:00:00-04:00,41.88999938964844,42.95000076293945,41.84000015258789,42.84000015258789,42.84000015258789,1095000,0.0,0.0,KEYS
2017-08-08 00:00:00-04:00,42.689998626708984,43.150001525878906,42.459999084472656,42.75,42.75,723600,0.0,0.0,KEYS
2017-08-09 00:00:00-04:00,42.5,42.630001068115234,42.150001525878906,42.290000915527344,42.290000915527344,343900,0.0,0.0,KEYS
2017-08-10 00:00:00-04:00,42.04999923706055,42.08399963378906,41.119998931884766,41.25,41.25,422300,0.0,0.0,KEYS
2017-08-11 00:00:00-04:00,41.099998474121094,41.869998931884766,41.0,41.4900016784668,41.4900016784668,375600,0.0,0.0,KEYS
2017-08-14 00:00:00-04:00,41.779998779296875,42.06999969482422,41.63999938964844,41.779998779296875,41.779998779296875,390700,0.0,0.0,KEYS
2017-08-15 00:00:00-04:00,41.939998626708984,42.0,41.529998779296875,41.58000183105469,41.58000183105469,433200,0.0,0.0,KEYS
2017-08-16 00:00:00-04:00,41.68000030517578,41.79999923706055,41.459999084472656,41.790000915527344,41.790000915527344,640500,0.0,0.0,KEYS
2017-08-17 00:00:00-04:00,41.54999923706055,41.68000030517578,40.79999923706055,40.83000183105469,40.83000183105469,397400,0.0,0.0,KEYS
2017-08-18 00:00:00-04:00,40.68000030517578,40.83000183105469,40.380001068115234,40.38999938964844,40.38999938964844,713800,0.0,0.0,KEYS
2017-08-21 00:00:00-04:00,40.369998931884766,40.470001220703125,39.7599983215332,39.91999816894531,39.91999816894531,769400,0.0,0.0,KEYS
2017-08-22 00:00:00-04:00,39.97999954223633,40.400001525878906,39.900001525878906,40.290000915527344,40.290000915527344,884600,0.0,0.0,KEYS
2017-08-23 00:00:00-04:00,40.029998779296875,40.25,39.40999984741211,39.43000030517578,39.43000030517578,2017500,0.0,0.0,KEYS
2017-08-24 00:00:00-04:00,39.75,40.02000045776367,39.56999969482422,39.7599983215332,39.7599983215332,1071900,0.0,0.0,KEYS
2017-08-25 00:00:00-04:00,39.9900016784668,40.130001068115234,39.599998474121094,39.81999969482422,39.81999969482422,917300,0.0,0.0,KEYS
2017-08-28 00:00:00-04:00,39.939998626708984,39.970001220703125,39.58000183105469,39.86000061035156,39.86000061035156,1168200,0.0,0.0,KEYS
2017-08-29 00:00:00-04:00,39.540000915527344,39.720001220703125,39.209999084472656,39.45000076293945,39.45000076293945,733500,0.0,0.0,KEYS
2017-08-30 00:00:00-04:00,39.45000076293945,40.27000045776367,39.310001373291016,40.20000076293945,40.20000076293945,885300,0.0,0.0,KEYS
2017-08-31 00:00:00-04:00,40.25,40.97999954223633,40.25,40.86000061035156,40.86000061035156,1713500,0.0,0.0,KEYS
2017-09-01 00:00:00-04:00,40.810001373291016,40.810001373291016,40.130001068115234,40.54999923706055,40.54999923706055,1257800,0.0,0.0,KEYS
2017-09-05 00:00:00-04:00,40.470001220703125,40.560001373291016,39.810001373291016,39.970001220703125,39.970001220703125,690100,0.0,0.0,KEYS
2017-09-06 00:00:00-04:00,40.08000183105469,40.189998626708984,39.900001525878906,40.11000061035156,40.11000061035156,477400,0.0,0.0,KEYS
2017-09-07 00:00:00-04:00,40.08000183105469,40.209999084472656,39.959999084472656,40.08000183105469,40.08000183105469,675800,0.0,0.0,KEYS
2017-09-08 00:00:00-04:00,40.04999923706055,40.1150016784668,39.58000183105469,39.619998931884766,39.619998931884766,550900,0.0,0.0,KEYS
2017-09-11 00:00:00-04:00,40.060001373291016,40.249000549316406,39.84000015258789,39.9900016784668,39.9900016784668,704000,0.0,0.0,KEYS
2017-09-12 00:00:00-04:00,40.150001525878906,40.599998474121094,39.97999954223633,40.599998474121094,40.599998474121094,519900,0.0,0.0,KEYS
2017-09-13 00:00:00-04:00,40.529998779296875,40.869998931884766,40.279998779296875,40.70000076293945,40.70000076293945,698600,0.0,0.0,KEYS
2017-09-14 00:00:00-04:00,40.65999984741211,41.0099983215332,40.525001525878906,40.95000076293945,40.95000076293945,677300,0.0,0.0,KEYS
2017-09-15 00:00:00-04:00,41.029998779296875,41.43000030517578,40.96500015258789,41.369998931884766,41.369998931884766,1329800,0.0,0.0,KEYS
2017-09-18 00:00:00-04:00,41.459999084472656,41.63999938964844,41.27000045776367,41.619998931884766,41.619998931884766,420900,0.0,0.0,KEYS
2017-09-19 00:00:00-04:00,41.63999938964844,41.63999938964844,41.209999084472656,41.33000183105469,41.33000183105469,1216200,0.0,0.0,KEYS
2017-09-20 00:00:00-04:00,41.310001373291016,41.32500076293945,40.56999969482422,40.58000183105469,40.58000183105469,521200,0.0,0.0,KEYS
2017-09-21 00:00:00-04:00,40.599998474121094,40.7400016784668,40.209999084472656,40.59000015258789,40.59000015258789,576500,0.0,0.0,KEYS
2017-09-22 00:00:00-04:00,40.5,40.7400016784668,40.41999816894531,40.5,40.5,312800,0.0,0.0,KEYS
2017-09-25 00:00:00-04:00,40.31999969482422,40.41999816894531,39.70000076293945,39.95000076293945,39.95000076293945,771300,0.0,0.0,KEYS
2017-09-26 00:00:00-04:00,40.119998931884766,40.34000015258789,39.540000915527344,39.7599983215332,39.7599983215332,509600,0.0,0.0,KEYS
2017-09-27 00:00:00-04:00,40.08000183105469,40.93000030517578,40.02000045776367,40.84000015258789,40.84000015258789,535500,0.0,0.0,KEYS
2017-09-28 00:00:00-04:00,40.68000030517578,41.380001068115234,40.68000030517578,41.369998931884766,41.369998931884766,581800,0.0,0.0,KEYS
2017-09-29 00:00:00-04:00,41.380001068115234,41.72999954223633,41.31999969482422,41.65999984741211,41.65999984741211,771400,0.0,0.0,KEYS
2017-10-02 00:00:00-04:00,41.68000030517578,42.22999954223633,41.54999923706055,42.209999084472656,42.209999084472656,688600,0.0,0.0,KEYS
2017-10-03 00:00:00-04:00,42.18000030517578,42.439998626708984,41.63999938964844,42.25,42.25,732300,0.0,0.0,KEYS
2017-10-04 00:00:00-04:00,42.16999816894531,42.599998474121094,42.060001373291016,42.54999923706055,42.54999923706055,1436000,0.0,0.0,KEYS
2017-10-05 00:00:00-04:00,42.650001525878906,42.650001525878906,41.95000076293945,42.0099983215332,42.0099983215332,477900,0.0,0.0,KEYS
2017-10-06 00:00:00-04:00,41.810001373291016,42.099998474121094,41.685001373291016,41.79999923706055,41.79999923706055,489900,0.0,0.0,KEYS
2017-10-09 00:00:00-04:00,41.79999923706055,41.8849983215332,41.459999084472656,41.7599983215332,41.7599983215332,349800,0.0,0.0,KEYS
2017-10-10 00:00:00-04:00,41.790000915527344,42.29499816894531,41.7599983215332,42.16999816894531,42.16999816894531,403900,0.0,0.0,KEYS
2017-10-11 00:00:00-04:00,42.119998931884766,42.369998931884766,41.869998931884766,42.369998931884766,42.369998931884766,344400,0.0,0.0,KEYS
2017-10-12 00:00:00-04:00,42.31999969482422,42.63999938964844,42.220001220703125,42.529998779296875,42.529998779296875,378200,0.0,0.0,KEYS
2017-10-13 00:00:00-04:00,42.52000045776367,42.849998474121094,42.38999938964844,42.720001220703125,42.720001220703125,492300,0.0,0.0,KEYS
2017-10-16 00:00:00-04:00,42.810001373291016,42.81999969482422,42.28499984741211,42.5,42.5,676600,0.0,0.0,KEYS
2017-10-17 00:00:00-04:00,42.47999954223633,42.9900016784668,42.279998779296875,42.5,42.5,841400,0.0,0.0,KEYS
2017-10-18 00:00:00-04:00,42.63999938964844,42.959999084472656,42.5,42.849998474121094,42.849998474121094,455100,0.0,0.0,KEYS
2017-10-19 00:00:00-04:00,42.650001525878906,42.86000061035156,42.400001525878906,42.75,42.75,292400,0.0,0.0,KEYS
2017-10-20 00:00:00-04:00,43.02000045776367,43.189998626708984,42.84000015258789,42.86000061035156,42.86000061035156,436900,0.0,0.0,KEYS
2017-10-23 00:00:00-04:00,42.939998626708984,42.9900016784668,42.5,42.529998779296875,42.529998779296875,314400,0.0,0.0,KEYS
2017-10-24 00:00:00-04:00,42.52000045776367,43.0,42.43000030517578,42.9900016784668,42.9900016784668,354600,0.0,0.0,KEYS
2017-10-25 00:00:00-04:00,43.0,43.2400016784668,42.529998779296875,43.06999969482422,43.06999969482422,806700,0.0,0.0,KEYS
2017-10-26 00:00:00-04:00,43.15999984741211,43.31999969482422,42.790000915527344,42.9900016784668,42.9900016784668,631200,0.0,0.0,KEYS
2017-10-27 00:00:00-04:00,42.9900016784668,44.290000915527344,42.93000030517578,44.290000915527344,44.290000915527344,854000,0.0,0.0,KEYS
2017-10-30 00:00:00-04:00,44.0,44.33000183105469,43.7400016784668,44.25,44.25,788900,0.0,0.0,KEYS
2017-10-31 00:00:00-04:00,44.310001373291016,44.790000915527344,44.28099822998047,44.66999816894531,44.66999816894531,759900,0.0,0.0,KEYS
2017-11-01 00:00:00-04:00,44.84000015258789,44.939998626708984,44.54999923706055,44.56999969482422,44.56999969482422,519400,0.0,0.0,KEYS
2017-11-02 00:00:00-04:00,44.43000030517578,44.7599983215332,44.040000915527344,44.36000061035156,44.36000061035156,578900,0.0,0.0,KEYS
2017-11-03 00:00:00-04:00,44.369998931884766,44.86000061035156,44.33000183105469,44.779998779296875,44.779998779296875,821600,0.0,0.0,KEYS
2017-11-06 00:00:00-05:00,44.7599983215332,45.10499954223633,44.11000061035156,45.08000183105469,45.08000183105469,700400,0.0,0.0,KEYS
2017-11-07 00:00:00-05:00,44.97999954223633,45.650001525878906,44.900001525878906,45.40999984741211,45.40999984741211,827100,0.0,0.0,KEYS
2017-11-08 00:00:00-05:00,45.18000030517578,45.5099983215332,45.18000030517578,45.38999938964844,45.38999938964844,830400,0.0,0.0,KEYS
2017-11-09 00:00:00-05:00,45.09000015258789,45.189998626708984,44.2400016784668,44.47999954223633,44.47999954223633,517100,0.0,0.0,KEYS
2017-11-10 00:00:00-05:00,44.279998779296875,44.70500183105469,44.189998626708984,44.560001373291016,44.560001373291016,417800,0.0,0.0,KEYS
2017-11-13 00:00:00-05:00,44.279998779296875,44.5,44.185001373291016,44.31999969482422,44.31999969482422,883900,0.0,0.0,KEYS
2017-11-14 00:00:00-05:00,44.11000061035156,44.29999923706055,43.869998931884766,44.0,44.0,456400,0.0,0.0,KEYS
2017-11-15 00:00:00-05:00,43.720001220703125,43.7599983215332,43.470001220703125,43.58000183105469,43.58000183105469,527400,0.0,0.0,KEYS
2017-11-16 00:00:00-05:00,43.72999954223633,44.040000915527344,43.56999969482422,43.900001525878906,43.900001525878906,549900,0.0,0.0,KEYS
2017-11-17 00:00:00-05:00,43.83000183105469,44.0099983215332,43.61000061035156,43.619998931884766,43.619998931884766,435300,0.0,0.0,KEYS
2017-11-20 00:00:00-05:00,43.68000030517578,44.040000915527344,43.68000030517578,44.0099983215332,44.0099983215332,997000,0.0,0.0,KEYS
2017-11-21 00:00:00-05:00,44.16999816894531,45.150001525878906,44.16999816894531,45.150001525878906,45.150001525878906,578500,0.0,0.0,KEYS
2017-11-22 00:00:00-05:00,45.33000183105469,45.35499954223633,45.04499816894531,45.189998626708984,45.189998626708984,379800,0.0,0.0,KEYS
2017-11-24 00:00:00-05:00,45.29999923706055,45.459999084472656,45.15999984741211,45.34000015258789,45.34000015258789,154000,0.0,0.0,KEYS
2017-11-27 00:00:00-05:00,45.220001220703125,45.31999969482422,44.810001373291016,44.880001068115234,44.880001068115234,694100,0.0,0.0,KEYS
2017-11-28 00:00:00-05:00,45.029998779296875,45.03499984741211,44.650001525878906,44.709999084472656,44.709999084472656,1309000,0.0,0.0,KEYS
2017-11-29 00:00:00-05:00,44.63999938964844,44.689998626708984,43.02000045776367,43.099998474121094,43.099998474121094,921500,0.0,0.0,KEYS
2017-11-30 00:00:00-05:00,43.15999984741211,43.939998626708984,42.72999954223633,43.5,43.5,1440600,0.0,0.0,KEYS
2017-12-01 00:00:00-05:00,43.369998931884766,43.470001220703125,42.5,43.459999084472656,43.459999084472656,584500,0.0,0.0,KEYS
2017-12-04 00:00:00-05:00,43.70000076293945,43.869998931884766,41.84000015258789,41.900001525878906,41.900001525878906,787400,0.0,0.0,KEYS
2017-12-05 00:00:00-05:00,42.0,42.59000015258789,41.959999084472656,42.189998626708984,42.189998626708984,949100,0.0,0.0,KEYS
2017-12-06 00:00:00-05:00,42.060001373291016,42.22999954223633,41.68000030517578,42.08000183105469,42.08000183105469,1149900,0.0,0.0,KEYS
2017-12-07 00:00:00-05:00,44.5,45.08000183105469,42.279998779296875,42.720001220703125,42.720001220703125,2120700,0.0,0.0,KEYS
2017-12-08 00:00:00-05:00,42.790000915527344,43.560001373291016,42.2599983215332,43.349998474121094,43.349998474121094,1803100,0.0,0.0,KEYS
2017-12-11 00:00:00-05:00,43.220001220703125,43.349998474121094,42.13999938964844,42.22999954223633,42.22999954223633,799900,0.0,0.0,KEYS
2017-12-12 00:00:00-05:00,42.34000015258789,42.34000015258789,41.84000015258789,42.029998779296875,42.029998779296875,720800,0.0,0.0,KEYS
2017-12-13 00:00:00-05:00,41.81999969482422,42.369998931884766,41.75,41.81999969482422,41.81999969482422,606300,0.0,0.0,KEYS
2017-12-14 00:00:00-05:00,41.84000015258789,42.45000076293945,41.84000015258789,42.22999954223633,42.22999954223633,1227500,0.0,0.0,KEYS
2017-12-15 00:00:00-05:00,41.77000045776367,42.880001068115234,41.77000045776367,42.68000030517578,42.68000030517578,1652900,0.0,0.0,KEYS
2017-12-18 00:00:00-05:00,42.91999816894531,43.18000030517578,42.77000045776367,43.04999923706055,43.04999923706055,600100,0.0,0.0,KEYS
2017-12-19 00:00:00-05:00,43.02000045776367,43.40999984741211,42.97999954223633,43.0,43.0,740600,0.0,0.0,KEYS
2017-12-20 00:00:00-05:00,43.22999954223633,43.29999923706055,42.689998626708984,42.93000030517578,42.93000030517578,490600,0.0,0.0,KEYS
2017-12-21 00:00:00-05:00,42.90999984741211,43.11000061035156,42.59000015258789,42.619998931884766,42.619998931884766,554100,0.0,0.0,KEYS
2017-12-22 00:00:00-05:00,42.56999969482422,42.599998474121094,41.66999816894531,42.06999969482422,42.06999969482422,443600,0.0,0.0,KEYS
2017-12-26 00:00:00-05:00,41.86000061035156,42.0,41.56999969482422,41.599998474121094,41.599998474121094,237800,0.0,0.0,KEYS
2017-12-27 00:00:00-05:00,41.560001373291016,41.75,41.33000183105469,41.540000915527344,41.540000915527344,337400,0.0,0.0,KEYS
2017-12-28 00:00:00-05:00,41.75,42.2400016784668,41.529998779296875,42.18000030517578,42.18000030517578,580900,0.0,0.0,KEYS
2017-12-29 00:00:00-05:00,42.18000030517578,42.479000091552734,41.529998779296875,41.599998474121094,41.599998474121094,634400,0.0,0.0,KEYS
2018-01-02 00:00:00-05:00,41.900001525878906,42.290000915527344,41.595001220703125,42.150001525878906,42.150001525878906,656000,0.0,0.0,KEYS
2018-01-03 00:00:00-05:00,42.150001525878906,42.83000183105469,42.040000915527344,42.75,42.75,606400,0.0,0.0,KEYS
2018-01-04 00:00:00-05:00,42.91999816894531,43.20000076293945,42.5099983215332,42.959999084472656,42.959999084472656,779300,0.0,0.0,KEYS
2018-01-05 00:00:00-05:00,43.310001373291016,44.119998931884766,43.029998779296875,43.91999816894531,43.91999816894531,1200200,0.0,0.0,KEYS
2018-01-08 00:00:00-05:00,44.04999923706055,44.709999084472656,43.97999954223633,44.56999969482422,44.56999969482422,869700,0.0,0.0,KEYS
2018-01-09 00:00:00-05:00,44.70000076293945,45.779998779296875,44.6349983215332,45.150001525878906,45.150001525878906,1105400,0.0,0.0,KEYS
2018-01-10 00:00:00-05:00,45.04999923706055,45.099998474121094,44.290000915527344,44.34000015258789,44.34000015258789,846400,0.0,0.0,KEYS
2018-01-11 00:00:00-05:00,44.400001525878906,44.939998626708984,44.279998779296875,44.91999816894531,44.91999816894531,482300,0.0,0.0,KEYS
2018-01-12 00:00:00-05:00,44.970001220703125,45.08000183105469,44.63999938964844,44.81999969482422,44.81999969482422,505300,0.0,0.0,KEYS
2018-01-16 00:00:00-05:00,45.040000915527344,45.15999984741211,44.470001220703125,44.75,44.75,695100,0.0,0.0,KEYS
2018-01-17 00:00:00-05:00,44.970001220703125,46.02000045776367,44.86000061035156,46.0099983215332,46.0099983215332,752400,0.0,0.0,KEYS
2018-01-18 00:00:00-05:00,45.91999816894531,46.119998931884766,45.63999938964844,45.77000045776367,45.77000045776367,450800,0.0,0.0,KEYS
2018-01-19 00:00:00-05:00,45.83000183105469,46.43000030517578,45.810001373291016,46.33000183105469,46.33000183105469,732100,0.0,0.0,KEYS
2018-01-22 00:00:00-05:00,46.2400016784668,46.4900016784668,45.91999816894531,46.47999954223633,46.47999954223633,549800,0.0,0.0,KEYS
2018-01-23 00:00:00-05:00,46.5,46.630001068115234,46.380001068115234,46.54999923706055,46.54999923706055,759600,0.0,0.0,KEYS
2018-01-24 00:00:00-05:00,46.529998779296875,46.900001525878906,45.97999954223633,46.029998779296875,46.029998779296875,780100,0.0,0.0,KEYS
2018-01-25 00:00:00-05:00,46.36000061035156,46.459999084472656,45.54999923706055,45.7400016784668,45.7400016784668,414800,0.0,0.0,KEYS
2018-01-26 00:00:00-05:00,46.02000045776367,46.58000183105469,45.81999969482422,46.58000183105469,46.58000183105469,410100,0.0,0.0,KEYS
2018-01-29 00:00:00-05:00,46.79999923706055,48.029998779296875,46.79999923706055,47.650001525878906,47.650001525878906,1233100,0.0,0.0,KEYS
2018-01-30 00:00:00-05:00,46.97999954223633,47.65999984741211,46.849998474121094,47.20000076293945,47.20000076293945,997800,0.0,0.0,KEYS
2018-01-31 00:00:00-05:00,47.5,47.95000076293945,46.63999938964844,46.720001220703125,46.720001220703125,799700,0.0,0.0,KEYS
2018-02-01 00:00:00-05:00,46.529998779296875,47.22999954223633,46.459999084472656,47.150001525878906,47.150001525878906,628100,0.0,0.0,KEYS
2018-02-02 00:00:00-05:00,46.70000076293945,46.91999816894531,46.119998931884766,46.380001068115234,46.380001068115234,561600,0.0,0.0,KEYS
2018-02-05 00:00:00-05:00,45.7599983215332,46.654998779296875,44.83000183105469,44.84000015258789,44.84000015258789,974400,0.0,0.0,KEYS
2018-02-06 00:00:00-05:00,43.939998626708984,45.310001373291016,43.02000045776367,45.150001525878906,45.150001525878906,1114000,0.0,0.0,KEYS
2018-02-07 00:00:00-05:00,44.939998626708984,45.59000015258789,44.709999084472656,45.22999954223633,45.22999954223633,994100,0.0,0.0,KEYS
2018-02-08 00:00:00-05:00,45.279998779296875,45.279998779296875,43.810001373291016,43.810001373291016,43.810001373291016,792400,0.0,0.0,KEYS
2018-02-09 00:00:00-05:00,44.27000045776367,44.54999923706055,42.130001068115234,43.2599983215332,43.2599983215332,992500,0.0,0.0,KEYS
2018-02-12 00:00:00-05:00,43.54999923706055,44.29999923706055,43.4900016784668,44.029998779296875,44.029998779296875,573800,0.0,0.0,KEYS
2018-02-13 00:00:00-05:00,43.790000915527344,44.59000015258789,43.63999938964844,44.470001220703125,44.470001220703125,433500,0.0,0.0,KEYS
2018-02-14 00:00:00-05:00,44.04999923706055,45.54999923706055,43.959999084472656,45.369998931884766,45.369998931884766,623400,0.0,0.0,KEYS
2018-02-15 00:00:00-05:00,45.54999923706055,46.040000915527344,45.099998474121094,45.97999954223633,45.97999954223633,548200,0.0,0.0,KEYS
2018-02-16 00:00:00-05:00,45.90999984741211,46.060001373291016,45.52000045776367,45.869998931884766,45.869998931884766,257900,0.0,0.0,KEYS
2018-02-20 00:00:00-05:00,45.59000015258789,46.029998779296875,45.540000915527344,45.70000076293945,45.70000076293945,402500,0.0,0.0,KEYS
2018-02-21 00:00:00-05:00,45.880001068115234,46.28499984741211,45.56999969482422,45.56999969482422,45.56999969482422,393800,0.0,0.0,KEYS
2018-02-22 00:00:00-05:00,45.81999969482422,46.060001373291016,45.310001373291016,45.56999969482422,45.56999969482422,604500,0.0,0.0,KEYS
2018-02-23 00:00:00-05:00,45.83000183105469,46.34000015258789,45.560001373291016,46.290000915527344,46.290000915527344,580600,0.0,0.0,KEYS
2018-02-26 00:00:00-05:00,46.54999923706055,47.94300079345703,46.4900016784668,47.75,47.75,818700,0.0,0.0,KEYS
2018-02-27 00:00:00-05:00,47.599998474121094,48.15999984741211,47.32400131225586,47.43000030517578,47.43000030517578,1150400,0.0,0.0,KEYS
2018-02-28 00:00:00-05:00,47.540000915527344,47.790000915527344,46.95000076293945,47.0099983215332,47.0099983215332,647900,0.0,0.0,KEYS
2018-03-01 00:00:00-05:00,47.040000915527344,47.20000076293945,45.97999954223633,46.58000183105469,46.58000183105469,801500,0.0,0.0,KEYS
2018-03-02 00:00:00-05:00,47.04999923706055,50.040000915527344,47.04999923706055,49.41999816894531,49.41999816894531,2951300,0.0,0.0,KEYS
2018-03-05 00:00:00-05:00,48.9900016784668,50.71500015258789,48.90999984741211,50.540000915527344,50.540000915527344,1894400,0.0,0.0,KEYS
2018-03-06 00:00:00-05:00,51.209999084472656,52.86000061035156,51.20000076293945,52.54999923706055,52.54999923706055,2284400,0.0,0.0,KEYS
2018-03-07 00:00:00-05:00,52.27000045776367,52.869998931884766,51.84000015258789,52.61000061035156,52.61000061035156,1811300,0.0,0.0,KEYS
2018-03-08 00:00:00-05:00,53.0,53.32899856567383,52.40999984741211,52.59000015258789,52.59000015258789,933400,0.0,0.0,KEYS
2018-03-09 00:00:00-05:00,53.08000183105469,54.11000061035156,52.84000015258789,54.06999969482422,54.06999969482422,1178500,0.0,0.0,KEYS
2018-03-12 00:00:00-04:00,54.189998626708984,55.209999084472656,54.099998474121094,54.619998931884766,54.619998931884766,919400,0.0,0.0,KEYS
2018-03-13 00:00:00-04:00,54.650001525878906,55.189998626708984,53.779998779296875,53.869998931884766,53.869998931884766,670100,0.0,0.0,KEYS
2018-03-14 00:00:00-04:00,54.02000045776367,54.13999938964844,53.369998931884766,53.58000183105469,53.58000183105469,966400,0.0,0.0,KEYS
2018-03-15 00:00:00-04:00,53.81999969482422,53.970001220703125,53.2400016784668,53.380001068115234,53.380001068115234,1044000,0.0,0.0,KEYS
2018-03-16 00:00:00-04:00,53.400001525878906,53.709999084472656,53.279998779296875,53.38999938964844,53.38999938964844,2121900,0.0,0.0,KEYS
2018-03-19 00:00:00-04:00,53.150001525878906,53.36000061035156,52.13999938964844,52.689998626708984,52.689998626708984,809200,0.0,0.0,KEYS
2018-03-20 00:00:00-04:00,52.619998931884766,53.06999969482422,52.45000076293945,52.70000076293945,52.70000076293945,811800,0.0,0.0,KEYS
2018-03-21 00:00:00-04:00,52.689998626708984,53.68000030517578,52.689998626708984,53.15999984741211,53.15999984741211,1246400,0.0,0.0,KEYS
2018-03-22 00:00:00-04:00,52.709999084472656,53.150001525878906,51.869998931884766,51.88999938964844,51.88999938964844,691200,0.0,0.0,KEYS
2018-03-23 00:00:00-04:00,51.81999969482422,52.08000183105469,50.77000045776367,50.810001373291016,50.810001373291016,654000,0.0,0.0,KEYS
2018-03-26 00:00:00-04:00,51.68000030517578,52.29999923706055,50.900001525878906,52.189998626708984,52.189998626708984,704200,0.0,0.0,KEYS
2018-03-27 00:00:00-04:00,52.45000076293945,53.09000015258789,51.11000061035156,51.34000015258789,51.34000015258789,843300,0.0,0.0,KEYS
2018-03-28 00:00:00-04:00,51.34000015258789,51.58000183105469,50.38999938964844,51.22999954223633,51.22999954223633,795400,0.0,0.0,KEYS
2018-03-29 00:00:00-04:00,51.36000061035156,52.779998779296875,51.26499938964844,52.38999938964844,52.38999938964844,602100,0.0,0.0,KEYS
2018-04-02 00:00:00-04:00,51.9900016784668,52.31999969482422,50.65999984741211,51.13999938964844,51.13999938964844,771200,0.0,0.0,KEYS
2018-04-03 00:00:00-04:00,51.43000030517578,51.9900016784668,51.150001525878906,51.630001068115234,51.630001068115234,966300,0.0,0.0,KEYS
2018-04-04 00:00:00-04:00,50.709999084472656,52.125,50.54999923706055,52.02000045776367,52.02000045776367,767100,0.0,0.0,KEYS
2018-04-05 00:00:00-04:00,52.33000183105469,52.40999984741211,51.61000061035156,52.04999923706055,52.04999923706055,726500,0.0,0.0,KEYS
2018-04-06 00:00:00-04:00,51.720001220703125,52.2599983215332,50.25,50.56999969482422,50.56999969482422,758200,0.0,0.0,KEYS
2018-04-09 00:00:00-04:00,51.08000183105469,52.22999954223633,51.005001068115234,51.290000915527344,51.290000915527344,681200,0.0,0.0,KEYS
2018-04-10 00:00:00-04:00,52.11000061035156,53.25,52.060001373291016,52.83000183105469,52.83000183105469,909800,0.0,0.0,KEYS
2018-04-11 00:00:00-04:00,52.59000015258789,53.189998626708984,52.560001373291016,53.11000061035156,53.11000061035156,673500,0.0,0.0,KEYS
2018-04-12 00:00:00-04:00,53.27000045776367,54.060001373291016,53.27000045776367,53.84000015258789,53.84000015258789,795300,0.0,0.0,KEYS
2018-04-13 00:00:00-04:00,54.08000183105469,54.70000076293945,53.834999084472656,53.88999938964844,53.88999938964844,1198500,0.0,0.0,KEYS
2018-04-16 00:00:00-04:00,54.279998779296875,54.38999938964844,53.61000061035156,53.79999923706055,53.79999923706055,849400,0.0,0.0,KEYS
2018-04-17 00:00:00-04:00,53.95000076293945,54.84000015258789,53.779998779296875,54.5099983215332,54.5099983215332,734100,0.0,0.0,KEYS
2018-04-18 00:00:00-04:00,54.61000061035156,55.02000045776367,54.38999938964844,54.56999969482422,54.56999969482422,592300,0.0,0.0,KEYS
2018-04-19 00:00:00-04:00,54.33000183105469,54.52000045776367,53.77000045776367,54.11000061035156,54.11000061035156,543300,0.0,0.0,KEYS
2018-04-20 00:00:00-04:00,54.02000045776367,54.439998626708984,53.54999923706055,53.560001373291016,53.560001373291016,616700,0.0,0.0,KEYS
2018-04-23 00:00:00-04:00,53.720001220703125,54.58000183105469,53.720001220703125,54.22999954223633,54.22999954223633,910000,0.0,0.0,KEYS
2018-04-24 00:00:00-04:00,54.34000015258789,54.83000183105469,53.20000076293945,53.61000061035156,53.61000061035156,554500,0.0,0.0,KEYS
2018-04-25 00:00:00-04:00,53.38999938964844,53.790000915527344,52.632999420166016,53.529998779296875,53.529998779296875,683000,0.0,0.0,KEYS
2018-04-26 00:00:00-04:00,53.54999923706055,54.20500183105469,53.2599983215332,53.790000915527344,53.790000915527344,561700,0.0,0.0,KEYS
2018-04-27 00:00:00-04:00,53.790000915527344,54.0,52.310001373291016,52.31999969482422,52.31999969482422,1460900,0.0,0.0,KEYS
2018-04-30 00:00:00-04:00,52.130001068115234,52.4900016784668,51.65999984741211,51.68000030517578,51.68000030517578,1736500,0.0,0.0,KEYS
2018-05-01 00:00:00-04:00,51.470001220703125,51.7599983215332,50.880001068115234,51.349998474121094,51.349998474121094,1757300,0.0,0.0,KEYS
2018-05-02 00:00:00-04:00,51.470001220703125,51.720001220703125,51.029998779296875,51.209999084472656,51.209999084472656,1734000,0.0,0.0,KEYS
2018-05-03 00:00:00-04:00,51.08000183105469,51.75,50.59000015258789,51.630001068115234,51.630001068115234,1155000,0.0,0.0,KEYS
2018-05-04 00:00:00-04:00,51.599998474121094,52.59000015258789,51.22999954223633,52.43000030517578,52.43000030517578,1048300,0.0,0.0,KEYS
2018-05-07 00:00:00-04:00,52.5099983215332,52.75,52.220001220703125,52.2400016784668,52.2400016784668,790300,0.0,0.0,KEYS
2018-05-08 00:00:00-04:00,52.2400016784668,52.959999084472656,52.2400016784668,52.72999954223633,52.72999954223633,764500,0.0,0.0,KEYS
2018-05-09 00:00:00-04:00,52.86000061035156,53.25,52.59000015258789,53.150001525878906,53.150001525878906,754600,0.0,0.0,KEYS
2018-05-10 00:00:00-04:00,53.310001373291016,53.72999954223633,53.08000183105469,53.09000015258789,53.09000015258789,890700,0.0,0.0,KEYS
2018-05-11 00:00:00-04:00,53.099998474121094,53.790000915527344,52.90999984741211,53.63999938964844,53.63999938964844,1800600,0.0,0.0,KEYS
2018-05-14 00:00:00-04:00,53.84000015258789,54.2400016784668,53.279998779296875,53.40999984741211,53.40999984741211,1428500,0.0,0.0,KEYS
2018-05-15 00:00:00-04:00,52.97999954223633,53.810001373291016,52.553001403808594,53.45000076293945,53.45000076293945,1730900,0.0,0.0,KEYS
2018-05-16 00:00:00-04:00,53.5099983215332,53.974998474121094,53.380001068115234,53.529998779296875,53.529998779296875,1066300,0.0,0.0,KEYS
2018-05-17 00:00:00-04:00,53.5099983215332,53.90999984741211,53.43000030517578,53.7599983215332,53.7599983215332,979500,0.0,0.0,KEYS
2018-05-18 00:00:00-04:00,53.849998474121094,54.45500183105469,53.75,53.83000183105469,53.83000183105469,925700,0.0,0.0,KEYS
2018-05-21 00:00:00-04:00,54.099998474121094,54.5099983215332,53.77000045776367,54.0,54.0,891400,0.0,0.0,KEYS
2018-05-22 00:00:00-04:00,54.20000076293945,54.380001068115234,53.779998779296875,53.83000183105469,53.83000183105469,710600,0.0,0.0,KEYS
2018-05-23 00:00:00-04:00,53.529998779296875,53.7400016784668,53.23500061035156,53.59000015258789,53.59000015258789,1114000,0.0,0.0,KEYS
2018-05-24 00:00:00-04:00,53.61000061035156,53.95500183105469,53.13999938964844,53.439998626708984,53.439998626708984,1201100,0.0,0.0,KEYS
2018-05-25 00:00:00-04:00,53.459999084472656,53.689998626708984,53.13999938964844,53.29999923706055,53.29999923706055,943100,0.0,0.0,KEYS
2018-05-29 00:00:00-04:00,53.0099983215332,53.75,52.66999816894531,53.029998779296875,53.029998779296875,1315700,0.0,0.0,KEYS
2018-05-30 00:00:00-04:00,53.36000061035156,53.720001220703125,52.959999084472656,52.9900016784668,52.9900016784668,2803400,0.0,0.0,KEYS
2018-05-31 00:00:00-04:00,59.13999938964844,62.40999984741211,56.5099983215332,58.7400016784668,58.7400016784668,14763800,0.0,0.0,KEYS
2018-06-01 00:00:00-04:00,59.41999816894531,59.81999969482422,58.5099983215332,59.810001373291016,59.810001373291016,3214200,0.0,0.0,KEYS
2018-06-04 00:00:00-04:00,59.9900016784668,61.11000061035156,59.65999984741211,61.11000061035156,61.11000061035156,2658600,0.0,0.0,KEYS
2018-06-05 00:00:00-04:00,61.2599983215332,61.790000915527344,61.11000061035156,61.36000061035156,61.36000061035156,1148600,0.0,0.0,KEYS
2018-06-06 00:00:00-04:00,61.54999923706055,62.189998626708984,61.380001068115234,61.91999816894531,61.91999816894531,1561700,0.0,0.0,KEYS
2018-06-07 00:00:00-04:00,61.97999954223633,62.040000915527344,60.06999969482422,60.400001525878906,60.400001525878906,1466000,0.0,0.0,KEYS
2018-06-08 00:00:00-04:00,60.2400016784668,61.11000061035156,60.10499954223633,60.9900016784668,60.9900016784668,981800,0.0,0.0,KEYS
2018-06-11 00:00:00-04:00,60.97999954223633,61.79999923706055,60.84000015258789,61.689998626708984,61.689998626708984,646600,0.0,0.0,KEYS
2018-06-12 00:00:00-04:00,61.689998626708984,61.86000061035156,61.31999969482422,61.599998474121094,61.599998474121094,714400,0.0,0.0,KEYS
2018-06-13 00:00:00-04:00,61.61000061035156,62.209999084472656,61.189998626708984,61.400001525878906,61.400001525878906,1956500,0.0,0.0,KEYS
2018-06-14 00:00:00-04:00,61.540000915527344,61.7400016784668,61.02000045776367,61.220001220703125,61.220001220703125,1275300,0.0,0.0,KEYS
2018-06-15 00:00:00-04:00,61.08000183105469,61.310001373291016,60.7599983215332,61.22999954223633,61.22999954223633,2147600,0.0,0.0,KEYS
2018-06-18 00:00:00-04:00,60.619998931884766,61.5099983215332,60.20000076293945,61.5,61.5,779500,0.0,0.0,KEYS
2018-06-19 00:00:00-04:00,61.20000076293945,61.36000061035156,60.18000030517578,61.2400016784668,61.2400016784668,1179700,0.0,0.0,KEYS
2018-06-20 00:00:00-04:00,61.56999969482422,61.790000915527344,60.84000015258789,60.97999954223633,60.97999954223633,800200,0.0,0.0,KEYS
2018-06-21 00:00:00-04:00,60.790000915527344,60.970001220703125,60.27000045776367,60.529998779296875,60.529998779296875,892600,0.0,0.0,KEYS
2018-06-22 00:00:00-04:00,60.650001525878906,60.650001525878906,60.07500076293945,60.099998474121094,60.099998474121094,1324900,0.0,0.0,KEYS
2018-06-25 00:00:00-04:00,59.79999923706055,59.81100082397461,58.34000015258789,58.7400016784668,58.7400016784668,962300,0.0,0.0,KEYS
2018-06-26 00:00:00-04:00,58.869998931884766,59.88999938964844,58.869998931884766,59.36000061035156,59.36000061035156,1013800,0.0,0.0,KEYS
2018-06-27 00:00:00-04:00,59.54999923706055,59.72999954223633,58.529998779296875,58.54999923706055,58.54999923706055,682300,0.0,0.0,KEYS
2018-06-28 00:00:00-04:00,58.290000915527344,59.2400016784668,58.16999816894531,59.06999969482422,59.06999969482422,761800,0.0,0.0,KEYS
2018-06-29 00:00:00-04:00,59.20000076293945,59.849998474121094,59.0099983215332,59.029998779296875,59.029998779296875,869000,0.0,0.0,KEYS
2018-07-02 00:00:00-04:00,58.54999923706055,59.779998779296875,58.5099983215332,59.68000030517578,59.68000030517578,648000,0.0,0.0,KEYS
2018-07-03 00:00:00-04:00,59.91999816894531,59.91999816894531,59.20500183105469,59.45000076293945,59.45000076293945,461800,0.0,0.0,KEYS
2018-07-05 00:00:00-04:00,59.63999938964844,59.68000030517578,58.93000030517578,59.5,59.5,774100,0.0,0.0,KEYS
2018-07-06 00:00:00-04:00,59.5,60.02000045776367,59.47999954223633,59.83000183105469,59.83000183105469,686000,0.0,0.0,KEYS
2018-07-09 00:00:00-04:00,60.0,60.36000061035156,59.72999954223633,60.13999938964844,60.13999938964844,982200,0.0,0.0,KEYS
2018-07-10 00:00:00-04:00,60.38999938964844,60.81999969482422,60.189998626708984,60.41999816894531,60.41999816894531,606900,0.0,0.0,KEYS
2018-07-11 00:00:00-04:00,60.189998626708984,60.40999984741211,59.63999938964844,59.7400016784668,59.7400016784668,1123400,0.0,0.0,KEYS
2018-07-12 00:00:00-04:00,59.95000076293945,60.310001373291016,59.83000183105469,60.08000183105469,60.08000183105469,792000,0.0,0.0,KEYS
2018-07-13 00:00:00-04:00,60.16999816894531,60.5099983215332,59.77000045776367,59.970001220703125,59.970001220703125,489100,0.0,0.0,KEYS
2018-07-16 00:00:00-04:00,60.0,60.16400146484375,59.439998626708984,59.619998931884766,59.619998931884766,446500,0.0,0.0,KEYS
2018-07-17 00:00:00-04:00,59.58000183105469,60.470001220703125,59.209999084472656,60.29999923706055,60.29999923706055,290500,0.0,0.0,KEYS
2018-07-18 00:00:00-04:00,60.540000915527344,61.25,60.13999938964844,60.709999084472656,60.709999084472656,454600,0.0,0.0,KEYS
2018-07-19 00:00:00-04:00,60.79999923706055,61.18000030517578,60.650001525878906,60.91999816894531,60.91999816894531,679900,0.0,0.0,KEYS
2018-07-20 00:00:00-04:00,61.02000045776367,61.16999816894531,60.45000076293945,60.59000015258789,60.59000015258789,424600,0.0,0.0,KEYS
2018-07-23 00:00:00-04:00,60.400001525878906,60.400001525878906,59.42499923706055,59.61000061035156,59.61000061035156,768800,0.0,0.0,KEYS
2018-07-24 00:00:00-04:00,60.150001525878906,60.38999938964844,58.779998779296875,59.15999984741211,59.15999984741211,525900,0.0,0.0,KEYS
2018-07-25 00:00:00-04:00,59.209999084472656,59.93000030517578,59.16999816894531,59.630001068115234,59.630001068115234,913200,0.0,0.0,KEYS
2018-07-26 00:00:00-04:00,59.630001068115234,60.4900016784668,59.56999969482422,60.40999984741211,60.40999984741211,898500,0.0,0.0,KEYS
2018-07-27 00:00:00-04:00,60.560001373291016,60.869998931884766,58.95000076293945,59.15999984741211,59.15999984741211,559400,0.0,0.0,KEYS
2018-07-30 00:00:00-04:00,59.119998931884766,59.470001220703125,57.380001068115234,57.459999084472656,57.459999084472656,846800,0.0,0.0,KEYS
2018-07-31 00:00:00-04:00,57.72999954223633,58.65999984741211,57.0099983215332,58.0,58.0,830000,0.0,0.0,KEYS
2018-08-01 00:00:00-04:00,58.0,58.869998931884766,58.0,58.7400016784668,58.7400016784668,657800,0.0,0.0,KEYS
2018-08-02 00:00:00-04:00,58.400001525878906,59.900001525878906,58.2400016784668,59.689998626708984,59.689998626708984,624800,0.0,0.0,KEYS
2018-08-03 00:00:00-04:00,59.65999984741211,59.83000183105469,58.720001220703125,59.310001373291016,59.310001373291016,664700,0.0,0.0,KEYS
2018-08-06 00:00:00-04:00,59.43000030517578,60.345001220703125,59.43000030517578,60.130001068115234,60.130001068115234,685400,0.0,0.0,KEYS
2018-08-07 00:00:00-04:00,60.16999816894531,60.58000183105469,60.150001525878906,60.38999938964844,60.38999938964844,591700,0.0,0.0,KEYS
2018-08-08 00:00:00-04:00,60.529998779296875,60.56999969482422,59.880001068115234,60.459999084472656,60.459999084472656,489000,0.0,0.0,KEYS
2018-08-09 00:00:00-04:00,60.45000076293945,61.20000076293945,60.150001525878906,60.25,60.25,884800,0.0,0.0,KEYS
2018-08-10 00:00:00-04:00,60.0,60.220001220703125,59.65999984741211,59.93000030517578,59.93000030517578,543800,0.0,0.0,KEYS
2018-08-13 00:00:00-04:00,59.900001525878906,60.63999938964844,59.70500183105469,59.790000915527344,59.790000915527344,996600,0.0,0.0,KEYS
2018-08-14 00:00:00-04:00,60.0,61.06999969482422,59.45000076293945,60.4900016784668,60.4900016784668,1262000,0.0,0.0,KEYS
2018-08-15 00:00:00-04:00,60.2400016784668,60.439998626708984,58.88999938964844,58.93000030517578,58.93000030517578,1462200,0.0,0.0,KEYS
2018-08-16 00:00:00-04:00,59.150001525878906,60.36000061035156,59.119998931884766,59.63999938964844,59.63999938964844,1152700,0.0,0.0,KEYS
2018-08-17 00:00:00-04:00,59.689998626708984,59.89500045776367,59.04999923706055,59.81999969482422,59.81999969482422,830600,0.0,0.0,KEYS
2018-08-20 00:00:00-04:00,59.95000076293945,60.5099983215332,59.83000183105469,60.189998626708984,60.189998626708984,1299200,0.0,0.0,KEYS
2018-08-21 00:00:00-04:00,60.29999923706055,60.70000076293945,60.0,60.439998626708984,60.439998626708984,1393400,0.0,0.0,KEYS
2018-08-22 00:00:00-04:00,69.51000213623047,70.4000015258789,63.86000061035156,64.16999816894531,64.16999816894531,4895400,0.0,0.0,KEYS
2018-08-23 00:00:00-04:00,64.3499984741211,65.04000091552734,62.88999938964844,62.970001220703125,62.970001220703125,1743100,0.0,0.0,KEYS
2018-08-24 00:00:00-04:00,62.9900016784668,63.5,62.59000015258789,62.88999938964844,62.88999938964844,1719900,0.0,0.0,KEYS
2018-08-27 00:00:00-04:00,63.22999954223633,64.54000091552734,63.22999954223633,64.5199966430664,64.5199966430664,1002400,0.0,0.0,KEYS
2018-08-28 00:00:00-04:00,64.52999877929688,64.80000305175781,63.65999984741211,64.11000061035156,64.11000061035156,906300,0.0,0.0,KEYS
2018-08-29 00:00:00-04:00,64.33000183105469,64.72000122070312,64.04000091552734,64.44999694824219,64.44999694824219,608800,0.0,0.0,KEYS
2018-08-30 00:00:00-04:00,64.4000015258789,64.95999908447266,64.13999938964844,64.31999969482422,64.31999969482422,800500,0.0,0.0,KEYS
2018-08-31 00:00:00-04:00,64.38999938964844,65.01499938964844,64.33999633789062,64.88999938964844,64.88999938964844,761100,0.0,0.0,KEYS
2018-09-04 00:00:00-04:00,64.9000015258789,65.62999725341797,64.3499984741211,65.4800033569336,65.4800033569336,1160100,0.0,0.0,KEYS
2018-09-05 00:00:00-04:00,65.5199966430664,65.77999877929688,64.75,65.55000305175781,65.55000305175781,1376300,0.0,0.0,KEYS
2018-09-06 00:00:00-04:00,65.5999984741211,66.33000183105469,65.34500122070312,65.73999786376953,65.73999786376953,960700,0.0,0.0,KEYS
2018-09-07 00:00:00-04:00,65.54000091552734,66.08000183105469,65.33000183105469,65.6500015258789,65.6500015258789,852300,0.0,0.0,KEYS
2018-09-10 00:00:00-04:00,66.0,66.30000305175781,65.66500091552734,66.08999633789062,66.08999633789062,753300,0.0,0.0,KEYS
2018-09-11 00:00:00-04:00,65.91999816894531,66.56999969482422,65.84500122070312,66.5,66.5,665500,0.0,0.0,KEYS
2018-09-12 00:00:00-04:00,66.55000305175781,66.625,65.11000061035156,66.12999725341797,66.12999725341797,1051600,0.0,0.0,KEYS
2018-09-13 00:00:00-04:00,66.48999786376953,67.08000183105469,66.18000030517578,66.4000015258789,66.4000015258789,1091200,0.0,0.0,KEYS
2018-09-14 00:00:00-04:00,66.4000015258789,66.66999816894531,65.37000274658203,65.80000305175781,65.80000305175781,1171200,0.0,0.0,KEYS
2018-09-17 00:00:00-04:00,65.80000305175781,65.94999694824219,64.08999633789062,64.13999938964844,64.13999938964844,893300,0.0,0.0,KEYS
2018-09-18 00:00:00-04:00,64.22000122070312,65.43000030517578,64.22000122070312,65.19999694824219,65.19999694824219,1405700,0.0,0.0,KEYS
2018-09-19 00:00:00-04:00,65.38999938964844,65.68000030517578,64.55999755859375,64.93000030517578,64.93000030517578,1388400,0.0,0.0,KEYS
2018-09-20 00:00:00-04:00,65.4000015258789,65.44000244140625,64.80999755859375,64.86000061035156,64.86000061035156,1479900,0.0,0.0,KEYS
2018-09-21 00:00:00-04:00,64.95999908447266,65.9000015258789,64.58999633789062,64.62999725341797,64.62999725341797,1815500,0.0,0.0,KEYS
2018-09-24 00:00:00-04:00,64.38999938964844,64.91999816894531,63.900001525878906,64.91000366210938,64.91000366210938,1855100,0.0,0.0,KEYS
2018-09-25 00:00:00-04:00,64.94999694824219,65.80000305175781,64.875,65.51000213623047,65.51000213623047,1289100,0.0,0.0,KEYS
2018-09-26 00:00:00-04:00,65.88999938964844,66.37000274658203,64.80000305175781,64.94999694824219,64.94999694824219,696800,0.0,0.0,KEYS
2018-09-27 00:00:00-04:00,65.05000305175781,65.70999908447266,65.05000305175781,65.6500015258789,65.6500015258789,817000,0.0,0.0,KEYS
2018-09-28 00:00:00-04:00,65.69000244140625,66.83000183105469,65.69000244140625,66.27999877929688,66.27999877929688,1161900,0.0,0.0,KEYS
2018-10-01 00:00:00-04:00,66.69999694824219,67.0,65.81999969482422,66.11000061035156,66.11000061035156,920700,0.0,0.0,KEYS
2018-10-02 00:00:00-04:00,65.94999694824219,66.29000091552734,65.33000183105469,65.79000091552734,65.79000091552734,798500,0.0,0.0,KEYS
2018-10-03 00:00:00-04:00,66.11000061035156,66.27999877929688,65.69999694824219,66.11000061035156,66.11000061035156,549300,0.0,0.0,KEYS
2018-10-04 00:00:00-04:00,66.01000213623047,66.0199966430664,64.75,65.48999786376953,65.48999786376953,1332700,0.0,0.0,KEYS
2018-10-05 00:00:00-04:00,65.48999786376953,66.5,64.68000030517578,65.19999694824219,65.19999694824219,1233700,0.0,0.0,KEYS
2018-10-08 00:00:00-04:00,64.87000274658203,64.87000274658203,62.81999969482422,63.970001220703125,63.970001220703125,587300,0.0,0.0,KEYS
2018-10-09 00:00:00-04:00,63.77000045776367,64.63999938964844,63.439998626708984,64.45999908447266,64.45999908447266,767500,0.0,0.0,KEYS
2018-10-10 00:00:00-04:00,64.45999908447266,64.48999786376953,61.310001373291016,61.38999938964844,61.38999938964844,1211700,0.0,0.0,KEYS
2018-10-11 00:00:00-04:00,60.630001068115234,61.880001068115234,60.20000076293945,60.439998626708984,60.439998626708984,1047200,0.0,0.0,KEYS
2018-10-12 00:00:00-04:00,61.83000183105469,62.33000183105469,60.59000015258789,62.02000045776367,62.02000045776367,1418800,0.0,0.0,KEYS
2018-10-15 00:00:00-04:00,62.0,62.040000915527344,61.130001068115234,61.470001220703125,61.470001220703125,787800,0.0,0.0,KEYS
2018-10-16 00:00:00-04:00,62.0,63.119998931884766,61.4900016784668,63.08000183105469,63.08000183105469,1670800,0.0,0.0,KEYS
2018-10-17 00:00:00-04:00,63.130001068115234,63.41999816894531,61.349998474121094,63.22999954223633,63.22999954223633,1657300,0.0,0.0,KEYS
2018-10-18 00:00:00-04:00,64.5,65.04000091552734,62.63999938964844,63.06999969482422,63.06999969482422,1051700,0.0,0.0,KEYS
2018-10-19 00:00:00-04:00,63.439998626708984,63.68000030517578,61.65999984741211,61.779998779296875,61.779998779296875,888300,0.0,0.0,KEYS
2018-10-22 00:00:00-04:00,62.02000045776367,62.564998626708984,61.41999816894531,61.939998626708984,61.939998626708984,921200,0.0,0.0,KEYS
2018-10-23 00:00:00-04:00,61.16999816894531,62.060001373291016,60.10100173950195,61.61000061035156,61.61000061035156,684200,0.0,0.0,KEYS
2018-10-24 00:00:00-04:00,61.56999969482422,61.7400016784668,58.380001068115234,58.4900016784668,58.4900016784668,890800,0.0,0.0,KEYS
2018-10-25 00:00:00-04:00,58.150001525878906,59.72999954223633,58.150001525878906,59.380001068115234,59.380001068115234,1513000,0.0,0.0,KEYS
2018-10-26 00:00:00-04:00,58.2400016784668,59.7400016784668,57.369998931884766,58.529998779296875,58.529998779296875,1058900,0.0,0.0,KEYS
2018-10-29 00:00:00-04:00,59.45000076293945,59.650001525878906,55.630001068115234,56.5099983215332,56.5099983215332,833100,0.0,0.0,KEYS
2018-10-30 00:00:00-04:00,56.40999984741211,57.54999923706055,55.880001068115234,57.130001068115234,57.130001068115234,1104000,0.0,0.0,KEYS
2018-10-31 00:00:00-04:00,55.31999969482422,57.70000076293945,54.7599983215332,57.08000183105469,57.08000183105469,5419600,0.0,0.0,KEYS
2018-11-01 00:00:00-04:00,57.63999938964844,57.79999923706055,56.04999923706055,57.560001373291016,57.560001373291016,3626000,0.0,0.0,KEYS
2018-11-02 00:00:00-04:00,57.84000015258789,58.08000183105469,56.220001220703125,57.18000030517578,57.18000030517578,2954200,0.0,0.0,KEYS
2018-11-05 00:00:00-05:00,57.189998626708984,58.70000076293945,56.349998474121094,58.34000015258789,58.34000015258789,47677800,0.0,0.0,KEYS
2018-11-06 00:00:00-05:00,58.20000076293945,59.137001037597656,58.20000076293945,58.70000076293945,58.70000076293945,2699500,0.0,0.0,KEYS
2018-11-07 00:00:00-05:00,59.04999923706055,60.79999923706055,58.54999923706055,60.66999816894531,60.66999816894531,3037900,0.0,0.0,KEYS
2018-11-08 00:00:00-05:00,60.88999938964844,61.47999954223633,60.52000045776367,60.810001373291016,60.810001373291016,1621800,0.0,0.0,KEYS
2018-11-09 00:00:00-05:00,60.400001525878906,60.5099983215332,58.279998779296875,59.189998626708984,59.189998626708984,1992000,0.0,0.0,KEYS
2018-11-12 00:00:00-05:00,58.79999923706055,58.9900016784668,57.939998626708984,58.150001525878906,58.150001525878906,1414600,0.0,0.0,KEYS
2018-11-13 00:00:00-05:00,58.15999984741211,59.16999816894531,57.720001220703125,57.849998474121094,57.849998474121094,1121700,0.0,0.0,KEYS
2018-11-14 00:00:00-05:00,58.470001220703125,58.900001525878906,57.08000183105469,57.459999084472656,57.459999084472656,1421600,0.0,0.0,KEYS
2018-11-15 00:00:00-05:00,57.349998474121094,58.81999969482422,57.13999938964844,58.72999954223633,58.72999954223633,1239100,0.0,0.0,KEYS
2018-11-16 00:00:00-05:00,58.369998931884766,58.79999923706055,57.76499938964844,57.9900016784668,57.9900016784668,1655600,0.0,0.0,KEYS
2018-11-19 00:00:00-05:00,57.93000030517578,58.130001068115234,55.540000915527344,55.56999969482422,55.56999969482422,2814700,0.0,0.0,KEYS
2018-11-20 00:00:00-05:00,54.720001220703125,55.279998779296875,53.209999084472656,54.349998474121094,54.349998474121094,3043000,0.0,0.0,KEYS
2018-11-21 00:00:00-05:00,57.52000045776367,59.0,56.849998474121094,57.33000183105469,57.33000183105469,4279300,0.0,0.0,KEYS
2018-11-23 00:00:00-05:00,56.56999969482422,57.34000015258789,56.470001220703125,56.58000183105469,56.58000183105469,818900,0.0,0.0,KEYS
2018-11-26 00:00:00-05:00,57.279998779296875,58.619998931884766,56.849998474121094,58.529998779296875,58.529998779296875,2070600,0.0,0.0,KEYS
2018-11-27 00:00:00-05:00,58.290000915527344,59.790000915527344,58.040000915527344,59.400001525878906,59.400001525878906,2611800,0.0,0.0,KEYS
2018-11-28 00:00:00-05:00,59.5099983215332,61.58000183105469,59.150001525878906,61.5,61.5,1822700,0.0,0.0,KEYS
2018-11-29 00:00:00-05:00,61.380001068115234,61.880001068115234,60.97999954223633,61.52000045776367,61.52000045776367,1793500,0.0,0.0,KEYS
2018-11-30 00:00:00-05:00,61.52000045776367,61.869998931884766,61.029998779296875,61.81999969482422,61.81999969482422,1765100,0.0,0.0,KEYS
2018-12-03 00:00:00-05:00,62.689998626708984,63.09000015258789,61.95000076293945,62.40999984741211,62.40999984741211,1259500,0.0,0.0,KEYS
2018-12-04 00:00:00-05:00,62.189998626708984,62.47999954223633,60.56999969482422,60.97999954223633,60.97999954223633,1536900,0.0,0.0,KEYS
2018-12-06 00:00:00-05:00,59.790000915527344,60.849998474121094,59.4900016784668,60.709999084472656,60.709999084472656,1446600,0.0,0.0,KEYS
2018-12-07 00:00:00-05:00,60.650001525878906,60.935001373291016,58.25,58.68000030517578,58.68000030517578,1296000,0.0,0.0,KEYS
2018-12-10 00:00:00-05:00,58.59000015258789,60.0,58.16999816894531,59.61000061035156,59.61000061035156,1128300,0.0,0.0,KEYS
2018-12-11 00:00:00-05:00,60.65999984741211,60.77000045776367,59.20000076293945,59.529998779296875,59.529998779296875,968000,0.0,0.0,KEYS
2018-12-12 00:00:00-05:00,60.54999923706055,61.369998931884766,60.22999954223633,60.66999816894531,60.66999816894531,1270100,0.0,0.0,KEYS
2018-12-13 00:00:00-05:00,60.77000045776367,61.16999816894531,59.709999084472656,60.619998931884766,60.619998931884766,1565700,0.0,0.0,KEYS
2018-12-14 00:00:00-05:00,60.130001068115234,61.540000915527344,60.040000915527344,61.4900016784668,61.4900016784668,2596400,0.0,0.0,KEYS
2018-12-17 00:00:00-05:00,61.33000183105469,61.33000183105469,59.56999969482422,59.900001525878906,59.900001525878906,1914600,0.0,0.0,KEYS
2018-12-18 00:00:00-05:00,60.380001068115234,61.349998474121094,60.27000045776367,60.720001220703125,60.720001220703125,2051700,0.0,0.0,KEYS
2018-12-19 00:00:00-05:00,60.939998626708984,61.91999816894531,59.40999984741211,60.06999969482422,60.06999969482422,2197400,0.0,0.0,KEYS
2018-12-20 00:00:00-05:00,59.97999954223633,60.5099983215332,57.72999954223633,58.56999969482422,58.56999969482422,1802600,0.0,0.0,KEYS
2018-12-21 00:00:00-05:00,58.91999816894531,59.9900016784668,57.040000915527344,57.130001068115234,57.130001068115234,3179400,0.0,0.0,KEYS
2018-12-24 00:00:00-05:00,56.84000015258789,57.060001373291016,55.91400146484375,56.040000915527344,56.040000915527344,779700,0.0,0.0,KEYS
2018-12-26 00:00:00-05:00,56.36000061035156,58.709999084472656,56.11000061035156,58.70000076293945,58.70000076293945,1026500,0.0,0.0,KEYS
2018-12-27 00:00:00-05:00,57.97999954223633,59.45000076293945,57.150001525878906,59.45000076293945,59.45000076293945,1095200,0.0,0.0,KEYS
2018-12-28 00:00:00-05:00,59.83000183105469,60.845001220703125,59.2400016784668,60.130001068115234,60.130001068115234,1097600,0.0,0.0,KEYS
2018-12-31 00:00:00-05:00,60.72999954223633,62.08000183105469,60.709999084472656,62.08000183105469,62.08000183105469,1547100,0.0,0.0,KEYS
2019-01-02 00:00:00-05:00,61.16999816894531,61.90999984741211,60.630001068115234,61.41999816894531,61.41999816894531,1021000,0.0,0.0,KEYS
2019-01-03 00:00:00-05:00,60.68000030517578,61.47999954223633,58.2400016784668,58.31999969482422,58.31999969482422,1216400,0.0,0.0,KEYS
2019-01-04 00:00:00-05:00,59.36000061035156,61.95000076293945,59.02000045776367,61.95000076293945,61.95000076293945,1737000,0.0,0.0,KEYS
2019-01-07 00:00:00-05:00,61.9900016784668,64.66000366210938,61.869998931884766,64.48999786376953,64.48999786376953,2224800,0.0,0.0,KEYS
2019-01-08 00:00:00-05:00,65.04000091552734,65.87999725341797,64.12999725341797,65.6500015258789,65.6500015258789,1448700,0.0,0.0,KEYS
2019-01-09 00:00:00-05:00,65.98999786376953,67.27999877929688,65.51000213623047,67.06999969482422,67.06999969482422,1029200,0.0,0.0,KEYS
2019-01-10 00:00:00-05:00,66.8499984741211,67.29000091552734,66.30000305175781,67.26000213623047,67.26000213623047,1136800,0.0,0.0,KEYS
2019-01-11 00:00:00-05:00,66.88999938964844,67.58999633789062,66.62000274658203,67.23999786376953,67.23999786376953,1168100,0.0,0.0,KEYS
2019-01-14 00:00:00-05:00,67.18000030517578,67.70999908447266,66.55000305175781,67.30999755859375,67.30999755859375,1421900,0.0,0.0,KEYS
2019-01-15 00:00:00-05:00,67.41000366210938,68.5199966430664,67.29000091552734,68.51000213623047,68.51000213623047,1193800,0.0,0.0,KEYS
2019-01-16 00:00:00-05:00,68.51000213623047,69.4000015258789,67.87999725341797,69.05000305175781,69.05000305175781,1514100,0.0,0.0,KEYS
2019-01-17 00:00:00-05:00,69.05000305175781,69.28800201416016,67.81999969482422,69.22000122070312,69.22000122070312,2160900,0.0,0.0,KEYS
2019-01-18 00:00:00-05:00,69.5199966430664,70.19999694824219,68.87000274658203,69.58000183105469,69.58000183105469,2418500,0.0,0.0,KEYS
2019-01-22 00:00:00-05:00,69.31999969482422,69.38999938964844,67.41999816894531,67.80000305175781,67.80000305175781,2487600,0.0,0.0,KEYS
2019-01-23 00:00:00-05:00,68.2300033569336,68.50499725341797,66.95999908447266,67.62000274658203,67.62000274658203,1933900,0.0,0.0,KEYS
2019-01-24 00:00:00-05:00,67.94000244140625,71.18000030517578,67.93499755859375,70.6500015258789,70.6500015258789,3327600,0.0,0.0,KEYS
2019-01-25 00:00:00-05:00,71.54000091552734,71.83000183105469,70.69999694824219,71.06999969482422,71.06999969482422,2493400,0.0,0.0,KEYS
2019-01-28 00:00:00-05:00,71.12999725341797,72.29000091552734,70.70999908447266,72.29000091552734,72.29000091552734,2081600,0.0,0.0,KEYS
2019-01-29 00:00:00-05:00,72.55999755859375,72.79000091552734,71.5999984741211,71.6500015258789,71.6500015258789,1440500,0.0,0.0,KEYS
2019-01-30 00:00:00-05:00,72.0999984741211,73.55999755859375,71.2699966430664,73.30000305175781,73.30000305175781,1737700,0.0,0.0,KEYS
2019-01-31 00:00:00-05:00,73.41000366210938,74.10600280761719,73.19999694824219,74.0199966430664,74.0199966430664,2316200,0.0,0.0,KEYS
2019-02-01 00:00:00-05:00,74.3499984741211,75.58000183105469,74.13999938964844,75.18000030517578,75.18000030517578,3211700,0.0,0.0,KEYS
2019-02-04 00:00:00-05:00,75.26000213623047,75.61699676513672,74.62000274658203,75.38999938964844,75.38999938964844,1570200,0.0,0.0,KEYS
2019-02-05 00:00:00-05:00,75.8499984741211,75.94000244140625,74.87999725341797,75.63999938964844,75.63999938964844,1713400,0.0,0.0,KEYS
2019-02-06 00:00:00-05:00,75.63999938964844,77.08499908447266,74.72000122070312,77.05000305175781,77.05000305175781,1796700,0.0,0.0,KEYS
2019-02-07 00:00:00-05:00,76.51000213623047,76.7699966430664,75.26000213623047,76.30000305175781,76.30000305175781,1124300,0.0,0.0,KEYS
2019-02-08 00:00:00-05:00,75.80000305175781,77.06999969482422,75.54000091552734,76.86000061035156,76.86000061035156,1897200,0.0,0.0,KEYS
2019-02-11 00:00:00-05:00,77.12999725341797,78.29000091552734,77.0,78.01000213623047,78.01000213623047,1873500,0.0,0.0,KEYS
2019-02-12 00:00:00-05:00,78.44999694824219,78.91000366210938,78.11000061035156,78.31999969482422,78.31999969482422,1895300,0.0,0.0,KEYS
2019-02-13 00:00:00-05:00,78.9800033569336,79.83000183105469,78.7300033569336,78.9000015258789,78.9000015258789,1444500,0.0,0.0,KEYS
2019-02-14 00:00:00-05:00,78.86000061035156,79.47000122070312,78.47000122070312,79.0199966430664,79.0199966430664,2388100,0.0,0.0,KEYS
2019-02-15 00:00:00-05:00,79.88999938964844,80.48999786376953,79.4000015258789,80.37999725341797,80.37999725341797,1694300,0.0,0.0,KEYS
2019-02-19 00:00:00-05:00,81.33000183105469,81.4800033569336,80.50900268554688,80.66000366210938,80.66000366210938,1807600,0.0,0.0,KEYS
2019-02-20 00:00:00-05:00,81.0,81.6500015258789,80.77999877929688,81.08000183105469,81.08000183105469,1883400,0.0,0.0,KEYS
2019-02-21 00:00:00-05:00,81.45999908447266,82.0,80.04000091552734,81.75,81.75,2878300,0.0,0.0,KEYS
2019-02-22 00:00:00-05:00,84.13999938964844,86.01000213623047,81.5999984741211,82.45999908447266,82.45999908447266,4069900,0.0,0.0,KEYS
2019-02-25 00:00:00-05:00,83.31999969482422,84.70999908447266,83.0,83.08000183105469,83.08000183105469,2405200,0.0,0.0,KEYS
2019-02-26 00:00:00-05:00,83.19999694824219,84.8499984741211,83.11000061035156,84.63999938964844,84.63999938964844,2164700,0.0,0.0,KEYS
2019-02-27 00:00:00-05:00,84.5,85.47000122070312,84.16999816894531,84.81999969482422,84.81999969482422,1594800,0.0,0.0,KEYS
2019-02-28 00:00:00-05:00,84.5999984741211,84.94999694824219,83.9800033569336,84.41000366210938,84.41000366210938,1650000,0.0,0.0,KEYS
2019-03-01 00:00:00-05:00,85.0,85.98999786376953,84.70999908447266,85.9000015258789,85.9000015258789,1679400,0.0,0.0,KEYS
2019-03-04 00:00:00-05:00,86.1500015258789,86.58999633789062,84.29000091552734,85.2300033569336,85.2300033569336,1850000,0.0,0.0,KEYS
2019-03-05 00:00:00-05:00,85.5,85.5,84.52999877929688,85.26000213623047,85.26000213623047,1713700,0.0,0.0,KEYS
2019-03-06 00:00:00-05:00,85.3499984741211,85.48999786376953,84.51000213623047,85.25,85.25,1967900,0.0,0.0,KEYS
2019-03-07 00:00:00-05:00,85.0,85.25,84.00199890136719,84.58000183105469,84.58000183105469,1556700,0.0,0.0,KEYS
2019-03-08 00:00:00-05:00,83.66999816894531,84.19999694824219,83.1500015258789,83.98999786376953,83.98999786376953,957300,0.0,0.0,KEYS
2019-03-11 00:00:00-04:00,84.30000305175781,85.11000061035156,84.18000030517578,85.0,85.0,1257000,0.0,0.0,KEYS
2019-03-12 00:00:00-04:00,85.04000091552734,85.36900329589844,84.26000213623047,84.88999938964844,84.88999938964844,1307200,0.0,0.0,KEYS
2019-03-13 00:00:00-04:00,85.20999908447266,85.70999908447266,84.16500091552734,84.20999908447266,84.20999908447266,3057800,0.0,0.0,KEYS
2019-03-14 00:00:00-04:00,84.41000366210938,85.5,84.0,85.33000183105469,85.33000183105469,2090500,0.0,0.0,KEYS
2019-03-15 00:00:00-04:00,85.36000061035156,86.51200103759766,85.05999755859375,85.9800033569336,85.9800033569336,3138900,0.0,0.0,KEYS
2019-03-18 00:00:00-04:00,85.9800033569336,86.55000305175781,85.2699966430664,85.73999786376953,85.73999786376953,2537100,0.0,0.0,KEYS
2019-03-19 00:00:00-04:00,86.22000122070312,86.75,85.70999908447266,86.29000091552734,86.29000091552734,1924800,0.0,0.0,KEYS
2019-03-20 00:00:00-04:00,86.4000015258789,87.19999694824219,85.5999984741211,86.36000061035156,86.36000061035156,1054400,0.0,0.0,KEYS
2019-03-21 00:00:00-04:00,86.25,88.0,86.0,87.52999877929688,87.52999877929688,993800,0.0,0.0,KEYS
2019-03-22 00:00:00-04:00,87.08000183105469,88.08999633789062,84.68000030517578,84.76000213623047,84.76000213623047,1596500,0.0,0.0,KEYS
2019-03-25 00:00:00-04:00,84.75,85.01499938964844,83.79000091552734,84.77999877929688,84.77999877929688,1306300,0.0,0.0,KEYS
2019-03-26 00:00:00-04:00,85.5,86.20999908447266,84.56999969482422,85.36000061035156,85.36000061035156,1221200,0.0,0.0,KEYS
2019-03-27 00:00:00-04:00,85.62999725341797,86.19000244140625,84.33000183105469,85.31999969482422,85.31999969482422,1103800,0.0,0.0,KEYS
2019-03-28 00:00:00-04:00,85.62000274658203,87.12000274658203,85.37000274658203,86.51000213623047,86.51000213623047,1414800,0.0,0.0,KEYS
2019-03-29 00:00:00-04:00,87.0,87.56999969482422,86.5999984741211,87.19999694824219,87.19999694824219,1208500,0.0,0.0,KEYS
2019-04-01 00:00:00-04:00,88.0,89.55999755859375,87.97000122070312,89.13999938964844,89.13999938964844,1405000,0.0,0.0,KEYS
2019-04-02 00:00:00-04:00,89.2699966430664,89.5999984741211,88.38999938964844,89.29000091552734,89.29000091552734,1471500,0.0,0.0,KEYS
2019-04-03 00:00:00-04:00,89.68000030517578,90.3479995727539,88.94999694824219,89.98999786376953,89.98999786376953,1192500,0.0,0.0,KEYS
2019-04-04 00:00:00-04:00,90.0,90.34500122070312,88.11000061035156,88.97000122070312,88.97000122070312,1277300,0.0,0.0,KEYS
2019-04-05 00:00:00-04:00,89.37000274658203,89.92500305175781,89.0999984741211,89.44000244140625,89.44000244140625,1045900,0.0,0.0,KEYS
2019-04-08 00:00:00-04:00,89.19000244140625,89.9000015258789,88.5199966430664,89.8499984741211,89.8499984741211,1182900,0.0,0.0,KEYS
2019-04-09 00:00:00-04:00,89.44000244140625,90.93000030517578,89.33999633789062,90.12000274658203,90.12000274658203,1296200,0.0,0.0,KEYS
2019-04-10 00:00:00-04:00,90.12000274658203,90.88999938964844,89.93099975585938,90.62000274658203,90.62000274658203,1048600,0.0,0.0,KEYS
2019-04-11 00:00:00-04:00,90.83999633789062,91.41999816894531,90.30000305175781,91.37000274658203,91.37000274658203,1462700,0.0,0.0,KEYS
2019-04-12 00:00:00-04:00,91.77999877929688,92.0,90.87000274658203,91.83999633789062,91.83999633789062,1184300,0.0,0.0,KEYS
2019-04-15 00:00:00-04:00,92.0,92.98999786376953,91.11000061035156,91.69999694824219,91.69999694824219,1305700,0.0,0.0,KEYS
2019-04-16 00:00:00-04:00,92.0,92.12999725341797,90.37999725341797,90.5199966430664,90.5199966430664,1360100,0.0,0.0,KEYS
2019-04-17 00:00:00-04:00,91.0,91.47000122070312,88.16000366210938,88.30000305175781,88.30000305175781,2337800,0.0,0.0,KEYS
2019-04-18 00:00:00-04:00,88.48999786376953,89.8499984741211,88.06999969482422,89.83999633789062,89.83999633789062,1339600,0.0,0.0,KEYS
2019-04-22 00:00:00-04:00,90.0,91.25,89.5999984741211,90.58999633789062,90.58999633789062,1220400,0.0,0.0,KEYS
2019-04-23 00:00:00-04:00,90.8499984741211,92.83999633789062,90.83999633789062,92.2699966430664,92.2699966430664,1864400,0.0,0.0,KEYS
2019-04-24 00:00:00-04:00,92.37000274658203,93.7699966430664,92.1500015258789,92.79000091552734,92.79000091552734,1482700,0.0,0.0,KEYS
2019-04-25 00:00:00-04:00,92.0199966430664,92.08000183105469,87.02999877929688,87.73999786376953,87.73999786376953,2614100,0.0,0.0,KEYS
2019-04-26 00:00:00-04:00,87.2300033569336,87.48999786376953,84.06999969482422,85.87999725341797,85.87999725341797,4195700,0.0,0.0,KEYS
2019-04-29 00:00:00-04:00,86.27999877929688,86.83999633789062,85.23999786376953,86.7300033569336,86.7300033569336,1745900,0.0,0.0,KEYS
2019-04-30 00:00:00-04:00,86.5,87.0999984741211,86.01499938964844,87.02999877929688,87.02999877929688,1331400,0.0,0.0,KEYS
2019-05-01 00:00:00-04:00,88.0,88.47000122070312,85.79000091552734,85.86000061035156,85.86000061035156,1891000,0.0,0.0,KEYS
2019-05-02 00:00:00-04:00,85.75,87.69000244140625,85.5999984741211,87.3499984741211,87.3499984741211,1303400,0.0,0.0,KEYS
2019-05-03 00:00:00-04:00,88.0,88.22000122070312,87.25499725341797,88.18000030517578,88.18000030517578,908600,0.0,0.0,KEYS
2019-05-06 00:00:00-04:00,86.1500015258789,88.33499908447266,85.69000244140625,88.13999938964844,88.13999938964844,968100,0.0,0.0,KEYS
2019-05-07 00:00:00-04:00,87.19999694824219,87.62999725341797,85.62000274658203,86.41999816894531,86.41999816894531,1219800,0.0,0.0,KEYS
2019-05-08 00:00:00-04:00,86.4000015258789,87.54000091552734,86.22000122070312,86.75,86.75,1177900,0.0,0.0,KEYS
2019-05-09 00:00:00-04:00,85.83999633789062,87.2699966430664,84.83000183105469,86.30000305175781,86.30000305175781,956300,0.0,0.0,KEYS
2019-05-10 00:00:00-04:00,85.80000305175781,86.66000366210938,84.30000305175781,85.83000183105469,85.83000183105469,866900,0.0,0.0,KEYS
2019-05-13 00:00:00-04:00,84.12000274658203,84.18000030517578,82.35900115966797,82.62000274658203,82.62000274658203,1523300,0.0,0.0,KEYS
2019-05-14 00:00:00-04:00,82.9000015258789,84.0999984741211,82.83000183105469,83.79000091552734,83.79000091552734,1512700,0.0,0.0,KEYS
2019-05-15 00:00:00-04:00,83.5,84.91999816894531,82.9000015258789,84.41000366210938,84.41000366210938,962500,0.0,0.0,KEYS
2019-05-16 00:00:00-04:00,84.4800033569336,85.83000183105469,84.26000213623047,85.19000244140625,85.19000244140625,1169100,0.0,0.0,KEYS
2019-05-17 00:00:00-04:00,83.9800033569336,84.05000305175781,81.6500015258789,81.86000061035156,81.86000061035156,2187200,0.0,0.0,KEYS
2019-05-20 00:00:00-04:00,77.80999755859375,77.80999755859375,72.63999938964844,74.55999755859375,74.55999755859375,4709800,0.0,0.0,KEYS
2019-05-21 00:00:00-04:00,75.47000122070312,75.96900177001953,75.11000061035156,75.36000061035156,75.36000061035156,2392600,0.0,0.0,KEYS
2019-05-22 00:00:00-04:00,75.0,76.72000122070312,74.36000061035156,75.76000213623047,75.76000213623047,1489500,0.0,0.0,KEYS
2019-05-23 00:00:00-04:00,74.66999816894531,74.70999908447266,72.97000122070312,73.55999755859375,73.55999755859375,2287300,0.0,0.0,KEYS
2019-05-24 00:00:00-04:00,74.1500015258789,74.54000091552734,73.5,73.69000244140625,73.69000244140625,1231400,0.0,0.0,KEYS
2019-05-28 00:00:00-04:00,74.08999633789062,74.55699920654297,72.88999938964844,73.12999725341797,73.12999725341797,2782200,0.0,0.0,KEYS
2019-05-29 00:00:00-04:00,72.54000091552734,72.73999786376953,71.02999877929688,71.41999816894531,71.41999816894531,2425800,0.0,0.0,KEYS
2019-05-30 00:00:00-04:00,79.76000213623047,81.77999877929688,77.01100158691406,79.48999786376953,79.48999786376953,6986400,0.0,0.0,KEYS
2019-05-31 00:00:00-04:00,78.58000183105469,78.95999908447266,74.94000244140625,75.12999725341797,75.12999725341797,2882400,0.0,0.0,KEYS
2019-06-03 00:00:00-04:00,75.1500015258789,75.93000030517578,73.61000061035156,74.20999908447266,74.20999908447266,3018100,0.0,0.0,KEYS
2019-06-04 00:00:00-04:00,75.25,78.37000274658203,75.1500015258789,78.16000366210938,78.16000366210938,2413400,0.0,0.0,KEYS
2019-06-05 00:00:00-04:00,78.73999786376953,79.53500366210938,78.0,79.08000183105469,79.08000183105469,2514100,0.0,0.0,KEYS
2019-06-06 00:00:00-04:00,79.3499984741211,80.08000183105469,77.7699966430664,79.91999816894531,79.91999816894531,2314900,0.0,0.0,KEYS
2019-06-07 00:00:00-04:00,80.0999984741211,82.33999633789062,79.94000244140625,82.12999725341797,82.12999725341797,1954700,0.0,0.0,KEYS
2019-06-10 00:00:00-04:00,82.80999755859375,83.58000183105469,82.22000122070312,82.36000061035156,82.36000061035156,1641600,0.0,0.0,KEYS
2019-06-11 00:00:00-04:00,82.93000030517578,83.7699966430664,82.56999969482422,83.66999816894531,83.66999816894531,2451500,0.0,0.0,KEYS
2019-06-12 00:00:00-04:00,83.66999816894531,84.45999908447266,83.12999725341797,84.36000061035156,84.36000061035156,1424900,0.0,0.0,KEYS
2019-06-13 00:00:00-04:00,84.41000366210938,85.32499694824219,84.28500366210938,84.83000183105469,84.83000183105469,2098200,0.0,0.0,KEYS
2019-06-14 00:00:00-04:00,84.23999786376953,84.43000030517578,82.91999816894531,83.83000183105469,83.83000183105469,1726500,0.0,0.0,KEYS
2019-06-17 00:00:00-04:00,83.80000305175781,84.80999755859375,83.22000122070312,83.33999633789062,83.33999633789062,1331500,0.0,0.0,KEYS
2019-06-18 00:00:00-04:00,83.80999755859375,86.05999755859375,83.6500015258789,86.0,86.0,1319900,0.0,0.0,KEYS
2019-06-19 00:00:00-04:00,86.0,86.94000244140625,85.77999877929688,86.79000091552734,86.79000091552734,1393800,0.0,0.0,KEYS
2019-06-20 00:00:00-04:00,87.62000274658203,88.5999984741211,87.56999969482422,88.4000015258789,88.4000015258789,1863800,0.0,0.0,KEYS
2019-06-21 00:00:00-04:00,88.0,88.0,86.30000305175781,86.41999816894531,86.41999816894531,2073600,0.0,0.0,KEYS
2019-06-24 00:00:00-04:00,86.2699966430664,86.66000366210938,85.61000061035156,86.44999694824219,86.44999694824219,1277200,0.0,0.0,KEYS
2019-06-25 00:00:00-04:00,86.12000274658203,86.25,84.7750015258789,85.22000122070312,85.22000122070312,1404200,0.0,0.0,KEYS
2019-06-26 00:00:00-04:00,86.01000213623047,88.01000213623047,85.8499984741211,87.2300033569336,87.2300033569336,1494000,0.0,0.0,KEYS
2019-06-27 00:00:00-04:00,87.58000183105469,88.1050033569336,87.05000305175781,87.12000274658203,87.12000274658203,1313800,0.0,0.0,KEYS
2019-06-28 00:00:00-04:00,87.31999969482422,89.98999786376953,86.55999755859375,89.80999755859375,89.80999755859375,7290000,0.0,0.0,KEYS
2019-07-01 00:00:00-04:00,91.9000015258789,94.5199966430664,91.5,92.83000183105469,92.83000183105469,3007900,0.0,0.0,KEYS
2019-07-02 00:00:00-04:00,92.5,92.5,89.58000183105469,90.8499984741211,90.8499984741211,2096300,0.0,0.0,KEYS
2019-07-03 00:00:00-04:00,90.8499984741211,91.44000244140625,89.93000030517578,91.36000061035156,91.36000061035156,756500,0.0,0.0,KEYS
2019-07-05 00:00:00-04:00,90.5,91.5,89.01000213623047,91.47000122070312,91.47000122070312,1032900,0.0,0.0,KEYS
2019-07-08 00:00:00-04:00,90.5199966430664,90.80999755859375,89.66000366210938,89.83000183105469,89.83000183105469,1162200,0.0,0.0,KEYS
2019-07-09 00:00:00-04:00,89.69999694824219,90.38999938964844,89.0199966430664,90.05000305175781,90.05000305175781,1739800,0.0,0.0,KEYS
2019-07-10 00:00:00-04:00,90.47000122070312,91.7300033569336,88.91999816894531,88.94999694824219,88.94999694824219,1813700,0.0,0.0,KEYS
2019-07-11 00:00:00-04:00,89.25,89.87999725341797,88.55000305175781,89.76000213623047,89.76000213623047,1345000,0.0,0.0,KEYS
2019-07-12 00:00:00-04:00,89.68000030517578,91.55000305175781,89.3499984741211,91.37000274658203,91.37000274658203,938700,0.0,0.0,KEYS
2019-07-15 00:00:00-04:00,91.5,91.60800170898438,90.18000030517578,91.01000213623047,91.01000213623047,772000,0.0,0.0,KEYS
2019-07-16 00:00:00-04:00,90.83000183105469,90.93000030517578,89.16000366210938,89.41999816894531,89.41999816894531,815600,0.0,0.0,KEYS
2019-07-17 00:00:00-04:00,89.19999694824219,89.375,88.07499694824219,88.22000122070312,88.22000122070312,1139000,0.0,0.0,KEYS
2019-07-18 00:00:00-04:00,87.75,87.94000244140625,86.51000213623047,87.37999725341797,87.37999725341797,914600,0.0,0.0,KEYS
2019-07-19 00:00:00-04:00,87.73999786376953,88.29000091552734,87.41999816894531,87.45999908447266,87.45999908447266,892200,0.0,0.0,KEYS
2019-07-22 00:00:00-04:00,85.62000274658203,87.94000244140625,85.62000274658203,87.43000030517578,87.43000030517578,956200,0.0,0.0,KEYS
2019-07-23 00:00:00-04:00,87.66999816894531,89.0,87.38999938964844,88.77999877929688,88.77999877929688,665500,0.0,0.0,KEYS
2019-07-24 00:00:00-04:00,89.38999938964844,93.86000061035156,89.19999694824219,93.70999908447266,93.70999908447266,2063500,0.0,0.0,KEYS
2019-07-25 00:00:00-04:00,93.0,93.0,90.46900177001953,90.75,90.75,1798400,0.0,0.0,KEYS
2019-07-26 00:00:00-04:00,91.44999694824219,91.91999816894531,90.44000244140625,90.80000305175781,90.80000305175781,965300,0.0,0.0,KEYS
2019-07-29 00:00:00-04:00,91.0,91.0,89.41000366210938,90.26000213623047,90.26000213623047,572400,0.0,0.0,KEYS
2019-07-30 00:00:00-04:00,89.8499984741211,91.6500015258789,89.51000213623047,91.20999908447266,91.20999908447266,827500,0.0,0.0,KEYS
2019-07-31 00:00:00-04:00,91.16999816894531,91.27999877929688,88.41000366210938,89.5199966430664,89.5199966430664,1431800,0.0,0.0,KEYS
2019-08-01 00:00:00-04:00,89.33999633789062,92.79000091552734,89.16000366210938,89.58999633789062,89.58999633789062,1129500,0.0,0.0,KEYS
2019-08-02 00:00:00-04:00,89.0,89.0,86.02999877929688,88.0999984741211,88.0999984741211,1149000,0.0,0.0,KEYS
2019-08-05 00:00:00-04:00,85.29000091552734,86.0,82.72000122070312,83.54000091552734,83.54000091552734,1454100,0.0,0.0,KEYS
2019-08-06 00:00:00-04:00,84.58999633789062,86.0199966430664,83.9800033569336,85.87999725341797,85.87999725341797,950100,0.0,0.0,KEYS
2019-08-07 00:00:00-04:00,84.44999694824219,85.45999908447266,83.69000244140625,85.2300033569336,85.2300033569336,1054800,0.0,0.0,KEYS
2019-08-08 00:00:00-04:00,86.91999816894531,89.30000305175781,86.66999816894531,89.26000213623047,89.26000213623047,1237200,0.0,0.0,KEYS
2019-08-09 00:00:00-04:00,88.41999816894531,88.5199966430664,86.38999938964844,87.38999938964844,87.38999938964844,1109400,0.0,0.0,KEYS
2019-08-12 00:00:00-04:00,86.5999984741211,87.375,86.05999755859375,86.25,86.25,662100,0.0,0.0,KEYS
2019-08-13 00:00:00-04:00,85.55000305175781,89.06999969482422,85.55000305175781,88.47000122070312,88.47000122070312,1368700,0.0,0.0,KEYS
2019-08-14 00:00:00-04:00,86.81999969482422,87.0199966430664,83.62000274658203,84.01000213623047,84.01000213623047,1595200,0.0,0.0,KEYS
2019-08-15 00:00:00-04:00,84.26000213623047,84.5,82.41000366210938,83.33999633789062,83.33999633789062,1790500,0.0,0.0,KEYS
2019-08-16 00:00:00-04:00,84.4000015258789,86.02999877929688,84.0,85.69000244140625,85.69000244140625,966400,0.0,0.0,KEYS
2019-08-19 00:00:00-04:00,87.66000366210938,88.05000305175781,86.72000122070312,87.37000274658203,87.37000274658203,1035600,0.0,0.0,KEYS
2019-08-20 00:00:00-04:00,87.11000061035156,88.47000122070312,86.23999786376953,87.30000305175781,87.30000305175781,2137400,0.0,0.0,KEYS
2019-08-21 00:00:00-04:00,88.55000305175781,89.2249984741211,88.16000366210938,89.13999938964844,89.13999938964844,2485100,0.0,0.0,KEYS
2019-08-22 00:00:00-04:00,94.44000244140625,101.58000183105469,91.60099792480469,100.3499984741211,100.3499984741211,11175500,0.0,0.0,KEYS
2019-08-23 00:00:00-04:00,97.4800033569336,98.66999816894531,92.5999984741211,93.18000030517578,93.18000030517578,5112400,0.0,0.0,KEYS
2019-08-26 00:00:00-04:00,94.16999816894531,95.66000366210938,93.26000213623047,95.16999816894531,95.16999816894531,2642500,0.0,0.0,KEYS
2019-08-27 00:00:00-04:00,95.2300033569336,95.875,93.87999725341797,94.51000213623047,94.51000213623047,1907800,0.0,0.0,KEYS
2019-08-28 00:00:00-04:00,94.36000061035156,96.58000183105469,93.05000305175781,96.08999633789062,96.08999633789062,1691400,0.0,0.0,KEYS
2019-08-29 00:00:00-04:00,97.3499984741211,97.77999877929688,95.16999816894531,96.81999969482422,96.81999969482422,1520500,0.0,0.0,KEYS
2019-08-30 00:00:00-04:00,97.08000183105469,97.87999725341797,95.77999877929688,96.86000061035156,96.86000061035156,1304100,0.0,0.0,KEYS
2019-09-03 00:00:00-04:00,96.0,96.29499816894531,93.7300033569336,94.79000091552734,94.79000091552734,1404000,0.0,0.0,KEYS
2019-09-04 00:00:00-04:00,96.06999969482422,96.94000244140625,95.16999816894531,95.83999633789062,95.83999633789062,1222500,0.0,0.0,KEYS
2019-09-05 00:00:00-04:00,96.58000183105469,99.97000122070312,96.58000183105469,99.30000305175781,99.30000305175781,2595800,0.0,0.0,KEYS
2019-09-06 00:00:00-04:00,99.02999877929688,99.02999877929688,97.5999984741211,98.05000305175781,98.05000305175781,1184400,0.0,0.0,KEYS
2019-09-09 00:00:00-04:00,99.20999908447266,100.52999877929688,97.77999877929688,98.62999725341797,98.62999725341797,2065100,0.0,0.0,KEYS
2019-09-10 00:00:00-04:00,97.6500015258789,98.47000122070312,95.53500366210938,98.44000244140625,98.44000244140625,1671400,0.0,0.0,KEYS
2019-09-11 00:00:00-04:00,98.45999908447266,98.80000305175781,97.19999694824219,98.52999877929688,98.52999877929688,1118500,0.0,0.0,KEYS
2019-09-12 00:00:00-04:00,98.86000061035156,99.69000244140625,97.875,99.04000091552734,99.04000091552734,1334500,0.0,0.0,KEYS
2019-09-13 00:00:00-04:00,99.04000091552734,100.87999725341797,98.23999786376953,99.58000183105469,99.58000183105469,1618900,0.0,0.0,KEYS
2019-09-16 00:00:00-04:00,99.05000305175781,99.69000244140625,98.56999969482422,98.9800033569336,98.9800033569336,847800,0.0,0.0,KEYS
2019-09-17 00:00:00-04:00,99.3499984741211,101.75,99.0199966430664,101.37999725341797,101.37999725341797,2048900,0.0,0.0,KEYS
2019-09-18 00:00:00-04:00,101.16000366210938,101.93000030517578,99.91999816894531,101.33999633789062,101.33999633789062,1367200,0.0,0.0,KEYS
2019-09-19 00:00:00-04:00,101.30000305175781,102.0,99.9520034790039,100.01000213623047,100.01000213623047,949000,0.0,0.0,KEYS
2019-09-20 00:00:00-04:00,100.44000244140625,100.72000122070312,98.58999633789062,98.7699966430664,98.7699966430664,2014000,0.0,0.0,KEYS
2019-09-23 00:00:00-04:00,99.04000091552734,100.47000122070312,98.1500015258789,99.87000274658203,99.87000274658203,1091700,0.0,0.0,KEYS
2019-09-24 00:00:00-04:00,100.9000015258789,101.4800033569336,97.8499984741211,98.0999984741211,98.0999984741211,1395300,0.0,0.0,KEYS
2019-09-25 00:00:00-04:00,98.0,99.7300033569336,96.66000366210938,99.5999984741211,99.5999984741211,735600,0.0,0.0,KEYS
2019-09-26 00:00:00-04:00,99.5999984741211,99.81999969482422,97.58000183105469,99.27999877929688,99.27999877929688,805900,0.0,0.0,KEYS
2019-09-27 00:00:00-04:00,99.94999694824219,100.30999755859375,95.37000274658203,96.29000091552734,96.29000091552734,1377400,0.0,0.0,KEYS
2019-09-30 00:00:00-04:00,96.73999786376953,98.0,96.36000061035156,97.25,97.25,1153000,0.0,0.0,KEYS
2019-10-01 00:00:00-04:00,97.86000061035156,98.64199829101562,95.69999694824219,95.91999816894531,95.91999816894531,1608700,0.0,0.0,KEYS
2019-10-02 00:00:00-04:00,94.76000213623047,95.1500015258789,93.05999755859375,94.80000305175781,94.80000305175781,1465000,0.0,0.0,KEYS
2019-10-03 00:00:00-04:00,94.91999816894531,95.83000183105469,92.91999816894531,95.45999908447266,95.45999908447266,1674000,0.0,0.0,KEYS
2019-10-04 00:00:00-04:00,95.45999908447266,96.69999694824219,94.83000183105469,96.58000183105469,96.58000183105469,903000,0.0,0.0,KEYS
2019-10-07 00:00:00-04:00,96.27999877929688,97.0,95.51000213623047,96.20999908447266,96.20999908447266,1438000,0.0,0.0,KEYS
2019-10-08 00:00:00-04:00,96.0199966430664,96.0199966430664,91.41999816894531,91.41999816894531,91.41999816894531,2264500,0.0,0.0,KEYS
2019-10-09 00:00:00-04:00,92.73999786376953,95.16000366210938,92.625,94.61000061035156,94.61000061035156,1692300,0.0,0.0,KEYS
2019-10-10 00:00:00-04:00,94.33000183105469,95.83000183105469,94.19999694824219,94.43000030517578,94.43000030517578,1040000,0.0,0.0,KEYS
2019-10-11 00:00:00-04:00,96.55999755859375,96.93000030517578,94.68000030517578,95.0,95.0,1347700,0.0,0.0,KEYS
2019-10-14 00:00:00-04:00,94.75,95.5999984741211,94.62999725341797,95.4800033569336,95.4800033569336,1178100,0.0,0.0,KEYS
2019-10-15 00:00:00-04:00,96.05000305175781,97.9800033569336,96.0,97.7300033569336,97.7300033569336,751600,0.0,0.0,KEYS
2019-10-16 00:00:00-04:00,97.5,97.5,95.41500091552734,95.58999633789062,95.58999633789062,1005600,0.0,0.0,KEYS
2019-10-17 00:00:00-04:00,96.41000366210938,97.18499755859375,96.0999984741211,97.04000091552734,97.04000091552734,862000,0.0,0.0,KEYS
2019-10-18 00:00:00-04:00,97.91999816894531,99.52999877929688,96.94000244140625,98.26000213623047,98.26000213623047,1814400,0.0,0.0,KEYS
2019-10-21 00:00:00-04:00,98.9000015258789,103.62999725341797,98.88999938964844,102.97000122070312,102.97000122070312,3123400,0.0,0.0,KEYS
2019-10-22 00:00:00-04:00,102.75,103.61000061035156,101.87000274658203,102.5,102.5,1766300,0.0,0.0,KEYS
2019-10-23 00:00:00-04:00,102.05000305175781,103.5199966430664,100.63999938964844,103.43000030517578,103.43000030517578,1476100,0.0,0.0,KEYS
2019-10-24 00:00:00-04:00,103.5,103.94599914550781,100.7300033569336,100.7300033569336,100.7300033569336,1667800,0.0,0.0,KEYS
2019-10-25 00:00:00-04:00,100.5999984741211,102.0999984741211,100.16999816894531,101.27999877929688,101.27999877929688,916700,0.0,0.0,KEYS
2019-10-28 00:00:00-04:00,102.30000305175781,103.16000366210938,102.11699676513672,102.43000030517578,102.43000030517578,1176700,0.0,0.0,KEYS
2019-10-29 00:00:00-04:00,102.41999816894531,104.54000091552734,102.02999877929688,104.38999938964844,104.38999938964844,1685300,0.0,0.0,KEYS
2019-10-30 00:00:00-04:00,104.05000305175781,104.05000305175781,102.26000213623047,103.27999877929688,103.27999877929688,1382300,0.0,0.0,KEYS
2019-10-31 00:00:00-04:00,103.19999694824219,103.45099639892578,99.9000015258789,100.91000366210938,100.91000366210938,1643300,0.0,0.0,KEYS
2019-11-01 00:00:00-04:00,101.55000305175781,102.0199966430664,100.55999755859375,101.9000015258789,101.9000015258789,1176800,0.0,0.0,KEYS
2019-11-04 00:00:00-05:00,103.43000030517578,104.69000244140625,103.16999816894531,104.30000305175781,104.30000305175781,988800,0.0,0.0,KEYS
2019-11-05 00:00:00-05:00,104.9000015258789,105.62000274658203,103.8499984741211,104.12000274658203,104.12000274658203,1556900,0.0,0.0,KEYS
2019-11-06 00:00:00-05:00,104.37000274658203,104.54000091552734,101.80000305175781,103.37999725341797,103.37999725341797,1005800,0.0,0.0,KEYS
2019-11-07 00:00:00-05:00,104.0,104.87999725341797,103.44000244140625,103.72000122070312,103.72000122070312,669900,0.0,0.0,KEYS
2019-11-08 00:00:00-05:00,103.73999786376953,105.36000061035156,103.16999816894531,105.25,105.25,735100,0.0,0.0,KEYS
2019-11-11 00:00:00-05:00,104.48999786376953,106.04000091552734,104.42500305175781,105.62000274658203,105.62000274658203,818400,0.0,0.0,KEYS
2019-11-12 00:00:00-05:00,106.43000030517578,107.18000030517578,106.0,107.05999755859375,107.05999755859375,989800,0.0,0.0,KEYS
2019-11-13 00:00:00-05:00,106.3499984741211,106.68000030517578,104.77999877929688,106.6500015258789,106.6500015258789,992300,0.0,0.0,KEYS
2019-11-14 00:00:00-05:00,106.0,106.86000061035156,105.58999633789062,106.83000183105469,106.83000183105469,743800,0.0,0.0,KEYS
2019-11-15 00:00:00-05:00,107.62000274658203,109.12999725341797,107.16999816894531,109.08000183105469,109.08000183105469,1215300,0.0,0.0,KEYS
2019-11-18 00:00:00-05:00,110.0,110.0,107.11000061035156,107.37000274658203,107.37000274658203,1542800,0.0,0.0,KEYS
2019-11-19 00:00:00-05:00,107.51000213623047,108.4749984741211,106.56999969482422,108.12999725341797,108.12999725341797,766100,0.0,0.0,KEYS
2019-11-20 00:00:00-05:00,107.66000366210938,108.76000213623047,106.91000366210938,107.51000213623047,107.51000213623047,1099900,0.0,0.0,KEYS
2019-11-21 00:00:00-05:00,107.16999816894531,108.0,105.59500122070312,105.75,105.75,1071900,0.0,0.0,KEYS
2019-11-22 00:00:00-05:00,106.0,106.23999786376953,103.41999816894531,103.66000366210938,103.66000366210938,1847000,0.0,0.0,KEYS
2019-11-25 00:00:00-05:00,104.83999633789062,106.58499908447266,104.11000061035156,106.30000305175781,106.30000305175781,2069700,0.0,0.0,KEYS
2019-11-26 00:00:00-05:00,107.29000091552734,107.44999694824219,105.19999694824219,105.7300033569336,105.7300033569336,2411500,0.0,0.0,KEYS
2019-11-27 00:00:00-05:00,107.45999908447266,109.80000305175781,104.30999755859375,108.04000091552734,108.04000091552734,4267000,0.0,0.0,KEYS
2019-11-29 00:00:00-05:00,106.73999786376953,107.80000305175781,105.5,107.02999877929688,107.02999877929688,893000,0.0,0.0,KEYS
2019-12-02 00:00:00-05:00,107.06999969482422,107.33000183105469,102.87000274658203,103.29000091552734,103.29000091552734,1592800,0.0,0.0,KEYS
2019-12-03 00:00:00-05:00,101.38999938964844,102.5,100.44000244140625,101.73999786376953,101.73999786376953,1388000,0.0,0.0,KEYS
2019-12-04 00:00:00-05:00,102.41000366210938,104.23999786376953,102.41000366210938,103.16000366210938,103.16000366210938,1361500,0.0,0.0,KEYS
2019-12-05 00:00:00-05:00,103.5,103.97000122070312,100.66000366210938,100.7699966430664,100.7699966430664,1675500,0.0,0.0,KEYS
2019-12-06 00:00:00-05:00,102.2300033569336,104.8499984741211,102.11000061035156,103.19999694824219,103.19999694824219,1698700,0.0,0.0,KEYS
2019-12-09 00:00:00-05:00,102.54000091552734,103.02999877929688,101.55999755859375,101.72000122070312,101.72000122070312,1428800,0.0,0.0,KEYS
2019-12-10 00:00:00-05:00,101.4800033569336,102.88999938964844,101.37999725341797,101.5999984741211,101.5999984741211,1164300,0.0,0.0,KEYS
2019-12-11 00:00:00-05:00,101.9000015258789,103.31999969482422,101.5999984741211,103.23999786376953,103.23999786376953,1034400,0.0,0.0,KEYS
2019-12-12 00:00:00-05:00,103.47000122070312,107.41000366210938,103.33999633789062,107.30000305175781,107.30000305175781,1705500,0.0,0.0,KEYS
2019-12-13 00:00:00-05:00,106.76000213623047,108.80000305175781,106.12999725341797,107.80999755859375,107.80999755859375,1629400,0.0,0.0,KEYS
2019-12-16 00:00:00-05:00,108.05000305175781,108.44000244140625,104.91000366210938,105.16999816894531,105.16999816894531,1725200,0.0,0.0,KEYS
2019-12-17 00:00:00-05:00,105.16999816894531,105.58000183105469,103.11000061035156,103.94000244140625,103.94000244140625,1380900,0.0,0.0,KEYS
2019-12-18 00:00:00-05:00,104.88999938964844,104.97000122070312,103.7300033569336,103.93000030517578,103.93000030517578,994000,0.0,0.0,KEYS
2019-12-19 00:00:00-05:00,103.91999816894531,104.61000061035156,103.22000122070312,103.86000061035156,103.86000061035156,1203400,0.0,0.0,KEYS
2019-12-20 00:00:00-05:00,104.44000244140625,105.19000244140625,102.69999694824219,103.12000274658203,103.12000274658203,2113700,0.0,0.0,KEYS
2019-12-23 00:00:00-05:00,103.12000274658203,104.7300033569336,102.97000122070312,103.95999908447266,103.95999908447266,1058900,0.0,0.0,KEYS
2019-12-24 00:00:00-05:00,104.0,104.41999816894531,102.6050033569336,103.22000122070312,103.22000122070312,487400,0.0,0.0,KEYS
2019-12-26 00:00:00-05:00,104.0,104.9219970703125,103.04000091552734,103.6500015258789,103.6500015258789,948700,0.0,0.0,KEYS
2019-12-27 00:00:00-05:00,103.94999694824219,104.36000061035156,102.64399719238281,103.2300033569336,103.2300033569336,814800,0.0,0.0,KEYS
2019-12-30 00:00:00-05:00,103.12000274658203,103.6500015258789,100.7699966430664,102.18000030517578,102.18000030517578,1094000,0.0,0.0,KEYS
2019-12-31 00:00:00-05:00,101.72000122070312,102.88800048828125,101.72000122070312,102.62999725341797,102.62999725341797,727100,0.0,0.0,KEYS
2020-01-02 00:00:00-05:00,103.83999633789062,104.26499938964844,102.20999908447266,104.19000244140625,104.19000244140625,1231200,0.0,0.0,KEYS
2020-01-03 00:00:00-05:00,102.41000366210938,102.8499984741211,101.00399780273438,101.87999725341797,101.87999725341797,1124000,0.0,0.0,KEYS
2020-01-06 00:00:00-05:00,100.87999725341797,100.87999725341797,99.62999725341797,100.13999938964844,100.13999938964844,1193700,0.0,0.0,KEYS
2020-01-07 00:00:00-05:00,100.56999969482422,101.29000091552734,100.30999755859375,100.77999877929688,100.77999877929688,1259600,0.0,0.0,KEYS
2020-01-08 00:00:00-05:00,100.5999984741211,102.05000305175781,100.5260009765625,101.06999969482422,101.06999969482422,1233700,0.0,0.0,KEYS
2020-01-09 00:00:00-05:00,102.0,102.75,101.22000122070312,101.61000061035156,101.61000061035156,1048400,0.0,0.0,KEYS
2020-01-10 00:00:00-05:00,102.0,102.18000030517578,100.0999984741211,100.36000061035156,100.36000061035156,1051700,0.0,0.0,KEYS
2020-01-13 00:00:00-05:00,100.44000244140625,101.97000122070312,100.41999816894531,101.80000305175781,101.80000305175781,1475500,0.0,0.0,KEYS
2020-01-14 00:00:00-05:00,102.45999908447266,102.52999877929688,100.66999816894531,101.38999938964844,101.38999938964844,1954200,0.0,0.0,KEYS
2020-01-15 00:00:00-05:00,101.12000274658203,101.62999725341797,100.51000213623047,101.05999755859375,101.05999755859375,1218700,0.0,0.0,KEYS
2020-01-16 00:00:00-05:00,102.0,103.43000030517578,101.81999969482422,103.37000274658203,103.37000274658203,1277200,0.0,0.0,KEYS
2020-01-17 00:00:00-05:00,103.87000274658203,105.5999984741211,103.75499725341797,105.37000274658203,105.37000274658203,1853000,0.0,0.0,KEYS
2020-01-21 00:00:00-05:00,105.30000305175781,106.30999755859375,104.7699966430664,104.87000274658203,104.87000274658203,2088800,0.0,0.0,KEYS
2020-01-22 00:00:00-05:00,105.76000213623047,106.56999969482422,105.45999908447266,105.51000213623047,105.51000213623047,1332700,0.0,0.0,KEYS
2020-01-23 00:00:00-05:00,106.13999938964844,106.81999969482422,103.11000061035156,104.16000366210938,104.16000366210938,1822900,0.0,0.0,KEYS
2020-01-24 00:00:00-05:00,104.83999633789062,105.30000305175781,102.62999725341797,102.9800033569336,102.9800033569336,1553400,0.0,0.0,KEYS
2020-01-27 00:00:00-05:00,100.69000244140625,101.16000366210938,99.1500015258789,100.01000213623047,100.01000213623047,1291900,0.0,0.0,KEYS
2020-01-28 00:00:00-05:00,100.62000274658203,103.36000061035156,100.0999984741211,102.13999938964844,102.13999938964844,1346700,0.0,0.0,KEYS
2020-01-29 00:00:00-05:00,102.7300033569336,102.95999908447266,95.0999984741211,95.66000366210938,95.66000366210938,3420500,0.0,0.0,KEYS
2020-01-30 00:00:00-05:00,94.9800033569336,96.69499969482422,93.2300033569336,95.29000091552734,95.29000091552734,2430200,0.0,0.0,KEYS
2020-01-31 00:00:00-05:00,95.18000030517578,95.46600341796875,92.56999969482422,92.98999786376953,92.98999786376953,2237300,0.0,0.0,KEYS
2020-02-03 00:00:00-05:00,93.8499984741211,94.98999786376953,92.81999969482422,93.20999908447266,93.20999908447266,1976400,0.0,0.0,KEYS
2020-02-04 00:00:00-05:00,94.87000274658203,95.9800033569336,93.95999908447266,94.66999816894531,94.66999816894531,1907500,0.0,0.0,KEYS
2020-02-05 00:00:00-05:00,95.55000305175781,96.80899810791016,95.12999725341797,95.4000015258789,95.4000015258789,1728000,0.0,0.0,KEYS
2020-02-06 00:00:00-05:00,96.73999786376953,97.98100280761719,95.83999633789062,96.48999786376953,96.48999786376953,1553800,0.0,0.0,KEYS
2020-02-07 00:00:00-05:00,96.0,96.28399658203125,93.66000366210938,94.5,94.5,1259100,0.0,0.0,KEYS
2020-02-10 00:00:00-05:00,94.25,94.83999633789062,93.93000030517578,94.55000305175781,94.55000305175781,1494100,0.0,0.0,KEYS
2020-02-11 00:00:00-05:00,95.5,97.95999908447266,95.4800033569336,96.1500015258789,96.1500015258789,1316500,0.0,0.0,KEYS
2020-02-12 00:00:00-05:00,96.81999969482422,98.69999694824219,96.81999969482422,98.47000122070312,98.47000122070312,1671400,0.0,0.0,KEYS
2020-02-13 00:00:00-05:00,97.83000183105469,98.34300231933594,96.37999725341797,96.61000061035156,96.61000061035156,1844600,0.0,0.0,KEYS
2020-02-14 00:00:00-05:00,97.0,98.29000091552734,96.86000061035156,98.16000366210938,98.16000366210938,1460500,0.0,0.0,KEYS
2020-02-18 00:00:00-05:00,98.0,98.12799835205078,97.0,97.5999984741211,97.5999984741211,1563200,0.0,0.0,KEYS
2020-02-19 00:00:00-05:00,97.8499984741211,99.08499908447266,97.72000122070312,98.4800033569336,98.4800033569336,1386400,0.0,0.0,KEYS
2020-02-20 00:00:00-05:00,98.4800033569336,99.02999877929688,96.88999938964844,98.45999908447266,98.45999908447266,1509800,0.0,0.0,KEYS
2020-02-21 00:00:00-05:00,97.88999938964844,98.31099700927734,95.6500015258789,96.18000030517578,96.18000030517578,1966200,0.0,0.0,KEYS
2020-02-24 00:00:00-05:00,93.0,93.22899627685547,90.3499984741211,90.88999938964844,90.88999938964844,2730000,0.0,0.0,KEYS
2020-02-25 00:00:00-05:00,99.79000091552734,99.8499984741211,93.19000244140625,93.66000366210938,93.66000366210938,4298900,0.0,0.0,KEYS
2020-02-26 00:00:00-05:00,94.68000030517578,97.16999816894531,93.26000213623047,94.06999969482422,94.06999969482422,3640200,0.0,0.0,KEYS
2020-02-27 00:00:00-05:00,91.36000061035156,96.01000213623047,90.5999984741211,92.4000015258789,92.4000015258789,3434100,0.0,0.0,KEYS
2020-02-28 00:00:00-05:00,89.5,95.0,89.36000061035156,94.76000213623047,94.76000213623047,3521400,0.0,0.0,KEYS
2020-03-02 00:00:00-05:00,94.94000244140625,97.4800033569336,93.44999694824219,97.41999816894531,97.41999816894531,2516500,0.0,0.0,KEYS
2020-03-03 00:00:00-05:00,97.0,99.7699966430664,92.73999786376953,93.51000213623047,93.51000213623047,2656300,0.0,0.0,KEYS
2020-03-04 00:00:00-05:00,95.44000244140625,98.05999755859375,93.66999816894531,97.93000030517578,97.93000030517578,2133700,0.0,0.0,KEYS
2020-03-05 00:00:00-05:00,95.41000366210938,98.91999816894531,95.0,98.5999984741211,98.5999984741211,2862900,0.0,0.0,KEYS
2020-03-06 00:00:00-05:00,95.80999755859375,96.86000061035156,93.62000274658203,96.01000213623047,96.01000213623047,2477200,0.0,0.0,KEYS
2020-03-09 00:00:00-04:00,90.19999694824219,92.26000213623047,87.70999908447266,89.19999694824219,89.19999694824219,3521200,0.0,0.0,KEYS
2020-03-10 00:00:00-04:00,91.79000091552734,94.9800033569336,88.83999633789062,94.83000183105469,94.83000183105469,1991600,0.0,0.0,KEYS
2020-03-11 00:00:00-04:00,92.37000274658203,94.20999908447266,90.2699966430664,91.80000305175781,91.80000305175781,2404200,0.0,0.0,KEYS
2020-03-12 00:00:00-04:00,85.70999908447266,88.55000305175781,82.33000183105469,82.36000061035156,82.36000061035156,3438000,0.0,0.0,KEYS
2020-03-13 00:00:00-04:00,87.08999633789062,92.02999877929688,85.11000061035156,92.02999877929688,92.02999877929688,2417000,0.0,0.0,KEYS
2020-03-16 00:00:00-04:00,80.77999877929688,89.38200378417969,80.0,83.77999877929688,83.77999877929688,2765000,0.0,0.0,KEYS
2020-03-17 00:00:00-04:00,85.4000015258789,94.5,80.19999694824219,94.19000244140625,94.19000244140625,2947000,0.0,0.0,KEYS
2020-03-18 00:00:00-04:00,86.62999725341797,91.11000061035156,82.41999816894531,86.0,86.0,3053100,0.0,0.0,KEYS
2020-03-19 00:00:00-04:00,85.16000366210938,86.48999786376953,79.87000274658203,85.97000122070312,85.97000122070312,2721400,0.0,0.0,KEYS
2020-03-20 00:00:00-04:00,86.18000030517578,86.48999786376953,81.13999938964844,83.08999633789062,83.08999633789062,3254500,0.0,0.0,KEYS
2020-03-23 00:00:00-04:00,82.66000366210938,83.9000015258789,79.0,81.16999816894531,81.16999816894531,2061300,0.0,0.0,KEYS
2020-03-24 00:00:00-04:00,84.76000213623047,86.8499984741211,81.88999938964844,85.05999755859375,85.05999755859375,2162000,0.0,0.0,KEYS
2020-03-25 00:00:00-04:00,84.18000030517578,85.0,80.58999633789062,81.95999908447266,81.95999908447266,2286700,0.0,0.0,KEYS
2020-03-26 00:00:00-04:00,82.0999984741211,86.25,81.70999908447266,84.20999908447266,84.20999908447266,1930200,0.0,0.0,KEYS
2020-03-27 00:00:00-04:00,82.9800033569336,82.9800033569336,77.93000030517578,78.27999877929688,78.27999877929688,2366500,0.0,0.0,KEYS
2020-03-30 00:00:00-04:00,79.38999938964844,86.48999786376953,78.95999908447266,85.66000366210938,85.66000366210938,1935100,0.0,0.0,KEYS
2020-03-31 00:00:00-04:00,85.18000030517578,86.58000183105469,83.19000244140625,83.68000030517578,83.68000030517578,2273500,0.0,0.0,KEYS
2020-04-01 00:00:00-04:00,81.19000244140625,83.37999725341797,80.06999969482422,80.88999938964844,80.88999938964844,1279500,0.0,0.0,KEYS
2020-04-02 00:00:00-04:00,79.88999938964844,83.87999725341797,79.40499877929688,83.75,83.75,1440300,0.0,0.0,KEYS
2020-04-03 00:00:00-04:00,83.5999984741211,84.94000244140625,80.66999816894531,82.5199966430664,82.5199966430664,1301000,0.0,0.0,KEYS
2020-04-06 00:00:00-04:00,85.55999755859375,91.52999877929688,85.0,90.7300033569336,90.7300033569336,1981600,0.0,0.0,KEYS
2020-04-07 00:00:00-04:00,93.30999755859375,94.62999725341797,89.0,89.20999908447266,89.20999908447266,2201400,0.0,0.0,KEYS
2020-04-08 00:00:00-04:00,90.11000061035156,91.73999786376953,88.3010025024414,91.0,91.0,1283000,0.0,0.0,KEYS
2020-04-09 00:00:00-04:00,91.05999755859375,93.2699966430664,90.37999725341797,92.0999984741211,92.0999984741211,1040000,0.0,0.0,KEYS
2020-04-13 00:00:00-04:00,91.41000366210938,92.86000061035156,90.71600341796875,92.55000305175781,92.55000305175781,1018600,0.0,0.0,KEYS
2020-04-14 00:00:00-04:00,93.63999938964844,96.1500015258789,93.5989990234375,94.86000061035156,94.86000061035156,1026100,0.0,0.0,KEYS
2020-04-15 00:00:00-04:00,93.29000091552734,93.4800033569336,91.86000061035156,92.97000122070312,92.97000122070312,900700,0.0,0.0,KEYS
2020-04-16 00:00:00-04:00,93.12999725341797,96.87999725341797,92.58499908447266,96.58000183105469,96.58000183105469,1100900,0.0,0.0,KEYS
2020-04-17 00:00:00-04:00,97.6500015258789,98.56999969482422,94.86000061035156,95.83999633789062,95.83999633789062,1652800,0.0,0.0,KEYS
2020-04-20 00:00:00-04:00,95.37000274658203,97.08999633789062,94.69999694824219,95.30999755859375,95.30999755859375,1063300,0.0,0.0,KEYS
2020-04-21 00:00:00-04:00,94.47000122070312,94.47000122070312,91.28299713134766,91.5999984741211,91.5999984741211,1006500,0.0,0.0,KEYS
2020-04-22 00:00:00-04:00,93.61000061035156,95.83000183105469,93.35900115966797,95.2699966430664,95.2699966430664,723500,0.0,0.0,KEYS
2020-04-23 00:00:00-04:00,95.58999633789062,97.27999877929688,95.0999984741211,95.76000213623047,95.76000213623047,1155600,0.0,0.0,KEYS
2020-04-24 00:00:00-04:00,96.0,97.8499984741211,94.55000305175781,97.54000091552734,97.54000091552734,1122300,0.0,0.0,KEYS
2020-04-27 00:00:00-04:00,97.75,98.18000030517578,95.83999633789062,96.33000183105469,96.33000183105469,2331200,0.0,0.0,KEYS
2020-04-28 00:00:00-04:00,98.26000213623047,98.31999969482422,95.05999755859375,95.93000030517578,95.93000030517578,1049300,0.0,0.0,KEYS
2020-04-29 00:00:00-04:00,98.5,99.44000244140625,97.31199645996094,98.91000366210938,98.91000366210938,996500,0.0,0.0,KEYS
2020-04-30 00:00:00-04:00,98.18000030517578,98.18000030517578,96.33999633789062,96.7699966430664,96.7699966430664,970800,0.0,0.0,KEYS
2020-05-01 00:00:00-04:00,95.05000305175781,95.59500122070312,93.13999938964844,93.83999633789062,93.83999633789062,800800,0.0,0.0,KEYS
2020-05-04 00:00:00-04:00,93.44000244140625,93.9000015258789,92.20999908447266,93.48999786376953,93.48999786376953,793800,0.0,0.0,KEYS
2020-05-05 00:00:00-04:00,94.43000030517578,97.41999816894531,94.36000061035156,96.0199966430664,96.0199966430664,982000,0.0,0.0,KEYS
2020-05-06 00:00:00-04:00,97.30999755859375,100.19000244140625,96.80999755859375,98.88999938964844,98.88999938964844,1319100,0.0,0.0,KEYS
2020-05-07 00:00:00-04:00,99.73999786376953,100.36000061035156,96.86000061035156,96.98999786376953,96.98999786376953,1313300,0.0,0.0,KEYS
2020-05-08 00:00:00-04:00,98.18000030517578,101.0,97.83999633789062,100.69000244140625,100.69000244140625,1180700,0.0,0.0,KEYS
2020-05-11 00:00:00-04:00,99.76000213623047,102.33000183105469,99.23999786376953,101.06999969482422,101.06999969482422,1292800,0.0,0.0,KEYS
2020-05-12 00:00:00-04:00,101.4000015258789,102.05000305175781,99.01000213623047,99.01000213623047,99.01000213623047,1118400,0.0,0.0,KEYS
2020-05-13 00:00:00-04:00,99.05999755859375,100.63999938964844,96.36499786376953,97.55999755859375,97.55999755859375,1087100,0.0,0.0,KEYS
2020-05-14 00:00:00-04:00,96.55999755859375,98.8499984741211,95.5,98.69999694824219,98.69999694824219,1219000,0.0,0.0,KEYS
2020-05-15 00:00:00-04:00,96.29000091552734,97.68000030517578,93.16000366210938,94.77999877929688,94.77999877929688,2462500,0.0,0.0,KEYS
2020-05-18 00:00:00-04:00,95.86000061035156,98.75,95.18000030517578,96.8499984741211,96.8499984741211,1485000,0.0,0.0,KEYS
2020-05-19 00:00:00-04:00,96.8499984741211,97.5,95.72000122070312,96.0,96.0,1663300,0.0,0.0,KEYS
2020-05-20 00:00:00-04:00,98.41000366210938,103.80000305175781,97.98999786376953,102.91999816894531,102.91999816894531,3562100,0.0,0.0,KEYS
2020-05-21 00:00:00-04:00,102.4000015258789,102.52999877929688,99.54000091552734,99.98999786376953,99.98999786376953,1959600,0.0,0.0,KEYS
2020-05-22 00:00:00-04:00,100.58000183105469,102.19000244140625,99.27999877929688,102.05999755859375,102.05999755859375,1542400,0.0,0.0,KEYS
2020-05-26 00:00:00-04:00,103.0,106.9800033569336,103.0,103.4000015258789,103.4000015258789,3223900,0.0,0.0,KEYS
2020-05-27 00:00:00-04:00,97.5,101.83000183105469,96.91000366210938,101.73999786376953,101.73999786376953,4926900,0.0,0.0,KEYS
2020-05-28 00:00:00-04:00,102.0,107.1989974975586,101.63999938964844,103.63999938964844,103.63999938964844,3203200,0.0,0.0,KEYS
2020-05-29 00:00:00-04:00,103.0,108.6500015258789,103.0,108.12999725341797,108.12999725341797,9318600,0.0,0.0,KEYS
2020-06-01 00:00:00-04:00,107.93000030517578,107.93000030517578,105.31999969482422,106.93000030517578,106.93000030517578,2728500,0.0,0.0,KEYS
2020-06-02 00:00:00-04:00,106.25,106.41999816894531,103.97000122070312,106.30999755859375,106.30999755859375,2102200,0.0,0.0,KEYS
2020-06-03 00:00:00-04:00,106.5,108.0999984741211,105.97000122070312,106.54000091552734,106.54000091552734,1950400,0.0,0.0,KEYS
2020-06-04 00:00:00-04:00,105.0,105.5999984741211,101.37000274658203,102.37999725341797,102.37999725341797,2423600,0.0,0.0,KEYS
2020-06-05 00:00:00-04:00,103.62999725341797,107.02999877929688,102.95999908447266,106.41000366210938,106.41000366210938,3314700,0.0,0.0,KEYS
2020-06-08 00:00:00-04:00,105.5199966430664,105.52999877929688,102.63999938964844,102.87000274658203,102.87000274658203,1755400,0.0,0.0,KEYS
2020-06-09 00:00:00-04:00,102.72000122070312,104.3550033569336,102.44000244140625,103.11000061035156,103.11000061035156,1495000,0.0,0.0,KEYS
2020-06-10 00:00:00-04:00,103.4000015258789,104.63999938964844,102.16000366210938,103.48999786376953,103.48999786376953,1415900,0.0,0.0,KEYS
2020-06-11 00:00:00-04:00,99.98999786376953,101.06500244140625,97.44999694824219,97.81999969482422,97.81999969482422,2211400,0.0,0.0,KEYS
2020-06-12 00:00:00-04:00,100.0999984741211,100.81999969482422,94.94000244140625,95.66999816894531,95.66999816894531,2338900,0.0,0.0,KEYS
2020-06-15 00:00:00-04:00,94.06999969482422,98.7300033569336,93.91000366210938,98.54000091552734,98.54000091552734,1504400,0.0,0.0,KEYS
2020-06-16 00:00:00-04:00,101.29000091552734,102.55000305175781,99.7300033569336,101.44999694824219,101.44999694824219,1442600,0.0,0.0,KEYS
2020-06-17 00:00:00-04:00,102.19999694824219,105.48999786376953,101.9000015258789,104.30999755859375,104.30999755859375,2459800,0.0,0.0,KEYS
2020-06-18 00:00:00-04:00,103.97000122070312,104.30999755859375,102.02999877929688,102.58999633789062,102.58999633789062,1705500,0.0,0.0,KEYS
2020-06-19 00:00:00-04:00,104.08999633789062,106.70999908447266,101.5999984741211,106.44000244140625,106.44000244140625,3784300,0.0,0.0,KEYS
2020-06-22 00:00:00-04:00,105.68000030517578,105.98999786376953,103.25,104.81999969482422,104.81999969482422,1476500,0.0,0.0,KEYS
2020-06-23 00:00:00-04:00,105.5,106.4800033569336,103.87000274658203,104.33999633789062,104.33999633789062,1348900,0.0,0.0,KEYS
2020-06-24 00:00:00-04:00,104.0,104.0,100.75,101.2300033569336,101.2300033569336,1227100,0.0,0.0,KEYS
2020-06-25 00:00:00-04:00,100.98999786376953,101.12000274658203,98.30999755859375,100.38999938964844,100.38999938964844,1540400,0.0,0.0,KEYS
2020-06-26 00:00:00-04:00,100.0,100.38999938964844,96.86000061035156,97.55999755859375,97.55999755859375,4232700,0.0,0.0,KEYS
2020-06-29 00:00:00-04:00,98.25,98.38999938964844,96.68499755859375,98.12999725341797,98.12999725341797,990800,0.0,0.0,KEYS
2020-06-30 00:00:00-04:00,97.9800033569336,101.33000183105469,97.8499984741211,100.77999877929688,100.77999877929688,1939800,0.0,0.0,KEYS
2020-07-01 00:00:00-04:00,101.19999694824219,101.37000274658203,99.66999816894531,99.70999908447266,99.70999908447266,1189400,0.0,0.0,KEYS
2020-07-02 00:00:00-04:00,100.25,101.55000305175781,100.01000213623047,100.7300033569336,100.7300033569336,983700,0.0,0.0,KEYS
2020-07-06 00:00:00-04:00,102.0,103.2300033569336,101.47000122070312,101.81999969482422,101.81999969482422,908600,0.0,0.0,KEYS
2020-07-07 00:00:00-04:00,100.98999786376953,101.45999908447266,99.47000122070312,99.87999725341797,99.87999725341797,1001000,0.0,0.0,KEYS
2020-07-08 00:00:00-04:00,100.41999816894531,100.41999816894531,98.58499908447266,99.13999938964844,99.13999938964844,931700,0.0,0.0,KEYS
2020-07-09 00:00:00-04:00,99.83000183105469,101.19000244140625,98.0999984741211,99.83000183105469,99.83000183105469,1729300,0.0,0.0,KEYS
2020-07-10 00:00:00-04:00,99.5,99.80000305175781,96.87000274658203,97.63999938964844,97.63999938964844,1897600,0.0,0.0,KEYS
2020-07-13 00:00:00-04:00,98.30999755859375,98.94000244140625,94.6500015258789,94.7699966430664,94.7699966430664,2453900,0.0,0.0,KEYS
2020-07-14 00:00:00-04:00,94.0,96.29000091552734,93.0999984741211,95.83000183105469,95.83000183105469,1515300,0.0,0.0,KEYS
2020-07-15 00:00:00-04:00,97.41000366210938,97.62999725341797,96.04000091552734,96.77999877929688,96.77999877929688,1697400,0.0,0.0,KEYS
2020-07-16 00:00:00-04:00,96.52999877929688,96.69999694824219,95.44999694824219,96.37999725341797,96.37999725341797,707400,0.0,0.0,KEYS
2020-07-17 00:00:00-04:00,96.76000213623047,98.13999938964844,96.62999725341797,97.77999877929688,97.77999877929688,1067700,0.0,0.0,KEYS
2020-07-20 00:00:00-04:00,97.77999877929688,98.11000061035156,96.16000366210938,97.87000274658203,97.87000274658203,1732800,0.0,0.0,KEYS
2020-07-21 00:00:00-04:00,98.33999633789062,99.48999786376953,97.4800033569336,98.43000030517578,98.43000030517578,1159300,0.0,0.0,KEYS
2020-07-22 00:00:00-04:00,98.91999816894531,99.26000213623047,97.97000122070312,98.37000274658203,98.37000274658203,672500,0.0,0.0,KEYS
2020-07-23 00:00:00-04:00,98.91999816894531,100.98300170898438,98.19000244140625,99.18000030517578,99.18000030517578,1280100,0.0,0.0,KEYS
2020-07-24 00:00:00-04:00,98.1500015258789,98.1500015258789,96.2300033569336,96.8499984741211,96.8499984741211,889000,0.0,0.0,KEYS
2020-07-27 00:00:00-04:00,97.19999694824219,98.78500366210938,97.05000305175781,98.19999694824219,98.19999694824219,950800,0.0,0.0,KEYS
2020-07-28 00:00:00-04:00,97.94000244140625,97.9749984741211,95.6500015258789,95.68000030517578,95.68000030517578,896200,0.0,0.0,KEYS
2020-07-29 00:00:00-04:00,96.16999816894531,96.93000030517578,96.11000061035156,96.20999908447266,96.20999908447266,959500,0.0,0.0,KEYS
2020-07-30 00:00:00-04:00,95.83000183105469,99.2300033569336,95.56999969482422,98.9800033569336,98.9800033569336,1034800,0.0,0.0,KEYS
2020-07-31 00:00:00-04:00,99.7699966430664,99.93000030517578,97.91999816894531,99.88999938964844,99.88999938964844,1203300,0.0,0.0,KEYS
2020-08-03 00:00:00-04:00,99.2300033569336,101.11000061035156,98.70999908447266,100.7699966430664,100.7699966430664,1108600,0.0,0.0,KEYS
2020-08-04 00:00:00-04:00,101.0,101.0,99.16000366210938,100.30000305175781,100.30000305175781,911700,0.0,0.0,KEYS
2020-08-05 00:00:00-04:00,100.58999633789062,100.75,99.38999938964844,100.3499984741211,100.3499984741211,809200,0.0,0.0,KEYS
2020-08-06 00:00:00-04:00,100.19000244140625,100.54000091552734,99.62999725341797,99.9800033569336,99.9800033569336,897600,0.0,0.0,KEYS
2020-08-07 00:00:00-04:00,99.9000015258789,100.37000274658203,97.4000015258789,98.13999938964844,98.13999938964844,1015300,0.0,0.0,KEYS
2020-08-10 00:00:00-04:00,98.1500015258789,98.41999816894531,96.66000366210938,97.7699966430664,97.7699966430664,1098400,0.0,0.0,KEYS
2020-08-11 00:00:00-04:00,98.2300033569336,99.7699966430664,97.95999908447266,98.80999755859375,98.80999755859375,1550700,0.0,0.0,KEYS
2020-08-12 00:00:00-04:00,99.2699966430664,101.0,99.1500015258789,99.56999969482422,99.56999969482422,934800,0.0,0.0,KEYS
2020-08-13 00:00:00-04:00,101.86000061035156,103.76000213623047,101.1500015258789,103.19999694824219,103.19999694824219,1507200,0.0,0.0,KEYS
2020-08-14 00:00:00-04:00,102.55000305175781,103.73999786376953,102.16000366210938,102.94999694824219,102.94999694824219,1359400,0.0,0.0,KEYS
2020-08-17 00:00:00-04:00,103.5,104.12000274658203,102.06999969482422,102.5999984741211,102.5999984741211,1381200,0.0,0.0,KEYS
2020-08-18 00:00:00-04:00,102.47000122070312,103.44000244140625,102.37999725341797,102.69000244140625,102.69000244140625,1190900,0.0,0.0,KEYS
2020-08-19 00:00:00-04:00,103.0,105.6500015258789,102.48999786376953,104.0,104.0,2513600,0.0,0.0,KEYS
2020-08-20 00:00:00-04:00,103.41999816894531,103.98999786376953,101.69999694824219,102.81999969482422,102.81999969482422,2622500,0.0,0.0,KEYS
2020-08-21 00:00:00-04:00,105.62000274658203,106.38500213623047,95.11000061035156,95.87999725341797,95.87999725341797,9291400,0.0,0.0,KEYS
2020-08-24 00:00:00-04:00,97.1500015258789,99.43000030517578,95.9000015258789,96.29000091552734,96.29000091552734,3805000,0.0,0.0,KEYS
2020-08-25 00:00:00-04:00,96.5,98.12999725341797,96.47000122070312,97.58000183105469,97.58000183105469,2116000,0.0,0.0,KEYS
2020-08-26 00:00:00-04:00,97.58999633789062,98.80000305175781,97.44000244140625,98.06999969482422,98.06999969482422,1313800,0.0,0.0,KEYS
2020-08-27 00:00:00-04:00,98.88999938964844,99.12000274658203,95.41999816894531,95.61000061035156,95.61000061035156,1713300,0.0,0.0,KEYS
2020-08-28 00:00:00-04:00,96.19000244140625,97.69000244140625,96.19000244140625,97.33000183105469,97.33000183105469,1883700,0.0,0.0,KEYS
2020-08-31 00:00:00-04:00,98.0,98.7249984741211,96.73999786376953,98.5199966430664,98.5199966430664,1333300,0.0,0.0,KEYS
2020-09-01 00:00:00-04:00,98.54000091552734,99.81500244140625,98.05000305175781,99.73999786376953,99.73999786376953,1647000,0.0,0.0,KEYS
2020-09-02 00:00:00-04:00,99.54000091552734,102.87000274658203,99.4000015258789,102.5,102.5,1775000,0.0,0.0,KEYS
2020-09-03 00:00:00-04:00,101.33000183105469,101.5,97.11000061035156,97.88999938964844,97.88999938964844,2344100,0.0,0.0,KEYS
2020-09-04 00:00:00-04:00,97.19999694824219,98.26000213623047,94.04000091552734,94.94999694824219,94.94999694824219,1605600,0.0,0.0,KEYS
2020-09-08 00:00:00-04:00,93.95999908447266,94.76000213623047,92.02999877929688,93.38999938964844,93.38999938964844,2023600,0.0,0.0,KEYS
2020-09-09 00:00:00-04:00,94.83000183105469,95.25,92.87000274658203,92.88999938964844,92.88999938964844,1889900,0.0,0.0,KEYS
2020-09-10 00:00:00-04:00,93.47000122070312,93.94999694824219,90.62000274658203,90.69000244140625,90.69000244140625,2403400,0.0,0.0,KEYS
2020-09-11 00:00:00-04:00,91.2300033569336,92.5,90.76499938964844,92.3499984741211,92.3499984741211,1701300,0.0,0.0,KEYS
2020-09-14 00:00:00-04:00,93.33000183105469,95.3499984741211,93.33000183105469,94.2300033569336,94.2300033569336,1493800,0.0,0.0,KEYS
2020-09-15 00:00:00-04:00,95.30000305175781,96.55999755859375,95.1500015258789,96.20999908447266,96.20999908447266,854000,0.0,0.0,KEYS
2020-09-16 00:00:00-04:00,98.27999877929688,99.0,97.5,97.97000122070312,97.97000122070312,1545700,0.0,0.0,KEYS
2020-09-17 00:00:00-04:00,96.06999969482422,98.2699966430664,95.94999694824219,98.25,98.25,1855300,0.0,0.0,KEYS
2020-09-18 00:00:00-04:00,98.27999877929688,99.87999725341797,96.05999755859375,97.0999984741211,97.0999984741211,2194300,0.0,0.0,KEYS
2020-09-21 00:00:00-04:00,96.58000183105469,97.86000061035156,95.7750015258789,97.80000305175781,97.80000305175781,1476500,0.0,0.0,KEYS
2020-09-22 00:00:00-04:00,97.9800033569336,98.41999816894531,95.44000244140625,97.41999816894531,97.41999816894531,1287000,0.0,0.0,KEYS
2020-09-23 00:00:00-04:00,97.44999694824219,98.82499694824219,96.2300033569336,96.36000061035156,96.36000061035156,1192200,0.0,0.0,KEYS
2020-09-24 00:00:00-04:00,96.0,97.3489990234375,95.5999984741211,96.5999984741211,96.5999984741211,1264300,0.0,0.0,KEYS
2020-09-25 00:00:00-04:00,96.18000030517578,98.48999786376953,95.9000015258789,98.12000274658203,98.12000274658203,751000,0.0,0.0,KEYS
2020-09-28 00:00:00-04:00,98.79000091552734,100.41999816894531,98.69999694824219,100.25,100.25,1191600,0.0,0.0,KEYS
2020-09-29 00:00:00-04:00,100.48999786376953,101.30000305175781,99.59500122070312,99.5999984741211,99.5999984741211,815000,0.0,0.0,KEYS
2020-09-30 00:00:00-04:00,99.69000244140625,100.11000061035156,98.31999969482422,98.77999877929688,98.77999877929688,1187900,0.0,0.0,KEYS
2020-10-01 00:00:00-04:00,99.68000030517578,99.94000244140625,97.0,97.4800033569336,97.4800033569336,1395800,0.0,0.0,KEYS
2020-10-02 00:00:00-04:00,96.0,98.98999786376953,95.4800033569336,98.2699966430664,98.2699966430664,1235500,0.0,0.0,KEYS
2020-10-05 00:00:00-04:00,99.29000091552734,99.9000015258789,98.30999755859375,99.69000244140625,99.69000244140625,1019900,0.0,0.0,KEYS
2020-10-06 00:00:00-04:00,99.69000244140625,102.1500015258789,99.30000305175781,99.48999786376953,99.48999786376953,1046100,0.0,0.0,KEYS
2020-10-07 00:00:00-04:00,100.52999877929688,102.0,100.05999755859375,101.16000366210938,101.16000366210938,839000,0.0,0.0,KEYS
2020-10-08 00:00:00-04:00,101.4000015258789,103.3949966430664,101.4000015258789,103.18000030517578,103.18000030517578,1045300,0.0,0.0,KEYS
2020-10-09 00:00:00-04:00,103.5,106.29000091552734,103.375,105.26000213623047,105.26000213623047,1104700,0.0,0.0,KEYS
2020-10-12 00:00:00-04:00,105.41000366210938,105.95999908447266,104.76000213623047,105.72000122070312,105.72000122070312,943000,0.0,0.0,KEYS
2020-10-13 00:00:00-04:00,105.56999969482422,106.25,104.12999725341797,104.48999786376953,104.48999786376953,1343800,0.0,0.0,KEYS
2020-10-14 00:00:00-04:00,104.94999694824219,105.55999755859375,103.95500183105469,104.9800033569336,104.9800033569336,1056900,0.0,0.0,KEYS
2020-10-15 00:00:00-04:00,104.02999877929688,105.88999938964844,103.72000122070312,105.68000030517578,105.68000030517578,1148500,0.0,0.0,KEYS
2020-10-16 00:00:00-04:00,105.48999786376953,106.62899780273438,104.70999908447266,104.91000366210938,104.91000366210938,800400,0.0,0.0,KEYS
2020-10-19 00:00:00-04:00,105.1500015258789,107.97000122070312,105.1500015258789,106.68000030517578,106.68000030517578,1124700,0.0,0.0,KEYS
2020-10-20 00:00:00-04:00,107.0,107.66000366210938,105.2300033569336,105.44999694824219,105.44999694824219,824100,0.0,0.0,KEYS
2020-10-21 00:00:00-04:00,106.08999633789062,107.40699768066406,105.69999694824219,105.69999694824219,105.69999694824219,913500,0.0,0.0,KEYS
2020-10-22 00:00:00-04:00,106.20999908447266,106.80000305175781,104.94999694824219,106.26000213623047,106.26000213623047,916500,0.0,0.0,KEYS
2020-10-23 00:00:00-04:00,106.37000274658203,108.5,105.79000091552734,107.87999725341797,107.87999725341797,1073400,0.0,0.0,KEYS
2020-10-26 00:00:00-04:00,106.6500015258789,107.70999908447266,104.86000061035156,105.8499984741211,105.8499984741211,707600,0.0,0.0,KEYS
2020-10-27 00:00:00-04:00,106.2300033569336,107.58999633789062,105.81999969482422,106.9000015258789,106.9000015258789,852300,0.0,0.0,KEYS
2020-10-28 00:00:00-04:00,105.41999816894531,106.26000213623047,103.3949966430664,104.30000305175781,104.30000305175781,967000,0.0,0.0,KEYS
2020-10-29 00:00:00-04:00,104.08000183105469,105.9000015258789,103.66000366210938,104.54000091552734,104.54000091552734,1210300,0.0,0.0,KEYS
2020-10-30 00:00:00-04:00,104.23999786376953,105.94999694824219,102.7699966430664,104.87000274658203,104.87000274658203,1646300,0.0,0.0,KEYS
2020-11-02 00:00:00-05:00,105.37000274658203,106.62000274658203,103.94000244140625,104.73999786376953,104.73999786376953,793400,0.0,0.0,KEYS
2020-11-03 00:00:00-05:00,106.01000213623047,109.38800048828125,106.01000213623047,107.72000122070312,107.72000122070312,1282700,0.0,0.0,KEYS
2020-11-04 00:00:00-05:00,108.61000061035156,109.87000274658203,107.23999786376953,107.80000305175781,107.80000305175781,1401300,0.0,0.0,KEYS
2020-11-05 00:00:00-05:00,109.04000091552734,111.69999694824219,109.0,111.12999725341797,111.12999725341797,1113100,0.0,0.0,KEYS
2020-11-06 00:00:00-05:00,110.73999786376953,113.58000183105469,109.97000122070312,112.97000122070312,112.97000122070312,945100,0.0,0.0,KEYS
2020-11-09 00:00:00-05:00,115.29000091552734,117.91999816894531,114.63999938964844,115.55999755859375,115.55999755859375,1502200,0.0,0.0,KEYS
2020-11-10 00:00:00-05:00,114.70999908447266,114.70999908447266,111.82499694824219,112.0,112.0,1437200,0.0,0.0,KEYS
2020-11-11 00:00:00-05:00,112.19000244140625,115.8550033569336,112.19000244140625,115.44000244140625,115.44000244140625,1032500,0.0,0.0,KEYS
2020-11-12 00:00:00-05:00,115.0,115.29499816894531,113.27999877929688,114.0199966430664,114.0199966430664,1130000,0.0,0.0,KEYS
2020-11-13 00:00:00-05:00,115.0,116.44000244140625,114.0999984741211,116.0999984741211,116.0999984741211,801200,0.0,0.0,KEYS
2020-11-16 00:00:00-05:00,117.0,118.7699966430664,116.41000366210938,117.66999816894531,117.66999816894531,1367400,0.0,0.0,KEYS
2020-11-17 00:00:00-05:00,117.0,118.16000366210938,115.40799713134766,117.55999755859375,117.55999755859375,1084500,0.0,0.0,KEYS
2020-11-18 00:00:00-05:00,117.77999877929688,118.66999816894531,115.13999938964844,115.13999938964844,115.13999938964844,1693500,0.0,0.0,KEYS
2020-11-19 00:00:00-05:00,114.19999694824219,118.45999908447266,112.6500015258789,117.95999908447266,117.95999908447266,1966700,0.0,0.0,KEYS
2020-11-20 00:00:00-05:00,118.0,118.98999786376953,116.0199966430664,116.16999816894531,116.16999816894531,1600100,0.0,0.0,KEYS
2020-11-23 00:00:00-05:00,117.0,117.80000305175781,115.70999908447266,117.1500015258789,117.1500015258789,1209800,0.0,0.0,KEYS
2020-11-24 00:00:00-05:00,118.13999938964844,118.61000061035156,117.37000274658203,118.12000274658203,118.12000274658203,1277000,0.0,0.0,KEYS
2020-11-25 00:00:00-05:00,117.88999938964844,119.16999816894531,117.12000274658203,118.5199966430664,118.5199966430664,1154300,0.0,0.0,KEYS
2020-11-27 00:00:00-05:00,118.2300033569336,120.6500015258789,118.04000091552734,119.06999969482422,119.06999969482422,578100,0.0,0.0,KEYS
2020-11-30 00:00:00-05:00,119.4000015258789,120.08999633789062,118.16500091552734,120.04000091552734,120.04000091552734,1490900,0.0,0.0,KEYS
2020-12-01 00:00:00-05:00,120.5,122.96499633789062,120.0,121.83999633789062,121.83999633789062,1485400,0.0,0.0,KEYS
2020-12-02 00:00:00-05:00,120.44999694824219,122.0250015258789,120.44999694824219,121.87999725341797,121.87999725341797,996700,0.0,0.0,KEYS
2020-12-03 00:00:00-05:00,121.87999725341797,123.08999633789062,121.62999725341797,122.63999938964844,122.63999938964844,936300,0.0,0.0,KEYS
2020-12-04 00:00:00-05:00,123.12000274658203,124.75,122.69000244140625,123.20999908447266,123.20999908447266,879000,0.0,0.0,KEYS
2020-12-07 00:00:00-05:00,123.87999725341797,124.91999816894531,123.12000274658203,124.91000366210938,124.91000366210938,1418600,0.0,0.0,KEYS
2020-12-08 00:00:00-05:00,124.66999816894531,127.30999755859375,124.5199966430664,127.12999725341797,127.12999725341797,1489400,0.0,0.0,KEYS
2020-12-09 00:00:00-05:00,126.91999816894531,127.5,123.77999877929688,124.66999816894531,124.66999816894531,1064000,0.0,0.0,KEYS
2020-12-10 00:00:00-05:00,123.08000183105469,125.05000305175781,122.27999877929688,124.76000213623047,124.76000213623047,958000,0.0,0.0,KEYS
2020-12-11 00:00:00-05:00,124.5199966430664,126.43000030517578,123.69999694824219,126.30000305175781,126.30000305175781,1080400,0.0,0.0,KEYS
2020-12-14 00:00:00-05:00,126.55000305175781,127.25,123.31999969482422,123.72000122070312,123.72000122070312,1117900,0.0,0.0,KEYS
2020-12-15 00:00:00-05:00,125.12999725341797,125.5999984741211,122.80000305175781,123.37000274658203,123.37000274658203,1243500,0.0,0.0,KEYS
2020-12-16 00:00:00-05:00,123.44999694824219,124.2699966430664,122.12000274658203,123.91000366210938,123.91000366210938,1331900,0.0,0.0,KEYS
2020-12-17 00:00:00-05:00,124.91000366210938,126.91000366210938,124.38999938964844,126.86000061035156,126.86000061035156,1377700,0.0,0.0,KEYS
2020-12-18 00:00:00-05:00,127.1500015258789,128.58999633789062,126.52999877929688,128.25999450683594,128.25999450683594,2937600,0.0,0.0,KEYS
2020-12-21 00:00:00-05:00,126.98999786376953,127.52999877929688,125.16999816894531,126.97000122070312,126.97000122070312,1151700,0.0,0.0,KEYS
2020-12-22 00:00:00-05:00,126.94000244140625,129.74000549316406,126.80999755859375,128.69000244140625,128.69000244140625,2726100,0.0,0.0,KEYS
2020-12-23 00:00:00-05:00,129.47000122070312,131.86000061035156,129.1699981689453,130.4199981689453,130.4199981689453,1012200,0.0,0.0,KEYS
2020-12-24 00:00:00-05:00,130.7100067138672,130.99000549316406,130.1199951171875,130.9499969482422,130.9499969482422,233900,0.0,0.0,KEYS
2020-12-28 00:00:00-05:00,132.5,132.6199951171875,131.27000427246094,131.82000732421875,131.82000732421875,1614900,0.0,0.0,KEYS
2020-12-29 00:00:00-05:00,132.13999938964844,132.4199981689453,129.72000122070312,130.00999450683594,130.00999450683594,615900,0.0,0.0,KEYS
2020-12-30 00:00:00-05:00,130.64999389648438,132.13999938964844,130.27000427246094,131.24000549316406,131.24000549316406,1519000,0.0,0.0,KEYS
2020-12-31 00:00:00-05:00,131.72000122070312,132.25,130.6699981689453,132.08999633789062,132.08999633789062,616500,0.0,0.0,KEYS
2021-01-04 00:00:00-05:00,132.4199981689453,132.75,129.31700134277344,131.17999267578125,131.17999267578125,1466400,0.0,0.0,KEYS
2021-01-05 00:00:00-05:00,131.5,134.0,131.1999969482422,133.83999633789062,133.83999633789062,1171200,0.0,0.0,KEYS
2021-01-06 00:00:00-05:00,133.60000610351562,137.3769989013672,133.19000244140625,136.11000061035156,136.11000061035156,1976200,0.0,0.0,KEYS
2021-01-07 00:00:00-05:00,137.14999389648438,141.02999877929688,136.61000061035156,141.0,141.0,1824700,0.0,0.0,KEYS
2021-01-08 00:00:00-05:00,140.91000366210938,147.02000427246094,140.91000366210938,146.8000030517578,146.8000030517578,2190300,0.0,0.0,KEYS
2021-01-11 00:00:00-05:00,145.0,151.16000366210938,144.97999572753906,150.14999389648438,150.14999389648438,1854300,0.0,0.0,KEYS
2021-01-12 00:00:00-05:00,149.60000610351562,150.552001953125,146.60000610351562,146.82000732421875,146.82000732421875,1862100,0.0,0.0,KEYS
2021-01-13 00:00:00-05:00,147.60000610351562,148.5800018310547,146.02000427246094,146.61000061035156,146.61000061035156,1203200,0.0,0.0,KEYS
2021-01-14 00:00:00-05:00,147.3800048828125,148.69000244140625,146.85000610351562,147.02999877929688,147.02999877929688,1043200,0.0,0.0,KEYS
2021-01-15 00:00:00-05:00,148.38999938964844,148.60000610351562,145.33999633789062,146.2899932861328,146.2899932861328,3089700,0.0,0.0,KEYS
2021-01-19 00:00:00-05:00,147.13999938964844,148.39999389648438,145.22999572753906,147.07000732421875,147.07000732421875,1328200,0.0,0.0,KEYS
2021-01-20 00:00:00-05:00,148.7100067138672,150.6199951171875,147.1999969482422,147.52999877929688,147.52999877929688,1191300,0.0,0.0,KEYS
2021-01-21 00:00:00-05:00,148.0800018310547,148.82000732421875,146.4499969482422,146.67999267578125,146.67999267578125,835300,0.0,0.0,KEYS
2021-01-22 00:00:00-05:00,146.2899932861328,147.9499969482422,145.14999389648438,145.16000366210938,145.16000366210938,1289200,0.0,0.0,KEYS
2021-01-25 00:00:00-05:00,145.94000244140625,148.52499389648438,145.1699981689453,146.0500030517578,146.0500030517578,2632200,0.0,0.0,KEYS
2021-01-26 00:00:00-05:00,146.0500030517578,147.05999755859375,145.19500732421875,146.8800048828125,146.8800048828125,1432600,0.0,0.0,KEYS
2021-01-27 00:00:00-05:00,144.8800048828125,152.35000610351562,144.22999572753906,151.1199951171875,151.1199951171875,2672900,0.0,0.0,KEYS
2021-01-28 00:00:00-05:00,152.0,153.2100067138672,145.24000549316406,145.4199981689453,145.4199981689453,2931800,0.0,0.0,KEYS
2021-01-29 00:00:00-05:00,145.5,146.85499572753906,140.75999450683594,141.58999633789062,141.58999633789062,2065300,0.0,0.0,KEYS
2021-02-01 00:00:00-05:00,142.8800048828125,143.64500427246094,140.82000732421875,142.80999755859375,142.80999755859375,1296500,0.0,0.0,KEYS
2021-02-02 00:00:00-05:00,143.97000122070312,144.8679962158203,141.50999450683594,141.5399932861328,141.5399932861328,2376100,0.0,0.0,KEYS
2021-02-03 00:00:00-05:00,142.4600067138672,142.92999267578125,141.0500030517578,141.4600067138672,141.4600067138672,1183400,0.0,0.0,KEYS
2021-02-04 00:00:00-05:00,142.27999877929688,142.55999755859375,139.6999969482422,140.58999633789062,140.58999633789062,1107700,0.0,0.0,KEYS
2021-02-05 00:00:00-05:00,141.1699981689453,143.1999969482422,141.1699981689453,142.9499969482422,142.9499969482422,1114100,0.0,0.0,KEYS
2021-02-08 00:00:00-05:00,144.0,144.9600067138672,143.34500122070312,144.6999969482422,144.6999969482422,1004800,0.0,0.0,KEYS
2021-02-09 00:00:00-05:00,144.3800048828125,146.91000366210938,144.3249969482422,146.39999389648438,146.39999389648438,857500,0.0,0.0,KEYS
2021-02-10 00:00:00-05:00,147.38999938964844,148.75999450683594,146.11500549316406,148.4499969482422,148.4499969482422,1004900,0.0,0.0,KEYS
2021-02-11 00:00:00-05:00,149.49000549316406,150.42999267578125,148.10000610351562,150.35000610351562,150.35000610351562,871200,0.0,0.0,KEYS
2021-02-12 00:00:00-05:00,150.77999877929688,153.69000244140625,150.4199981689453,153.47999572753906,153.47999572753906,1349800,0.0,0.0,KEYS
2021-02-16 00:00:00-05:00,154.5,155.5,150.3300018310547,151.07000732421875,151.07000732421875,1033400,0.0,0.0,KEYS
2021-02-17 00:00:00-05:00,150.39999389648438,150.52999877929688,146.3000030517578,149.05999755859375,149.05999755859375,1002900,0.0,0.0,KEYS
2021-02-18 00:00:00-05:00,147.38999938964844,149.49000549316406,147.16000366210938,148.0399932861328,148.0399932861328,1574300,0.0,0.0,KEYS
2021-02-19 00:00:00-05:00,150.6199951171875,150.8699951171875,141.17999267578125,142.19000244140625,142.19000244140625,3182300,0.0,0.0,KEYS
2021-02-22 00:00:00-05:00,141.61000061035156,143.08999633789062,137.57000732421875,137.6300048828125,137.6300048828125,2068600,0.0,0.0,KEYS
2021-02-23 00:00:00-05:00,135.8699951171875,140.36000061035156,133.52999877929688,139.57000732421875,139.57000732421875,1959300,0.0,0.0,KEYS
2021-02-24 00:00:00-05:00,138.64999389648438,143.83999633789062,138.22000122070312,143.63999938964844,143.63999938964844,1111100,0.0,0.0,KEYS
2021-02-25 00:00:00-05:00,143.3300018310547,144.49000549316406,138.7100067138672,139.6300048828125,139.6300048828125,1303200,0.0,0.0,KEYS
2021-02-26 00:00:00-05:00,140.67999267578125,142.99000549316406,139.36500549316406,141.52000427246094,141.52000427246094,1721800,0.0,0.0,KEYS
2021-03-01 00:00:00-05:00,144.00999450683594,144.5399932861328,142.6199951171875,144.4499969482422,144.4499969482422,830300,0.0,0.0,KEYS
2021-03-02 00:00:00-05:00,144.9499969482422,145.22999572753906,141.42999267578125,141.75999450683594,141.75999450683594,887900,0.0,0.0,KEYS
2021-03-03 00:00:00-05:00,141.75999450683594,141.75999450683594,136.74000549316406,137.47999572753906,137.47999572753906,952100,0.0,0.0,KEYS
2021-03-04 00:00:00-05:00,137.0,137.8000030517578,131.25999450683594,132.42999267578125,132.42999267578125,2203400,0.0,0.0,KEYS
2021-03-05 00:00:00-05:00,133.8800048828125,135.3300018310547,129.08999633789062,134.6999969482422,134.6999969482422,1350700,0.0,0.0,KEYS
2021-03-08 00:00:00-05:00,134.49000549316406,135.17999267578125,132.17999267578125,132.22999572753906,132.22999572753906,1111000,0.0,0.0,KEYS
2021-03-09 00:00:00-05:00,133.8699951171875,137.02000427246094,133.67999267578125,136.30999755859375,136.30999755859375,934200,0.0,0.0,KEYS
2021-03-10 00:00:00-05:00,137.58999633789062,138.0,135.05999755859375,135.27999877929688,135.27999877929688,857500,0.0,0.0,KEYS
2021-03-11 00:00:00-05:00,138.02000427246094,138.63999938964844,135.97999572753906,136.24000549316406,136.24000549316406,793500,0.0,0.0,KEYS
2021-03-12 00:00:00-05:00,135.02000427246094,136.22000122070312,134.22000122070312,136.00999450683594,136.00999450683594,1098600,0.0,0.0,KEYS
2021-03-15 00:00:00-04:00,136.6300048828125,137.51800537109375,135.1300048828125,136.89999389648438,136.89999389648438,706900,0.0,0.0,KEYS
2021-03-16 00:00:00-04:00,137.27000427246094,138.0399932861328,136.4530029296875,137.47999572753906,137.47999572753906,803300,0.0,0.0,KEYS
2021-03-17 00:00:00-04:00,136.39999389648438,137.6699981689453,134.75999450683594,137.35000610351562,137.35000610351562,706700,0.0,0.0,KEYS
2021-03-18 00:00:00-04:00,135.8699951171875,138.3300018310547,135.36000061035156,136.0,136.0,1141400,0.0,0.0,KEYS
2021-03-19 00:00:00-04:00,136.33999633789062,137.44000244140625,134.61000061035156,134.77000427246094,134.77000427246094,1235100,0.0,0.0,KEYS
2021-03-22 00:00:00-04:00,134.77000427246094,137.9499969482422,134.77000427246094,137.42999267578125,137.42999267578125,724200,0.0,0.0,KEYS
2021-03-23 00:00:00-04:00,138.10000610351562,138.67999267578125,134.5399932861328,135.17999267578125,135.17999267578125,949600,0.0,0.0,KEYS
2021-03-24 00:00:00-04:00,135.1999969482422,136.13999938964844,134.0500030517578,135.25999450683594,135.25999450683594,848300,0.0,0.0,KEYS
2021-03-25 00:00:00-04:00,134.24000549316406,136.50999450683594,133.67999267578125,136.22999572753906,136.22999572753906,928500,0.0,0.0,KEYS
2021-03-26 00:00:00-04:00,137.02000427246094,142.35000610351562,136.5,142.19000244140625,142.19000244140625,965700,0.0,0.0,KEYS
2021-03-29 00:00:00-04:00,141.89999389648438,143.8699951171875,140.8699951171875,141.32000732421875,141.32000732421875,1629800,0.0,0.0,KEYS
2021-03-30 00:00:00-04:00,140.92999267578125,142.24400329589844,140.39500427246094,141.5399932861328,141.5399932861328,864300,0.0,0.0,KEYS
2021-03-31 00:00:00-04:00,142.0,144.77000427246094,141.91299438476562,143.39999389648438,143.39999389648438,1192600,0.0,0.0,KEYS
2021-04-01 00:00:00-04:00,144.0,144.60000610351562,142.75999450683594,143.7899932861328,143.7899932861328,1024800,0.0,0.0,KEYS
2021-04-05 00:00:00-04:00,145.0,147.75999450683594,144.50999450683594,147.3300018310547,147.3300018310547,789900,0.0,0.0,KEYS
2021-04-06 00:00:00-04:00,146.39999389648438,147.0,145.3800048828125,145.9499969482422,145.9499969482422,997900,0.0,0.0,KEYS
2021-04-07 00:00:00-04:00,145.9199981689453,145.9199981689453,143.27499389648438,143.9499969482422,143.9499969482422,680800,0.0,0.0,KEYS
2021-04-08 00:00:00-04:00,145.55999755859375,146.0,143.88699340820312,144.64999389648438,144.64999389648438,1035900,0.0,0.0,KEYS
2021-04-09 00:00:00-04:00,145.1999969482422,146.32000732421875,143.67999267578125,146.22999572753906,146.22999572753906,657600,0.0,0.0,KEYS
2021-04-12 00:00:00-04:00,146.05999755859375,146.22999572753906,144.14999389648438,145.02999877929688,145.02999877929688,809900,0.0,0.0,KEYS
2021-04-13 00:00:00-04:00,145.1699981689453,145.6300048828125,143.0500030517578,143.42999267578125,143.42999267578125,924600,0.0,0.0,KEYS
2021-04-14 00:00:00-04:00,143.3300018310547,144.5,142.2100067138672,143.4199981689453,143.4199981689453,955200,0.0,0.0,KEYS
2021-04-15 00:00:00-04:00,143.99000549316406,145.4600067138672,143.66000366210938,145.27000427246094,145.27000427246094,998100,0.0,0.0,KEYS
2021-04-16 00:00:00-04:00,146.07000732421875,146.49000549316406,144.89999389648438,145.39999389648438,145.39999389648438,3120200,0.0,0.0,KEYS
2021-04-19 00:00:00-04:00,145.0,145.52000427246094,142.22999572753906,143.6300048828125,143.6300048828125,731400,0.0,0.0,KEYS
2021-04-20 00:00:00-04:00,143.08999633789062,143.77999877929688,141.74000549316406,143.0,143.0,588400,0.0,0.0,KEYS
2021-04-21 00:00:00-04:00,142.8300018310547,145.36000061035156,142.60000610351562,144.64999389648438,144.64999389648438,506900,0.0,0.0,KEYS
2021-04-22 00:00:00-04:00,144.97999572753906,146.10000610351562,144.10000610351562,145.60000610351562,145.60000610351562,836100,0.0,0.0,KEYS
2021-04-23 00:00:00-04:00,145.6999969482422,148.16000366210938,145.22000122070312,147.86000061035156,147.86000061035156,685900,0.0,0.0,KEYS
2021-04-26 00:00:00-04:00,147.99000549316406,148.96499633789062,147.19000244140625,148.74000549316406,148.74000549316406,562700,0.0,0.0,KEYS
2021-04-27 00:00:00-04:00,149.0,149.77999877929688,147.0,148.38999938964844,148.38999938964844,939800,0.0,0.0,KEYS
2021-04-28 00:00:00-04:00,148.32000732421875,149.2899932861328,146.52999877929688,146.61000061035156,146.61000061035156,929000,0.0,0.0,KEYS
2021-04-29 00:00:00-04:00,147.58999633789062,148.49000549316406,145.9499969482422,148.38999938964844,148.38999938964844,431600,0.0,0.0,KEYS
2021-04-30 00:00:00-04:00,147.1199951171875,147.72999572753906,143.91000366210938,144.35000610351562,144.35000610351562,808400,0.0,0.0,KEYS
2021-05-03 00:00:00-04:00,145.4499969482422,145.4499969482422,140.27000427246094,140.39999389648438,140.39999389648438,1111400,0.0,0.0,KEYS
2021-05-04 00:00:00-04:00,139.3000030517578,140.60000610351562,137.47999572753906,140.32000732421875,140.32000732421875,1028900,0.0,0.0,KEYS
2021-05-05 00:00:00-04:00,141.41000366210938,141.88999938964844,140.13999938964844,140.72000122070312,140.72000122070312,741400,0.0,0.0,KEYS
2021-05-06 00:00:00-04:00,140.47999572753906,142.8699951171875,139.72999572753906,142.80999755859375,142.80999755859375,632400,0.0,0.0,KEYS
2021-05-07 00:00:00-04:00,143.36000061035156,144.91000366210938,142.61000061035156,143.41000366210938,143.41000366210938,611900,0.0,0.0,KEYS
2021-05-10 00:00:00-04:00,142.85000610351562,142.85000610351562,139.67999267578125,139.89999389648438,139.89999389648438,660200,0.0,0.0,KEYS
2021-05-11 00:00:00-04:00,138.0399932861328,139.6699981689453,137.00999450683594,138.92999267578125,138.92999267578125,1038100,0.0,0.0,KEYS
2021-05-12 00:00:00-04:00,137.63999938964844,138.49000549316406,135.30999755859375,135.4199981689453,135.4199981689453,1009500,0.0,0.0,KEYS
2021-05-13 00:00:00-04:00,136.50999450683594,138.41000366210938,136.0,138.0500030517578,138.0500030517578,983400,0.0,0.0,KEYS
2021-05-14 00:00:00-04:00,139.5800018310547,140.72999572753906,138.8000030517578,139.85000610351562,139.85000610351562,814600,0.0,0.0,KEYS
2021-05-17 00:00:00-04:00,139.85000610351562,141.10000610351562,138.8000030517578,139.5399932861328,139.5399932861328,689300,0.0,0.0,KEYS
2021-05-18 00:00:00-04:00,140.74000549316406,140.74000549316406,138.35000610351562,138.38999938964844,138.38999938964844,1009000,0.0,0.0,KEYS
2021-05-19 00:00:00-04:00,136.25,138.27000427246094,134.64999389648438,138.14999389648438,138.14999389648438,1324300,0.0,0.0,KEYS
2021-05-20 00:00:00-04:00,135.96600341796875,142.0800018310547,135.96600341796875,141.02999877929688,141.02999877929688,1513600,0.0,0.0,KEYS
2021-05-21 00:00:00-04:00,141.32000732421875,142.1699981689453,139.36000061035156,139.66000366210938,139.66000366210938,1015900,0.0,0.0,KEYS
2021-05-24 00:00:00-04:00,140.47999572753906,141.69000244140625,140.44000244140625,140.8000030517578,140.8000030517578,611200,0.0,0.0,KEYS
2021-05-25 00:00:00-04:00,141.11000061035156,141.1699981689453,139.80999755859375,139.97999572753906,139.97999572753906,753700,0.0,0.0,KEYS
2021-05-26 00:00:00-04:00,139.91000366210938,141.64999389648438,139.81500244140625,141.35000610351562,141.35000610351562,701100,0.0,0.0,KEYS
2021-05-27 00:00:00-04:00,141.3000030517578,142.15499877929688,140.18499755859375,140.5399932861328,140.5399932861328,1148600,0.0,0.0,KEYS
2021-05-28 00:00:00-04:00,141.0,142.61000061035156,140.88499450683594,142.3800048828125,142.3800048828125,785200,0.0,0.0,KEYS
2021-06-01 00:00:00-04:00,143.07000732421875,143.89999389648438,141.9600067138672,141.97000122070312,141.97000122070312,829500,0.0,0.0,KEYS
2021-06-02 00:00:00-04:00,141.6199951171875,143.99000549316406,141.22000122070312,143.92999267578125,143.92999267578125,841600,0.0,0.0,KEYS
2021-06-03 00:00:00-04:00,143.7899932861328,145.5,142.60000610351562,145.02999877929688,145.02999877929688,997500,0.0,0.0,KEYS
2021-06-04 00:00:00-04:00,145.58999633789062,149.1999969482422,145.58999633789062,148.8800048828125,148.8800048828125,1105100,0.0,0.0,KEYS
2021-06-07 00:00:00-04:00,148.8800048828125,150.0500030517578,147.36000061035156,148.14999389648438,148.14999389648438,908500,0.0,0.0,KEYS
2021-06-08 00:00:00-04:00,148.9199981689453,149.42999267578125,147.8800048828125,148.74000549316406,148.74000549316406,655900,0.0,0.0,KEYS
2021-06-09 00:00:00-04:00,149.13999938964844,149.25999450683594,146.89999389648438,146.97000122070312,146.97000122070312,462100,0.0,0.0,KEYS
2021-06-10 00:00:00-04:00,147.0,148.97999572753906,146.6699981689453,148.94000244140625,148.94000244140625,413000,0.0,0.0,KEYS
2021-06-11 00:00:00-04:00,149.14999389648438,149.14999389648438,146.92999267578125,147.8300018310547,147.8300018310547,637300,0.0,0.0,KEYS
2021-06-14 00:00:00-04:00,148.19000244140625,148.6699981689453,146.9250030517578,148.5800018310547,148.5800018310547,670100,0.0,0.0,KEYS
2021-06-15 00:00:00-04:00,149.33999633789062,150.69000244140625,147.8000030517578,147.97999572753906,147.97999572753906,1198100,0.0,0.0,KEYS
2021-06-16 00:00:00-04:00,148.5,149.72900390625,147.4499969482422,148.89999389648438,148.89999389648438,788500,0.0,0.0,KEYS
2021-06-17 00:00:00-04:00,148.89999389648438,151.92999267578125,148.52999877929688,149.35000610351562,149.35000610351562,982300,0.0,0.0,KEYS
2021-06-18 00:00:00-04:00,148.30999755859375,149.6199951171875,146.89999389648438,147.47999572753906,147.47999572753906,1533500,0.0,0.0,KEYS
2021-06-21 00:00:00-04:00,148.02999877929688,149.47000122070312,146.31399536132812,149.0800018310547,149.0800018310547,986500,0.0,0.0,KEYS
2021-06-22 00:00:00-04:00,148.61000061035156,150.8000030517578,148.07000732421875,150.57000732421875,150.57000732421875,917000,0.0,0.0,KEYS
2021-06-23 00:00:00-04:00,150.61000061035156,151.27000427246094,150.25,150.9499969482422,150.9499969482422,1665900,0.0,0.0,KEYS
2021-06-24 00:00:00-04:00,151.89999389648438,153.2100067138672,151.14999389648438,152.66000366210938,152.66000366210938,605000,0.0,0.0,KEYS
2021-06-25 00:00:00-04:00,153.0399932861328,153.97999572753906,152.69700622558594,153.32000732421875,153.32000732421875,1026300,0.0,0.0,KEYS
2021-06-28 00:00:00-04:00,153.24000549316406,154.8800048828125,153.11000061035156,154.41000366210938,154.41000366210938,500400,0.0,0.0,KEYS
2021-06-29 00:00:00-04:00,154.41000366210938,155.8800048828125,154.0050048828125,155.7899932861328,155.7899932861328,600100,0.0,0.0,KEYS
2021-06-30 00:00:00-04:00,155.0,155.10000610351562,153.80999755859375,154.41000366210938,154.41000366210938,939600,0.0,0.0,KEYS
2021-07-01 00:00:00-04:00,154.52000427246094,154.52000427246094,152.92999267578125,153.55999755859375,153.55999755859375,1137300,0.0,0.0,KEYS
2021-07-02 00:00:00-04:00,152.52000427246094,153.42999267578125,150.35000610351562,153.14999389648438,153.14999389648438,836500,0.0,0.0,KEYS
2021-07-06 00:00:00-04:00,153.39999389648438,154.30999755859375,151.5399932861328,154.16000366210938,154.16000366210938,700900,0.0,0.0,KEYS
2021-07-07 00:00:00-04:00,155.0,155.52499389648438,153.4600067138672,155.3000030517578,155.3000030517578,788800,0.0,0.0,KEYS
2021-07-08 00:00:00-04:00,153.52999877929688,155.58999633789062,151.85499572753906,154.1699981689453,154.1699981689453,512100,0.0,0.0,KEYS
2021-07-09 00:00:00-04:00,154.9199981689453,155.91000366210938,154.05999755859375,155.80999755859375,155.80999755859375,475500,0.0,0.0,KEYS
2021-07-12 00:00:00-04:00,156.5,158.1300048828125,156.05999755859375,157.72000122070312,157.72000122070312,1397200,0.0,0.0,KEYS
2021-07-13 00:00:00-04:00,157.72000122070312,158.5800018310547,156.99000549316406,157.4199981689453,157.4199981689453,743200,0.0,0.0,KEYS
2021-07-14 00:00:00-04:00,158.19000244140625,158.82000732421875,157.3000030517578,157.9199981689453,157.9199981689453,761700,0.0,0.0,KEYS
2021-07-15 00:00:00-04:00,157.16000366210938,157.41000366210938,155.61000061035156,156.55999755859375,156.55999755859375,848800,0.0,0.0,KEYS
2021-07-16 00:00:00-04:00,157.19000244140625,157.75,154.83999633789062,155.00999450683594,155.00999450683594,2269900,0.0,0.0,KEYS
2021-07-19 00:00:00-04:00,153.07000732421875,154.88499450683594,152.9600067138672,154.77999877929688,154.77999877929688,799300,0.0,0.0,KEYS
2021-07-20 00:00:00-04:00,155.60000610351562,157.44000244140625,155.02000427246094,156.58999633789062,156.58999633789062,849200,0.0,0.0,KEYS
2021-07-21 00:00:00-04:00,157.07000732421875,158.49000549316406,156.6300048828125,158.4600067138672,158.4600067138672,470100,0.0,0.0,KEYS
2021-07-22 00:00:00-04:00,159.0,159.3800048828125,158.25,158.5800018310547,158.5800018310547,544800,0.0,0.0,KEYS
2021-07-23 00:00:00-04:00,159.5500030517578,160.86000061035156,158.22999572753906,159.6999969482422,159.6999969482422,546400,0.0,0.0,KEYS
2021-07-26 00:00:00-04:00,159.5,159.97999572753906,158.3300018310547,159.97999572753906,159.97999572753906,510800,0.0,0.0,KEYS
2021-07-27 00:00:00-04:00,159.8300018310547,159.8300018310547,156.22999572753906,158.83999633789062,158.83999633789062,894000,0.0,0.0,KEYS
2021-07-28 00:00:00-04:00,159.27000427246094,161.1999969482422,159.02499389648438,160.14999389648438,160.14999389648438,663300,0.0,0.0,KEYS
2021-07-29 00:00:00-04:00,160.99000549316406,162.86000061035156,160.7100067138672,161.7100067138672,161.7100067138672,829800,0.0,0.0,KEYS
2021-07-30 00:00:00-04:00,161.02999877929688,164.88499450683594,161.02999877929688,164.5500030517578,164.5500030517578,1047200,0.0,0.0,KEYS
2021-08-02 00:00:00-04:00,165.0,165.47999572753906,163.8000030517578,164.91000366210938,164.91000366210938,848400,0.0,0.0,KEYS
2021-08-03 00:00:00-04:00,165.4199981689453,166.8800048828125,164.47999572753906,166.7100067138672,166.7100067138672,758700,0.0,0.0,KEYS
2021-08-04 00:00:00-04:00,166.3000030517578,168.1739959716797,166.0399932861328,167.07000732421875,167.07000732421875,598200,0.0,0.0,KEYS
2021-08-05 00:00:00-04:00,167.39999389648438,167.6199951171875,165.52999877929688,166.39999389648438,166.39999389648438,951800,0.0,0.0,KEYS
2021-08-06 00:00:00-04:00,166.58999633789062,167.6300048828125,166.0,166.60000610351562,166.60000610351562,587000,0.0,0.0,KEYS
2021-08-09 00:00:00-04:00,166.4199981689453,167.14999389648438,166.07000732421875,166.9499969482422,166.9499969482422,501200,0.0,0.0,KEYS
2021-08-10 00:00:00-04:00,167.5800018310547,167.99000549316406,164.50999450683594,165.6300048828125,165.6300048828125,680200,0.0,0.0,KEYS
2021-08-11 00:00:00-04:00,165.61000061035156,165.6199951171875,163.6699981689453,165.0500030517578,165.0500030517578,585100,0.0,0.0,KEYS
2021-08-12 00:00:00-04:00,165.0,165.1060028076172,163.22999572753906,165.02999877929688,165.02999877929688,576200,0.0,0.0,KEYS
2021-08-13 00:00:00-04:00,165.42999267578125,166.25,164.1649932861328,166.10000610351562,166.10000610351562,503500,0.0,0.0,KEYS
2021-08-16 00:00:00-04:00,165.58999633789062,166.69000244140625,164.47000122070312,166.64999389648438,166.64999389648438,452900,0.0,0.0,KEYS
2021-08-17 00:00:00-04:00,165.75,165.80999755859375,163.17999267578125,164.4199981689453,164.4199981689453,543400,0.0,0.0,KEYS
2021-08-18 00:00:00-04:00,163.8000030517578,165.25999450683594,163.11000061035156,163.66000366210938,163.66000366210938,1066300,0.0,0.0,KEYS
2021-08-19 00:00:00-04:00,163.63999938964844,168.94000244140625,161.11000061035156,166.69000244140625,166.69000244140625,1389600,0.0,0.0,KEYS
2021-08-20 00:00:00-04:00,166.36000061035156,169.22000122070312,166.0800018310547,168.7899932861328,168.7899932861328,807200,0.0,0.0,KEYS
2021-08-23 00:00:00-04:00,169.49000549316406,172.91000366210938,169.3350067138672,171.32000732421875,171.32000732421875,804100,0.0,0.0,KEYS
2021-08-24 00:00:00-04:00,173.25,175.13999938964844,172.75,174.92999267578125,174.92999267578125,1066000,0.0,0.0,KEYS
2021-08-25 00:00:00-04:00,174.7899932861328,175.32000732421875,173.92999267578125,174.63999938964844,174.63999938964844,1146900,0.0,0.0,KEYS
2021-08-26 00:00:00-04:00,174.5800018310547,175.89999389648438,173.9600067138672,175.5800018310547,175.5800018310547,1067900,0.0,0.0,KEYS
2021-08-27 00:00:00-04:00,176.0,178.32000732421875,174.82000732421875,177.50999450683594,177.50999450683594,786600,0.0,0.0,KEYS
2021-08-30 00:00:00-04:00,177.77000427246094,180.39500427246094,177.77000427246094,179.08999633789062,179.08999633789062,597000,0.0,0.0,KEYS
2021-08-31 00:00:00-04:00,180.0399932861328,180.07000732421875,177.27999877929688,179.3800048828125,179.3800048828125,1017700,0.0,0.0,KEYS
2021-09-01 00:00:00-04:00,178.9600067138672,179.85000610351562,177.00999450683594,178.72000122070312,178.72000122070312,1335200,0.0,0.0,KEYS
2021-09-02 00:00:00-04:00,179.72999572753906,180.32000732421875,178.98300170898438,180.2899932861328,180.2899932861328,554700,0.0,0.0,KEYS
2021-09-03 00:00:00-04:00,180.25,182.13999938964844,180.0,181.27999877929688,181.27999877929688,715500,0.0,0.0,KEYS
2021-09-07 00:00:00-04:00,181.10000610351562,182.49000549316406,180.42999267578125,181.1699981689453,181.1699981689453,596300,0.0,0.0,KEYS
2021-09-08 00:00:00-04:00,180.6999969482422,181.55999755859375,179.30999755859375,181.4600067138672,181.4600067138672,529800,0.0,0.0,KEYS
2021-09-09 00:00:00-04:00,181.91000366210938,181.91000366210938,180.1649932861328,180.7899932861328,180.7899932861328,939900,0.0,0.0,KEYS
2021-09-10 00:00:00-04:00,181.9499969482422,182.0,179.9199981689453,180.13999938964844,180.13999938964844,628400,0.0,0.0,KEYS
2021-09-13 00:00:00-04:00,181.0,181.08999633789062,176.89999389648438,178.1699981689453,178.1699981689453,1351700,0.0,0.0,KEYS
2021-09-14 00:00:00-04:00,178.92999267578125,179.15499877929688,177.5,178.1699981689453,178.1699981689453,923900,0.0,0.0,KEYS
2021-09-15 00:00:00-04:00,178.61000061035156,180.39999389648438,177.77000427246094,179.63999938964844,179.63999938964844,578500,0.0,0.0,KEYS
2021-09-16 00:00:00-04:00,179.3300018310547,179.9949951171875,178.11000061035156,179.77999877929688,179.77999877929688,609600,0.0,0.0,KEYS
2021-09-17 00:00:00-04:00,178.52000427246094,179.99000549316406,177.17999267578125,177.4499969482422,177.4499969482422,1167200,0.0,0.0,KEYS
2021-09-20 00:00:00-04:00,174.8800048828125,174.8800048828125,172.52999877929688,173.8800048828125,173.8800048828125,1109800,0.0,0.0,KEYS
2021-09-21 00:00:00-04:00,175.2899932861328,175.2899932861328,172.77000427246094,174.22999572753906,174.22999572753906,704400,0.0,0.0,KEYS
2021-09-22 00:00:00-04:00,174.9199981689453,177.50999450683594,174.27999877929688,176.72000122070312,176.72000122070312,642800,0.0,0.0,KEYS
2021-09-23 00:00:00-04:00,177.6300048828125,180.7100067138672,177.33999633789062,179.75,179.75,634500,0.0,0.0,KEYS
2021-09-24 00:00:00-04:00,178.8699951171875,179.1199951171875,177.63999938964844,178.3800048828125,178.3800048828125,576800,0.0,0.0,KEYS
2021-09-27 00:00:00-04:00,177.2899932861328,177.57000732421875,175.5,176.8300018310547,176.8300018310547,876900,0.0,0.0,KEYS
2021-09-28 00:00:00-04:00,175.00999450683594,175.75999450683594,167.89999389648438,167.89999389648438,167.89999389648438,1394000,0.0,0.0,KEYS
2021-09-29 00:00:00-04:00,168.57000732421875,170.4550018310547,166.7899932861328,166.88999938964844,166.88999938964844,1126400,0.0,0.0,KEYS
2021-09-30 00:00:00-04:00,167.63999938964844,168.91000366210938,164.2100067138672,164.2899932861328,164.2899932861328,1240900,0.0,0.0,KEYS
2021-10-01 00:00:00-04:00,164.72999572753906,166.25,163.22999572753906,165.4199981689453,165.4199981689453,801000,0.0,0.0,KEYS
2021-10-04 00:00:00-04:00,164.8800048828125,165.5399932861328,159.38999938964844,161.16000366210938,161.16000366210938,1187200,0.0,0.0,KEYS
2021-10-05 00:00:00-04:00,161.9199981689453,163.7949981689453,161.32000732421875,162.75,162.75,812400,0.0,0.0,KEYS
2021-10-06 00:00:00-04:00,160.7100067138672,162.1699981689453,159.07000732421875,161.14999389648438,161.14999389648438,1037500,0.0,0.0,KEYS
2021-10-07 00:00:00-04:00,163.14999389648438,166.3249969482422,162.75999450683594,163.22999572753906,163.22999572753906,1037300,0.0,0.0,KEYS
2021-10-08 00:00:00-04:00,163.25,163.42999267578125,160.94000244140625,161.75999450683594,161.75999450683594,670400,0.0,0.0,KEYS
2021-10-11 00:00:00-04:00,161.13999938964844,163.55999755859375,161.00999450683594,161.67999267578125,161.67999267578125,706900,0.0,0.0,KEYS
2021-10-12 00:00:00-04:00,162.94000244140625,162.97000122070312,160.42999267578125,161.30999755859375,161.30999755859375,915600,0.0,0.0,KEYS
2021-10-13 00:00:00-04:00,162.42999267578125,165.0,161.60000610351562,164.02999877929688,164.02999877929688,893700,0.0,0.0,KEYS
2021-10-14 00:00:00-04:00,165.58999633789062,168.4600067138672,165.58999633789062,168.27000427246094,168.27000427246094,583200,0.0,0.0,KEYS
2021-10-15 00:00:00-04:00,168.80999755859375,169.5800018310547,167.9499969482422,168.7100067138672,168.7100067138672,1094700,0.0,0.0,KEYS
2021-10-18 00:00:00-04:00,168.57000732421875,172.89999389648438,168.1999969482422,172.6300048828125,172.6300048828125,646000,0.0,0.0,KEYS
2021-10-19 00:00:00-04:00,173.25999450683594,174.85000610351562,172.97999572753906,174.72000122070312,174.72000122070312,606400,0.0,0.0,KEYS
2021-10-20 00:00:00-04:00,175.0,176.42999267578125,173.5,174.1300048828125,174.1300048828125,473100,0.0,0.0,KEYS
2021-10-21 00:00:00-04:00,174.67999267578125,176.5399932861328,173.30999755859375,176.4499969482422,176.4499969482422,647200,0.0,0.0,KEYS
2021-10-22 00:00:00-04:00,176.64999389648438,178.8000030517578,175.92999267578125,176.22000122070312,176.22000122070312,417700,0.0,0.0,KEYS
2021-10-25 00:00:00-04:00,176.55999755859375,178.34500122070312,175.22500610351562,177.60000610351562,177.60000610351562,463800,0.0,0.0,KEYS
2021-10-26 00:00:00-04:00,178.64999389648438,179.0,176.6199951171875,177.77999877929688,177.77999877929688,636400,0.0,0.0,KEYS
2021-10-27 00:00:00-04:00,177.44000244140625,179.49000549316406,176.64999389648438,176.94000244140625,176.94000244140625,360000,0.0,0.0,KEYS
2021-10-28 00:00:00-04:00,178.0,180.3000030517578,177.77999877929688,179.35000610351562,179.35000610351562,400000,0.0,0.0,KEYS
2021-10-29 00:00:00-04:00,178.25999450683594,180.25,178.07000732421875,180.02000427246094,180.02000427246094,703600,0.0,0.0,KEYS
2021-11-01 00:00:00-04:00,180.5,181.67999267578125,179.27999877929688,181.02999877929688,181.02999877929688,514200,0.0,0.0,KEYS
2021-11-02 00:00:00-04:00,182.0,185.41000366210938,181.16000366210938,184.7899932861328,184.7899932861328,817500,0.0,0.0,KEYS
2021-11-03 00:00:00-04:00,184.11000061035156,184.72000122070312,181.99000549316406,183.4600067138672,183.4600067138672,737200,0.0,0.0,KEYS
2021-11-04 00:00:00-04:00,184.0,186.10000610351562,183.3300018310547,186.05999755859375,186.05999755859375,777500,0.0,0.0,KEYS
2021-11-05 00:00:00-04:00,186.89999389648438,187.77999877929688,183.1699981689453,183.67999267578125,183.67999267578125,1078000,0.0,0.0,KEYS
2021-11-08 00:00:00-05:00,185.24000549316406,186.85000610351562,183.60000610351562,186.27999877929688,186.27999877929688,514400,0.0,0.0,KEYS
2021-11-09 00:00:00-05:00,186.0,187.75999450683594,184.88999938964844,185.86000061035156,185.86000061035156,579700,0.0,0.0,KEYS
2021-11-10 00:00:00-05:00,184.69000244140625,185.76800537109375,181.92999267578125,183.61000061035156,183.61000061035156,710200,0.0,0.0,KEYS
2021-11-11 00:00:00-05:00,184.7100067138672,186.64999389648438,184.02000427246094,185.75999450683594,185.75999450683594,510300,0.0,0.0,KEYS
2021-11-12 00:00:00-05:00,186.7100067138672,187.0,185.16000366210938,186.6199951171875,186.6199951171875,698700,0.0,0.0,KEYS
2021-11-15 00:00:00-05:00,187.11000061035156,189.0500030517578,186.08999633789062,188.19000244140625,188.19000244140625,589300,0.0,0.0,KEYS
2021-11-16 00:00:00-05:00,187.52999877929688,193.1750030517578,187.52000427246094,192.7100067138672,192.7100067138672,1148400,0.0,0.0,KEYS
2021-11-17 00:00:00-05:00,192.0,194.47000122070312,189.68600463867188,194.35000610351562,194.35000610351562,1045200,0.0,0.0,KEYS
2021-11-18 00:00:00-05:00,194.86000061035156,195.7030029296875,191.3000030517578,194.27000427246094,194.27000427246094,1341100,0.0,0.0,KEYS
2021-11-19 00:00:00-05:00,195.0,196.17999267578125,193.5500030517578,194.6300048828125,194.6300048828125,1160400,0.0,0.0,KEYS
2021-11-22 00:00:00-05:00,194.16000366210938,197.6999969482422,191.6999969482422,191.94000244140625,191.94000244140625,1631800,0.0,0.0,KEYS
2021-11-23 00:00:00-05:00,192.0399932861328,198.58999633789062,190.4600067138672,195.2899932861328,195.2899932861328,1657000,0.0,0.0,KEYS
2021-11-24 00:00:00-05:00,195.0399932861328,200.75999450683594,193.50999450683594,199.66000366210938,199.66000366210938,1779700,0.0,0.0,KEYS
2021-11-26 00:00:00-05:00,197.6699981689453,199.32000732421875,190.69000244140625,191.3699951171875,191.3699951171875,809600,0.0,0.0,KEYS
2021-11-29 00:00:00-05:00,194.0,198.97000122070312,193.89999389648438,197.74000549316406,197.74000549316406,1413900,0.0,0.0,KEYS
2021-11-30 00:00:00-05:00,196.30999755859375,197.8350067138672,193.33999633789062,194.47999572753906,194.47999572753906,2596000,0.0,0.0,KEYS
2021-12-01 00:00:00-05:00,197.0,198.4499969482422,193.4499969482422,193.6699981689453,193.6699981689453,1346700,0.0,0.0,KEYS
2021-12-02 00:00:00-05:00,193.5,199.92999267578125,193.07000732421875,198.47999572753906,198.47999572753906,1199000,0.0,0.0,KEYS
2021-12-03 00:00:00-05:00,200.0,201.49000549316406,196.0500030517578,199.22999572753906,199.22999572753906,1324300,0.0,0.0,KEYS
2021-12-06 00:00:00-05:00,199.97999572753906,199.97999572753906,192.6300048828125,195.14999389648438,195.14999389648438,1188700,0.0,0.0,KEYS
2021-12-07 00:00:00-05:00,199.69000244140625,203.1199951171875,199.3300018310547,202.42999267578125,202.42999267578125,1424100,0.0,0.0,KEYS
2021-12-08 00:00:00-05:00,202.44000244140625,204.0500030517578,201.6300048828125,202.19000244140625,202.19000244140625,954100,0.0,0.0,KEYS
2021-12-09 00:00:00-05:00,201.75,203.49000549316406,200.0800018310547,200.6300048828125,200.6300048828125,714300,0.0,0.0,KEYS
2021-12-10 00:00:00-05:00,200.97000122070312,202.0850067138672,198.92999267578125,201.85000610351562,201.85000610351562,816300,0.0,0.0,KEYS
2021-12-13 00:00:00-05:00,202.38999938964844,205.47999572753906,201.25,204.08999633789062,204.08999633789062,1124900,0.0,0.0,KEYS
2021-12-14 00:00:00-05:00,203.13999938964844,203.13999938964844,195.3300018310547,197.99000549316406,197.99000549316406,1270900,0.0,0.0,KEYS
2021-12-15 00:00:00-05:00,199.0,204.2899932861328,197.44000244140625,204.00999450683594,204.00999450683594,1082000,0.0,0.0,KEYS
2021-12-16 00:00:00-05:00,203.61000061035156,204.89999389648438,198.03500366210938,198.58999633789062,198.58999633789062,1289600,0.0,0.0,KEYS
2021-12-17 00:00:00-05:00,197.47999572753906,199.5800018310547,196.52000427246094,197.1999969482422,197.1999969482422,2128300,0.0,0.0,KEYS
2021-12-20 00:00:00-05:00,196.05999755859375,197.25100708007812,192.0800018310547,194.22000122070312,194.22000122070312,1141400,0.0,0.0,KEYS
2021-12-21 00:00:00-05:00,195.60000610351562,197.66000366210938,194.47000122070312,197.5800018310547,197.5800018310547,982200,0.0,0.0,KEYS
2021-12-22 00:00:00-05:00,197.91000366210938,200.8249969482422,196.9199981689453,200.61000061035156,200.61000061035156,823500,0.0,0.0,KEYS
2021-12-23 00:00:00-05:00,200.7100067138672,203.08999633789062,200.56500244140625,201.42999267578125,201.42999267578125,636800,0.0,0.0,KEYS
2021-12-27 00:00:00-05:00,202.5500030517578,208.1699981689453,202.5500030517578,207.92999267578125,207.92999267578125,867900,0.0,0.0,KEYS
2021-12-28 00:00:00-05:00,207.92999267578125,208.05999755859375,205.33900451660156,206.88999938964844,206.88999938964844,450800,0.0,0.0,KEYS
2021-12-29 00:00:00-05:00,208.25,208.47999572753906,206.5399932861328,207.2899932861328,207.2899932861328,397500,0.0,0.0,KEYS
2021-12-30 00:00:00-05:00,207.63999938964844,209.0800018310547,206.6999969482422,206.8000030517578,206.8000030517578,545100,0.0,0.0,KEYS
2021-12-31 00:00:00-05:00,206.57000732421875,207.72999572753906,206.0,206.50999450683594,206.50999450683594,511800,0.0,0.0,KEYS
2022-01-03 00:00:00-05:00,205.8800048828125,207.22000122070312,201.47999572753906,202.66000366210938,202.66000366210938,947100,0.0,0.0,KEYS
2022-01-04 00:00:00-05:00,202.64999389648438,202.6699981689453,194.75,197.36000061035156,197.36000061035156,1333500,0.0,0.0,KEYS
2022-01-05 00:00:00-05:00,196.3800048828125,197.0,191.9600067138672,192.16000366210938,192.16000366210938,1166500,0.0,0.0,KEYS
2022-01-06 00:00:00-05:00,192.1999969482422,194.82899475097656,190.42999267578125,192.58999633789062,192.58999633789062,798300,0.0,0.0,KEYS
2022-01-07 00:00:00-05:00,191.97999572753906,193.05999755859375,186.85000610351562,188.0,188.0,1001700,0.0,0.0,KEYS
2022-01-10 00:00:00-05:00,185.7899932861328,186.9499969482422,182.17300415039062,186.77999877929688,186.77999877929688,1415400,0.0,0.0,KEYS
2022-01-11 00:00:00-05:00,188.0,191.85000610351562,185.85000610351562,191.6999969482422,191.6999969482422,984900,0.0,0.0,KEYS
2022-01-12 00:00:00-05:00,192.75,193.9199981689453,189.8800048828125,190.39999389648438,190.39999389648438,745100,0.0,0.0,KEYS
2022-01-13 00:00:00-05:00,190.39999389648438,191.77999877929688,186.22000122070312,186.61000061035156,186.61000061035156,1198100,0.0,0.0,KEYS
2022-01-14 00:00:00-05:00,185.0,187.25900268554688,184.44000244140625,187.13999938964844,187.13999938964844,1001900,0.0,0.0,KEYS
2022-01-18 00:00:00-05:00,183.66000366210938,185.1699981689453,180.9550018310547,181.4199981689453,181.4199981689453,1137900,0.0,0.0,KEYS
2022-01-19 00:00:00-05:00,181.66000366210938,185.0,179.8000030517578,180.4499969482422,180.4499969482422,1144400,0.0,0.0,KEYS
2022-01-20 00:00:00-05:00,181.83999633789062,183.92999267578125,176.9499969482422,177.47999572753906,177.47999572753906,1314000,0.0,0.0,KEYS
2022-01-21 00:00:00-05:00,175.52999877929688,177.0500030517578,173.0399932861328,173.4199981689453,173.4199981689453,3302700,0.0,0.0,KEYS
2022-01-24 00:00:00-05:00,171.69000244140625,176.02000427246094,166.79100036621094,175.36000061035156,175.36000061035156,1525700,0.0,0.0,KEYS
2022-01-25 00:00:00-05:00,171.3800048828125,172.2100067138672,167.38099670410156,168.77000427246094,168.77000427246094,1500100,0.0,0.0,KEYS
2022-01-26 00:00:00-05:00,171.5,174.5399932861328,166.8800048828125,168.49000549316406,168.49000549316406,1567500,0.0,0.0,KEYS
2022-01-27 00:00:00-05:00,169.9199981689453,170.6300048828125,160.7899932861328,161.1199951171875,161.1199951171875,2284100,0.0,0.0,KEYS
2022-01-28 00:00:00-05:00,161.97000122070312,164.0800018310547,156.6300048828125,164.02000427246094,164.02000427246094,2530000,0.0,0.0,KEYS
2022-01-31 00:00:00-05:00,164.75999450683594,169.07000732421875,164.5,168.82000732421875,168.82000732421875,1811500,0.0,0.0,KEYS
2022-02-01 00:00:00-05:00,170.1300048828125,170.6199951171875,165.4530029296875,169.05999755859375,169.05999755859375,1459200,0.0,0.0,KEYS
2022-02-02 00:00:00-05:00,170.27000427246094,173.0,170.0500030517578,171.25999450683594,171.25999450683594,1069200,0.0,0.0,KEYS
2022-02-03 00:00:00-05:00,168.1199951171875,169.11399841308594,165.5,165.8800048828125,165.8800048828125,1306600,0.0,0.0,KEYS
2022-02-04 00:00:00-05:00,164.82000732421875,167.80999755859375,164.10000610351562,166.2100067138672,166.2100067138672,1075700,0.0,0.0,KEYS
2022-02-07 00:00:00-05:00,166.2100067138672,168.16000366210938,165.57000732421875,166.0800018310547,166.0800018310547,1410100,0.0,0.0,KEYS
2022-02-08 00:00:00-05:00,165.16000366210938,168.66000366210938,164.55999755859375,168.4199981689453,168.4199981689453,1672400,0.0,0.0,KEYS
2022-02-09 00:00:00-05:00,171.05999755859375,172.35499572753906,169.57000732421875,172.14999389648438,172.14999389648438,775200,0.0,0.0,KEYS
2022-02-10 00:00:00-05:00,168.44000244140625,173.0970001220703,167.5,169.22999572753906,169.22999572753906,1545900,0.0,0.0,KEYS
2022-02-11 00:00:00-05:00,170.42999267578125,171.97999572753906,164.13999938964844,165.0399932861328,165.0399932861328,1356900,0.0,0.0,KEYS
2022-02-14 00:00:00-05:00,164.85000610351562,167.14500427246094,163.83999633789062,165.92999267578125,165.92999267578125,1519000,0.0,0.0,KEYS
2022-02-15 00:00:00-05:00,168.44000244140625,169.7899932861328,167.0500030517578,169.77000427246094,169.77000427246094,1076700,0.0,0.0,KEYS
2022-02-16 00:00:00-05:00,168.3800048828125,170.4199981689453,166.1300048828125,170.1300048828125,170.1300048828125,1055300,0.0,0.0,KEYS
2022-02-17 00:00:00-05:00,167.97999572753906,168.8800048828125,165.1999969482422,165.5,165.5,1258300,0.0,0.0,KEYS
2022-02-18 00:00:00-05:00,161.47999572753906,163.9199981689453,156.4600067138672,160.58999633789062,160.58999633789062,1904700,0.0,0.0,KEYS
2022-02-22 00:00:00-05:00,160.00999450683594,162.1300048828125,157.16000366210938,158.58999633789062,158.58999633789062,1452200,0.0,0.0,KEYS
2022-02-23 00:00:00-05:00,159.6199951171875,160.19000244140625,153.25,153.35000610351562,153.35000610351562,1389100,0.0,0.0,KEYS
2022-02-24 00:00:00-05:00,148.0,159.0399932861328,147.77000427246094,158.5,158.5,1227400,0.0,0.0,KEYS
2022-02-25 00:00:00-05:00,157.99000549316406,160.44000244140625,156.9600067138672,159.97999572753906,159.97999572753906,958600,0.0,0.0,KEYS
2022-02-28 00:00:00-05:00,158.27999877929688,158.92999267578125,155.3300018310547,157.3699951171875,157.3699951171875,1330200,0.0,0.0,KEYS
2022-03-01 00:00:00-05:00,157.0800018310547,158.3800048828125,151.89999389648438,153.2899932861328,153.2899932861328,1499700,0.0,0.0,KEYS
2022-03-02 00:00:00-05:00,154.6699981689453,158.83999633789062,154.41000366210938,157.86000061035156,157.86000061035156,971000,0.0,0.0,KEYS
2022-03-03 00:00:00-05:00,158.36000061035156,159.4600067138672,154.5500030517578,155.39999389648438,155.39999389648438,1000400,0.0,0.0,KEYS
2022-03-04 00:00:00-05:00,154.0,154.9600067138672,150.5,151.6699981689453,151.6699981689453,958700,0.0,0.0,KEYS
2022-03-07 00:00:00-05:00,151.6999969482422,152.97999572753906,146.82000732421875,146.8699951171875,146.8699951171875,1267600,0.0,0.0,KEYS
2022-03-08 00:00:00-05:00,146.86000061035156,150.49000549316406,145.17999267578125,146.2899932861328,146.2899932861328,1133300,0.0,0.0,KEYS
2022-03-09 00:00:00-05:00,150.4600067138672,152.35800170898438,149.36000061035156,151.0500030517578,151.0500030517578,940400,0.0,0.0,KEYS
2022-03-10 00:00:00-05:00,147.69000244140625,149.0749969482422,145.5800018310547,146.49000549316406,146.49000549316406,858400,0.0,0.0,KEYS
2022-03-11 00:00:00-05:00,149.16000366210938,149.67999267578125,145.72999572753906,145.8699951171875,145.8699951171875,870800,0.0,0.0,KEYS
2022-03-14 00:00:00-04:00,145.94000244140625,148.99000549316406,143.67999267578125,143.97999572753906,143.97999572753906,1168000,0.0,0.0,KEYS
2022-03-15 00:00:00-04:00,145.47000122070312,149.94000244140625,145.19000244140625,149.66000366210938,149.66000366210938,1182300,0.0,0.0,KEYS
2022-03-16 00:00:00-04:00,151.66000366210938,156.16099548339844,150.32000732421875,154.41000366210938,154.41000366210938,1329400,0.0,0.0,KEYS
2022-03-17 00:00:00-04:00,153.14999389648438,156.86500549316406,152.69000244140625,156.75,156.75,1138800,0.0,0.0,KEYS
2022-03-18 00:00:00-04:00,156.74000549316406,161.69000244140625,156.14500427246094,161.41000366210938,161.41000366210938,1682300,0.0,0.0,KEYS
2022-03-21 00:00:00-04:00,161.0,162.16000366210938,158.18499755859375,160.27999877929688,160.27999877929688,1123400,0.0,0.0,KEYS
2022-03-22 00:00:00-04:00,161.17999267578125,162.75,158.64999389648438,158.86000061035156,158.86000061035156,1384100,0.0,0.0,KEYS
2022-03-23 00:00:00-04:00,158.0399932861328,159.2899932861328,155.07000732421875,156.35000610351562,156.35000610351562,792300,0.0,0.0,KEYS
2022-03-24 00:00:00-04:00,157.1300048828125,159.2899932861328,156.80999755859375,159.0800018310547,159.0800018310547,915800,0.0,0.0,KEYS
2022-03-25 00:00:00-04:00,160.0,160.27999877929688,156.83999633789062,160.11000061035156,160.11000061035156,869400,0.0,0.0,KEYS
2022-03-28 00:00:00-04:00,160.4600067138672,161.94500732421875,158.80999755859375,160.0399932861328,160.0399932861328,946400,0.0,0.0,KEYS
2022-03-29 00:00:00-04:00,164.1699981689453,166.52000427246094,162.69000244140625,165.07000732421875,165.07000732421875,907300,0.0,0.0,KEYS
2022-03-30 00:00:00-04:00,163.58999633789062,163.9949951171875,159.89999389648438,160.80999755859375,160.80999755859375,688300,0.0,0.0,KEYS
2022-03-31 00:00:00-04:00,161.05999755859375,162.09500122070312,157.97000122070312,157.97000122070312,157.97000122070312,1287300,0.0,0.0,KEYS
2022-04-01 00:00:00-04:00,158.99000549316406,159.99000549316406,156.5500030517578,158.39999389648438,158.39999389648438,997400,0.0,0.0,KEYS
2022-04-04 00:00:00-04:00,158.1199951171875,160.75999450683594,158.1199951171875,159.58999633789062,159.58999633789062,841400,0.0,0.0,KEYS
2022-04-05 00:00:00-04:00,159.4499969482422,159.4550018310547,154.25999450683594,154.9499969482422,154.9499969482422,890900,0.0,0.0,KEYS
2022-04-06 00:00:00-04:00,152.77999877929688,153.02999877929688,150.42999267578125,151.5399932861328,151.5399932861328,1167500,0.0,0.0,KEYS
2022-04-07 00:00:00-04:00,151.52000427246094,153.16000366210938,150.13499450683594,151.32000732421875,151.32000732421875,1161500,0.0,0.0,KEYS
2022-04-08 00:00:00-04:00,150.50999450683594,151.58999633789062,148.85000610351562,149.7899932861328,149.7899932861328,886400,0.0,0.0,KEYS
2022-04-11 00:00:00-04:00,148.74000549316406,149.58999633789062,146.82000732421875,147.39999389648438,147.39999389648438,571300,0.0,0.0,KEYS
2022-04-12 00:00:00-04:00,149.3000030517578,150.5500030517578,146.27999877929688,146.66000366210938,146.66000366210938,943900,0.0,0.0,KEYS
2022-04-13 00:00:00-04:00,147.0500030517578,148.1199951171875,146.16000366210938,147.25999450683594,147.25999450683594,652700,0.0,0.0,KEYS
2022-04-14 00:00:00-04:00,148.16000366210938,148.16000366210938,143.7899932861328,143.92999267578125,143.92999267578125,852900,0.0,0.0,KEYS
2022-04-18 00:00:00-04:00,143.7899932861328,146.1199951171875,143.4949951171875,145.27000427246094,145.27000427246094,701300,0.0,0.0,KEYS
2022-04-19 00:00:00-04:00,145.17999267578125,148.5,145.17999267578125,148.36000061035156,148.36000061035156,996900,0.0,0.0,KEYS
2022-04-20 00:00:00-04:00,149.9199981689453,152.4149932861328,149.36000061035156,151.22000122070312,151.22000122070312,1000400,0.0,0.0,KEYS
2022-04-21 00:00:00-04:00,152.9199981689453,153.86000061035156,148.88999938964844,149.35000610351562,149.35000610351562,932100,0.0,0.0,KEYS
2022-04-22 00:00:00-04:00,148.74000549316406,149.80999755859375,145.05499267578125,145.27999877929688,145.27999877929688,700400,0.0,0.0,KEYS
2022-04-25 00:00:00-04:00,144.57000732421875,147.0,143.22999572753906,146.9600067138672,146.9600067138672,743300,0.0,0.0,KEYS
2022-04-26 00:00:00-04:00,145.8300018310547,146.0800018310547,141.36000061035156,141.3800048828125,141.3800048828125,1108700,0.0,0.0,KEYS
2022-04-27 00:00:00-04:00,141.44000244140625,143.8300018310547,140.72999572753906,141.30999755859375,141.30999755859375,1056700,0.0,0.0,KEYS
2022-04-28 00:00:00-04:00,143.33999633789062,146.0399932861328,141.57000732421875,145.17999267578125,145.17999267578125,876200,0.0,0.0,KEYS
2022-04-29 00:00:00-04:00,144.69000244140625,145.5,140.0,140.27000427246094,140.27000427246094,1111000,0.0,0.0,KEYS
2022-05-02 00:00:00-04:00,140.1699981689453,142.0800018310547,138.02999877929688,141.8699951171875,141.8699951171875,1111800,0.0,0.0,KEYS
2022-05-03 00:00:00-04:00,141.67999267578125,144.10000610351562,141.3300018310547,142.92999267578125,142.92999267578125,951500,0.0,0.0,KEYS
2022-05-04 00:00:00-04:00,143.57000732421875,146.7899932861328,140.64999389648438,146.60000610351562,146.60000610351562,948600,0.0,0.0,KEYS
2022-05-05 00:00:00-04:00,144.7100067138672,145.22999572753906,139.46499633789062,140.91000366210938,140.91000366210938,781300,0.0,0.0,KEYS
2022-05-06 00:00:00-04:00,139.3800048828125,140.22000122070312,136.1999969482422,138.77999877929688,138.77999877929688,987100,0.0,0.0,KEYS
2022-05-09 00:00:00-04:00,136.0,136.9949951171875,131.42999267578125,132.1999969482422,132.1999969482422,1879800,0.0,0.0,KEYS
2022-05-10 00:00:00-04:00,134.69000244140625,136.81500244140625,131.33999633789062,135.08999633789062,135.08999633789062,1049400,0.0,0.0,KEYS
2022-05-11 00:00:00-04:00,134.32000732421875,135.99000549316406,130.7449951171875,131.02999877929688,131.02999877929688,785200,0.0,0.0,KEYS
2022-05-12 00:00:00-04:00,130.41000366210938,132.02000427246094,127.93000030517578,130.61000061035156,130.61000061035156,1234300,0.0,0.0,KEYS
2022-05-13 00:00:00-04:00,132.5800018310547,137.72999572753906,131.75999450683594,136.6699981689453,136.6699981689453,961000,0.0,0.0,KEYS
2022-05-16 00:00:00-04:00,135.39999389648438,136.67999267578125,134.2100067138672,135.17999267578125,135.17999267578125,868300,0.0,0.0,KEYS
2022-05-17 00:00:00-04:00,138.22000122070312,140.55999755859375,136.55999755859375,140.3699951171875,140.3699951171875,1616700,0.0,0.0,KEYS
2022-05-18 00:00:00-04:00,137.0,141.15499877929688,134.41000366210938,136.0,136.0,2151100,0.0,0.0,KEYS
2022-05-19 00:00:00-04:00,135.83999633789062,139.9149932861328,135.17999267578125,137.10000610351562,137.10000610351562,1163800,0.0,0.0,KEYS
2022-05-20 00:00:00-04:00,138.6999969482422,139.3699951171875,133.44000244140625,137.8000030517578,137.8000030517578,1414500,0.0,0.0,KEYS
2022-05-23 00:00:00-04:00,138.9499969482422,140.7050018310547,138.32000732421875,140.16000366210938,140.16000366210938,1015600,0.0,0.0,KEYS
2022-05-24 00:00:00-04:00,138.9199981689453,139.7899932861328,136.8800048828125,138.85000610351562,138.85000610351562,1117700,0.0,0.0,KEYS
2022-05-25 00:00:00-04:00,137.97000122070312,139.36000061035156,136.27000427246094,137.4499969482422,137.4499969482422,1038100,0.0,0.0,KEYS
2022-05-26 00:00:00-04:00,138.1999969482422,141.94000244140625,137.39999389648438,141.25999450683594,141.25999450683594,865100,0.0,0.0,KEYS
2022-05-27 00:00:00-04:00,143.14999389648438,145.25,142.67999267578125,145.22999572753906,145.22999572753906,865600,0.0,0.0,KEYS
2022-05-31 00:00:00-04:00,145.22000122070312,147.85000610351562,143.72000122070312,145.60000610351562,145.60000610351562,1908200,0.0,0.0,KEYS
2022-06-01 00:00:00-04:00,146.17999267578125,147.30999755859375,142.39999389648438,143.5500030517578,143.5500030517578,828300,0.0,0.0,KEYS
2022-06-02 00:00:00-04:00,143.02000427246094,148.8699951171875,142.39999389648438,148.77999877929688,148.77999877929688,679900,0.0,0.0,KEYS
2022-06-03 00:00:00-04:00,146.61000061035156,147.50999450683594,145.6199951171875,146.72999572753906,146.72999572753906,482500,0.0,0.0,KEYS
2022-06-06 00:00:00-04:00,148.66000366210938,150.0,145.92999267578125,146.6300048828125,146.6300048828125,580400,0.0,0.0,KEYS
2022-06-07 00:00:00-04:00,145.3699951171875,148.86000061035156,145.24000549316406,148.4499969482422,148.4499969482422,831500,0.0,0.0,KEYS
2022-06-08 00:00:00-04:00,147.61000061035156,148.8000030517578,144.44500732421875,144.8699951171875,144.8699951171875,652000,0.0,0.0,KEYS
2022-06-09 00:00:00-04:00,143.97999572753906,145.92999267578125,143.83999633789062,143.86000061035156,143.86000061035156,1087200,0.0,0.0,KEYS
2022-06-10 00:00:00-04:00,141.39999389648438,142.36000061035156,139.35000610351562,140.52999877929688,140.52999877929688,986000,0.0,0.0,KEYS
2022-06-13 00:00:00-04:00,137.22000122070312,138.02499389648438,133.10000610351562,133.5500030517578,133.5500030517578,1012700,0.0,0.0,KEYS
2022-06-14 00:00:00-04:00,134.4199981689453,135.6300048828125,132.5,135.1699981689453,135.1699981689453,953300,0.0,0.0,KEYS
2022-06-15 00:00:00-04:00,136.72000122070312,140.49000549316406,136.00999450683594,138.47000122070312,138.47000122070312,829600,0.0,0.0,KEYS
2022-06-16 00:00:00-04:00,135.02999877929688,135.61000061035156,130.07000732421875,131.0500030517578,131.0500030517578,968800,0.0,0.0,KEYS
2022-06-17 00:00:00-04:00,132.6199951171875,135.19000244140625,131.77000427246094,133.8000030517578,133.8000030517578,1689500,0.0,0.0,KEYS
2022-06-21 00:00:00-04:00,135.97999572753906,137.92999267578125,135.85000610351562,136.5399932861328,136.5399932861328,982000,0.0,0.0,KEYS
2022-06-22 00:00:00-04:00,134.75999450683594,137.33999633789062,134.5800018310547,135.8800048828125,135.8800048828125,736700,0.0,0.0,KEYS
2022-06-23 00:00:00-04:00,136.35000610351562,138.0399932861328,135.38999938964844,136.9199981689453,136.9199981689453,733000,0.0,0.0,KEYS
2022-06-24 00:00:00-04:00,138.9199981689453,140.80999755859375,138.14999389648438,140.47999572753906,140.47999572753906,2124000,0.0,0.0,KEYS
2022-06-27 00:00:00-04:00,141.4499969482422,142.99000549316406,139.57000732421875,141.97000122070312,141.97000122070312,935600,0.0,0.0,KEYS
2022-06-28 00:00:00-04:00,142.3000030517578,143.0,138.7100067138672,138.9199981689453,138.9199981689453,697300,0.0,0.0,KEYS
2022-06-29 00:00:00-04:00,138.75999450683594,139.2100067138672,136.13999938964844,138.67999267578125,138.67999267578125,864500,0.0,0.0,KEYS
2022-06-30 00:00:00-04:00,136.91000366210938,139.47000122070312,136.0489959716797,137.85000610351562,137.85000610351562,813200,0.0,0.0,KEYS
2022-07-01 00:00:00-04:00,136.92999267578125,137.52999877929688,133.61000061035156,136.14999389648438,136.14999389648438,696400,0.0,0.0,KEYS
2022-07-05 00:00:00-04:00,133.6699981689453,137.47500610351562,133.33999633789062,137.35000610351562,137.35000610351562,541800,0.0,0.0,KEYS
2022-07-06 00:00:00-04:00,138.2899932861328,140.9199981689453,137.83299255371094,139.80999755859375,139.80999755859375,978300,0.0,0.0,KEYS
2022-07-07 00:00:00-04:00,140.83999633789062,144.1300048828125,140.83999633789062,142.99000549316406,142.99000549316406,866400,0.0,0.0,KEYS
2022-07-08 00:00:00-04:00,142.22500610351562,143.02000427246094,141.16000366210938,142.66000366210938,142.66000366210938,522200,0.0,0.0,KEYS
2022-07-11 00:00:00-04:00,141.38999938964844,142.7899932861328,140.0019989013672,141.50999450683594,141.50999450683594,646400,0.0,0.0,KEYS
2022-07-12 00:00:00-04:00,142.25999450683594,143.69000244140625,140.24000549316406,140.97999572753906,140.97999572753906,805200,0.0,0.0,KEYS
2022-07-13 00:00:00-04:00,138.27000427246094,142.7449951171875,137.9499969482422,141.6300048828125,141.6300048828125,908200,0.0,0.0,KEYS
2022-07-14 00:00:00-04:00,139.69000244140625,140.3800048828125,137.17999267578125,138.57000732421875,138.57000732421875,1175000,0.0,0.0,KEYS
2022-07-15 00:00:00-04:00,140.6199951171875,143.64999389648438,139.52000427246094,143.58999633789062,143.58999633789062,881700,0.0,0.0,KEYS
2022-07-18 00:00:00-04:00,144.10000610351562,144.66000366210938,140.77999877929688,141.22999572753906,141.22999572753906,845600,0.0,0.0,KEYS
2022-07-19 00:00:00-04:00,143.47999572753906,148.0500030517578,143.3000030517578,147.5500030517578,147.5500030517578,933400,0.0,0.0,KEYS
2022-07-20 00:00:00-04:00,147.55999755859375,150.22799682617188,147.3350067138672,149.74000549316406,149.74000549316406,596500,0.0,0.0,KEYS
2022-07-21 00:00:00-04:00,150.13999938964844,153.42999267578125,149.5749969482422,153.39999389648438,153.39999389648438,534100,0.0,0.0,KEYS
2022-07-22 00:00:00-04:00,153.1699981689453,154.0800018310547,149.61000061035156,150.5800018310547,150.5800018310547,903200,0.0,0.0,KEYS
2022-07-25 00:00:00-04:00,150.6699981689453,152.13999938964844,148.6999969482422,152.05999755859375,152.05999755859375,957100,0.0,0.0,KEYS
2022-07-26 00:00:00-04:00,151.13999938964844,152.25,150.3800048828125,151.25,151.25,849400,0.0,0.0,KEYS
2022-07-27 00:00:00-04:00,151.9600067138672,156.58999633789062,151.4199981689453,155.60000610351562,155.60000610351562,852700,0.0,0.0,KEYS
2022-07-28 00:00:00-04:00,156.33999633789062,159.6300048828125,155.13999938964844,159.33999633789062,159.33999633789062,562300,0.0,0.0,KEYS
2022-07-29 00:00:00-04:00,159.55999755859375,163.27999877929688,159.33999633789062,162.60000610351562,162.60000610351562,745600,0.0,0.0,KEYS
2022-08-01 00:00:00-04:00,161.16000366210938,163.97000122070312,160.66000366210938,163.64999389648438,163.64999389648438,672000,0.0,0.0,KEYS
2022-08-02 00:00:00-04:00,162.16000366210938,164.0,161.88999938964844,163.0800018310547,163.0800018310547,656600,0.0,0.0,KEYS
2022-08-03 00:00:00-04:00,163.22000122070312,166.25999450683594,162.60000610351562,165.5399932861328,165.5399932861328,610200,0.0,0.0,KEYS
2022-08-04 00:00:00-04:00,166.24000549316406,168.27999877929688,165.33999633789062,168.02000427246094,168.02000427246094,577400,0.0,0.0,KEYS
2022-08-05 00:00:00-04:00,165.92999267578125,167.50999450683594,164.39999389648438,167.25999450683594,167.25999450683594,468300,0.0,0.0,KEYS
2022-08-08 00:00:00-04:00,167.9499969482422,168.3300018310547,164.6999969482422,166.22000122070312,166.22000122070312,670800,0.0,0.0,KEYS
2022-08-09 00:00:00-04:00,165.39999389648438,165.39999389648438,161.68499755859375,162.50999450683594,162.50999450683594,715700,0.0,0.0,KEYS
2022-08-10 00:00:00-04:00,165.88999938964844,166.74000549316406,164.14999389648438,166.55999755859375,166.55999755859375,646200,0.0,0.0,KEYS
2022-08-11 00:00:00-04:00,167.8300018310547,169.156005859375,166.5500030517578,166.72000122070312,166.72000122070312,744600,0.0,0.0,KEYS
2022-08-12 00:00:00-04:00,167.44000244140625,169.78500366210938,167.26499938964844,169.60000610351562,169.60000610351562,795600,0.0,0.0,KEYS
2022-08-15 00:00:00-04:00,168.9499969482422,171.67999267578125,168.7899932861328,171.1300048828125,171.1300048828125,692500,0.0,0.0,KEYS
2022-08-16 00:00:00-04:00,170.24000549316406,171.52000427246094,169.0,170.6300048828125,170.6300048828125,632400,0.0,0.0,KEYS
2022-08-17 00:00:00-04:00,169.13999938964844,170.44500732421875,167.72999572753906,169.2899932861328,169.2899932861328,1033000,0.0,0.0,KEYS
2022-08-18 00:00:00-04:00,176.5500030517578,180.6699981689453,176.49000549316406,179.36000061035156,179.36000061035156,1682100,0.0,0.0,KEYS
2022-08-19 00:00:00-04:00,178.24000549316406,178.2449951171875,175.52999877929688,176.22999572753906,176.22999572753906,1000000,0.0,0.0,KEYS
2022-08-22 00:00:00-04:00,173.10000610351562,173.71499633789062,170.42999267578125,170.60000610351562,170.60000610351562,773600,0.0,0.0,KEYS
2022-08-23 00:00:00-04:00,169.9499969482422,171.87600708007812,169.36000061035156,170.22999572753906,170.22999572753906,688700,0.0,0.0,KEYS
2022-08-24 00:00:00-04:00,170.50999450683594,172.1999969482422,170.0399932861328,170.88999938964844,170.88999938964844,598000,0.0,0.0,KEYS
2022-08-25 00:00:00-04:00,171.85000610351562,173.16000366210938,170.5500030517578,172.61000061035156,172.61000061035156,661600,0.0,0.0,KEYS
2022-08-26 00:00:00-04:00,172.52999877929688,172.52999877929688,166.88999938964844,167.0800018310547,167.0800018310547,1049600,0.0,0.0,KEYS
2022-08-29 00:00:00-04:00,164.99000549316406,168.72000122070312,164.02999877929688,166.35000610351562,166.35000610351562,1138400,0.0,0.0,KEYS
2022-08-30 00:00:00-04:00,167.72000122070312,167.72000122070312,162.9499969482422,164.0,164.0,862300,0.0,0.0,KEYS
2022-08-31 00:00:00-04:00,164.75,165.91099548339844,163.25,163.88999938964844,163.88999938964844,1260900,0.0,0.0,KEYS
2022-09-01 00:00:00-04:00,162.0800018310547,164.14999389648438,161.05999755859375,164.05999755859375,164.05999755859375,1007000,0.0,0.0,KEYS
2022-09-02 00:00:00-04:00,166.60000610351562,166.75,162.2899932861328,163.27000427246094,163.27000427246094,771100,0.0,0.0,KEYS
2022-09-06 00:00:00-04:00,163.69000244140625,164.27999877929688,161.4499969482422,163.52999877929688,163.52999877929688,774600,0.0,0.0,KEYS
2022-09-07 00:00:00-04:00,165.07000732421875,170.92999267578125,164.64999389648438,169.6699981689453,169.6699981689453,1552000,0.0,0.0,KEYS
2022-09-08 00:00:00-04:00,169.07000732421875,172.97000122070312,168.1699981689453,172.89999389648438,172.89999389648438,995400,0.0,0.0,KEYS
2022-09-09 00:00:00-04:00,173.33999633789062,173.93600463867188,171.8300018310547,172.36000061035156,172.36000061035156,1087200,0.0,0.0,KEYS
2022-09-12 00:00:00-04:00,172.89999389648438,173.74000549316406,171.58999633789062,173.6999969482422,173.6999969482422,997300,0.0,0.0,KEYS
2022-09-13 00:00:00-04:00,169.5,171.3000030517578,167.63999938964844,168.36000061035156,168.36000061035156,667200,0.0,0.0,KEYS
2022-09-14 00:00:00-04:00,168.36000061035156,170.80999755859375,166.27999877929688,168.11000061035156,168.11000061035156,911700,0.0,0.0,KEYS
2022-09-15 00:00:00-04:00,168.1199951171875,168.44000244140625,164.80999755859375,165.66000366210938,165.66000366210938,690600,0.0,0.0,KEYS
2022-09-16 00:00:00-04:00,164.47999572753906,165.59500122070312,162.8000030517578,165.42999267578125,165.42999267578125,1644200,0.0,0.0,KEYS
2022-09-19 00:00:00-04:00,163.77000427246094,166.25999450683594,163.2100067138672,165.9600067138672,165.9600067138672,587300,0.0,0.0,KEYS
2022-09-20 00:00:00-04:00,164.82000732421875,165.3350067138672,163.02999877929688,164.4600067138672,164.4600067138672,583900,0.0,0.0,KEYS
2022-09-21 00:00:00-04:00,165.55999755859375,167.1699981689453,161.9600067138672,162.0500030517578,162.0500030517578,565800,0.0,0.0,KEYS
2022-09-22 00:00:00-04:00,161.22000122070312,161.8800048828125,158.69000244140625,158.7100067138672,158.7100067138672,675400,0.0,0.0,KEYS
2022-09-23 00:00:00-04:00,157.1999969482422,157.85000610351562,154.4600067138672,156.85000610351562,156.85000610351562,694300,0.0,0.0,KEYS
2022-09-26 00:00:00-04:00,156.27000427246094,158.07000732421875,155.4499969482422,155.55999755859375,155.55999755859375,1016000,0.0,0.0,KEYS
2022-09-27 00:00:00-04:00,157.66000366210938,158.97999572753906,155.02000427246094,156.91000366210938,156.91000366210938,1012200,0.0,0.0,KEYS
2022-09-28 00:00:00-04:00,157.0500030517578,160.5800018310547,155.4499969482422,159.5500030517578,159.5500030517578,1095400,0.0,0.0,KEYS
2022-09-29 00:00:00-04:00,158.22999572753906,159.11000061035156,156.55999755859375,158.82000732421875,158.82000732421875,1140100,0.0,0.0,KEYS
2022-09-30 00:00:00-04:00,158.17999267578125,162.1300048828125,157.16000366210938,157.36000061035156,157.36000061035156,1204500,0.0,0.0,KEYS
2022-10-03 00:00:00-04:00,159.3300018310547,163.44000244140625,158.72000122070312,162.4199981689453,162.4199981689453,727200,0.0,0.0,KEYS
2022-10-04 00:00:00-04:00,165.1999969482422,168.92999267578125,165.1999969482422,168.64999389648438,168.64999389648438,1095700,0.0,0.0,KEYS
2022-10-05 00:00:00-04:00,166.69000244140625,169.75999450683594,166.35000610351562,168.7100067138672,168.7100067138672,679700,0.0,0.0,KEYS
2022-10-06 00:00:00-04:00,168.64999389648438,170.33999633789062,168.1699981689453,168.50999450683594,168.50999450683594,726200,0.0,0.0,KEYS
2022-10-07 00:00:00-04:00,166.0,166.05499267578125,160.16000366210938,161.05999755859375,161.05999755859375,769700,0.0,0.0,KEYS
2022-10-10 00:00:00-04:00,162.4499969482422,162.4499969482422,157.35000610351562,160.32000732421875,160.32000732421875,792600,0.0,0.0,KEYS
2022-10-11 00:00:00-04:00,159.75,159.85000610351562,155.22000122070312,156.0,156.0,905900,0.0,0.0,KEYS
2022-10-12 00:00:00-04:00,157.36000061035156,157.72000122070312,153.72999572753906,153.77999877929688,153.77999877929688,926800,0.0,0.0,KEYS
2022-10-13 00:00:00-04:00,150.08999633789062,157.3699951171875,149.72999572753906,156.99000549316406,156.99000549316406,1151300,0.0,0.0,KEYS
2022-10-14 00:00:00-04:00,157.97999572753906,158.98500061035156,154.03500366210938,154.24000549316406,154.24000549316406,1074800,0.0,0.0,KEYS
2022-10-17 00:00:00-04:00,157.5800018310547,159.9499969482422,157.42999267578125,159.11000061035156,159.11000061035156,736200,0.0,0.0,KEYS
2022-10-18 00:00:00-04:00,163.0399932861328,163.77999877929688,159.8699951171875,161.1999969482422,161.1999969482422,707500,0.0,0.0,KEYS
2022-10-19 00:00:00-04:00,159.85000610351562,161.78500366210938,159.26499938964844,161.14999389648438,161.14999389648438,629600,0.0,0.0,KEYS
2022-10-20 00:00:00-04:00,161.3000030517578,164.02000427246094,159.1300048828125,160.8000030517578,160.8000030517578,812900,0.0,0.0,KEYS
2022-10-21 00:00:00-04:00,161.30999755859375,169.6300048828125,160.8699951171875,168.9600067138672,168.9600067138672,1105700,0.0,0.0,KEYS
2022-10-24 00:00:00-04:00,169.5399932861328,169.82000732421875,166.97000122070312,169.39999389648438,169.39999389648438,1161700,0.0,0.0,KEYS
2022-10-25 00:00:00-04:00,169.22999572753906,173.78900146484375,169.22999572753906,173.7100067138672,173.7100067138672,908100,0.0,0.0,KEYS
2022-10-26 00:00:00-04:00,173.4600067138672,176.9199981689453,172.00999450683594,175.27000427246094,175.27000427246094,928700,0.0,0.0,KEYS
2022-10-27 00:00:00-04:00,176.14999389648438,176.7100067138672,173.05999755859375,173.38999938964844,173.38999938964844,908200,0.0,0.0,KEYS
2022-10-28 00:00:00-04:00,173.6199951171875,177.72999572753906,172.88999938964844,177.64999389648438,177.64999389648438,823000,0.0,0.0,KEYS
2022-10-31 00:00:00-04:00,176.1699981689453,176.2550048828125,173.07000732421875,174.14999389648438,174.14999389648438,1039500,0.0,0.0,KEYS
2022-11-01 00:00:00-04:00,176.22000122070312,176.57000732421875,172.74000549316406,173.97999572753906,173.97999572753906,755800,0.0,0.0,KEYS
2022-11-02 00:00:00-04:00,173.5,173.88999938964844,166.92999267578125,167.10000610351562,167.10000610351562,1256100,0.0,0.0,KEYS
2022-11-03 00:00:00-04:00,165.57000732421875,168.52000427246094,164.14999389648438,166.97000122070312,166.97000122070312,796000,0.0,0.0,KEYS
2022-11-04 00:00:00-04:00,169.13999938964844,169.13999938964844,159.375,163.85000610351562,163.85000610351562,1561600,0.0,0.0,KEYS
2022-11-07 00:00:00-05:00,165.0399932861328,165.63999938964844,162.0800018310547,163.52000427246094,163.52000427246094,960500,0.0,0.0,KEYS
2022-11-08 00:00:00-05:00,164.25999450683594,166.07000732421875,162.02000427246094,163.6199951171875,163.6199951171875,1047100,0.0,0.0,KEYS
2022-11-09 00:00:00-05:00,162.75999450683594,163.0800018310547,160.6300048828125,161.02000427246094,161.02000427246094,720000,0.0,0.0,KEYS
2022-11-10 00:00:00-05:00,167.0,171.90499877929688,165.99000549316406,171.7100067138672,171.7100067138672,1268200,0.0,0.0,KEYS
2022-11-11 00:00:00-05:00,172.3800048828125,172.88999938964844,170.17300415039062,172.17999267578125,172.17999267578125,1018300,0.0,0.0,KEYS
2022-11-14 00:00:00-05:00,171.33999633789062,174.63999938964844,171.0,171.0399932861328,171.0399932861328,897000,0.0,0.0,KEYS
2022-11-15 00:00:00-05:00,174.19000244140625,175.99000549316406,171.3300018310547,172.47999572753906,172.47999572753906,782700,0.0,0.0,KEYS
2022-11-16 00:00:00-05:00,172.02000427246094,172.02000427246094,166.52000427246094,166.57000732421875,166.57000732421875,958200,0.0,0.0,KEYS
2022-11-17 00:00:00-05:00,164.30999755859375,166.3800048828125,163.2100067138672,166.02999877929688,166.02999877929688,1072000,0.0,0.0,KEYS
2022-11-18 00:00:00-05:00,172.0,173.75999450683594,168.9010009765625,171.89999389648438,171.89999389648438,1281500,0.0,0.0,KEYS
2022-11-21 00:00:00-05:00,170.9600067138672,173.4290008544922,170.9600067138672,172.1300048828125,172.1300048828125,1268700,0.0,0.0,KEYS
2022-11-22 00:00:00-05:00,172.82000732421875,175.8300018310547,172.24000549316406,174.27999877929688,174.27999877929688,916200,0.0,0.0,KEYS
2022-11-23 00:00:00-05:00,174.97000122070312,177.9199981689453,174.5290069580078,176.0399932861328,176.0399932861328,831300,0.0,0.0,KEYS
2022-11-25 00:00:00-05:00,176.5,177.25,175.8800048828125,176.6199951171875,176.6199951171875,413600,0.0,0.0,KEYS
2022-11-28 00:00:00-05:00,175.08999633789062,176.63999938964844,173.02000427246094,173.58999633789062,173.58999633789062,1339200,0.0,0.0,KEYS
2022-11-29 00:00:00-05:00,173.4499969482422,174.96499633789062,172.82000732421875,173.11000061035156,173.11000061035156,919400,0.0,0.0,KEYS
2022-11-30 00:00:00-05:00,173.42999267578125,180.92999267578125,172.4600067138672,180.88999938964844,180.88999938964844,1789900,0.0,0.0,KEYS
2022-12-01 00:00:00-05:00,180.85000610351562,185.5800018310547,180.85000610351562,181.47999572753906,181.47999572753906,979100,0.0,0.0,KEYS
2022-12-02 00:00:00-05:00,179.08999633789062,180.74000549316406,178.0399932861328,180.52999877929688,180.52999877929688,811700,0.0,0.0,KEYS
2022-12-05 00:00:00-05:00,178.8800048828125,179.27999877929688,176.9499969482422,178.55999755859375,178.55999755859375,715900,0.0,0.0,KEYS
2022-12-06 00:00:00-05:00,177.91000366210938,178.7949981689453,174.88999938964844,176.8300018310547,176.8300018310547,631000,0.0,0.0,KEYS
2022-12-07 00:00:00-05:00,175.97999572753906,177.8699951171875,174.47999572753906,177.6999969482422,177.6999969482422,587100,0.0,0.0,KEYS
2022-12-08 00:00:00-05:00,179.02999877929688,181.97999572753906,178.5800018310547,181.0500030517578,181.0500030517578,980400,0.0,0.0,KEYS
2022-12-09 00:00:00-05:00,181.10000610351562,182.77999877929688,180.3699951171875,180.72000122070312,180.72000122070312,1536800,0.0,0.0,KEYS
2022-12-12 00:00:00-05:00,181.42999267578125,183.10000610351562,180.2100067138672,183.10000610351562,183.10000610351562,780400,0.0,0.0,KEYS
2022-12-13 00:00:00-05:00,187.35000610351562,189.4499969482422,183.32000732421875,185.1999969482422,185.1999969482422,1154100,0.0,0.0,KEYS
2022-12-14 00:00:00-05:00,184.80999755859375,186.72999572753906,181.88999938964844,182.97999572753906,182.97999572753906,900400,0.0,0.0,KEYS
2022-12-15 00:00:00-05:00,180.4600067138672,180.47799682617188,175.94000244140625,176.17999267578125,176.17999267578125,756100,0.0,0.0,KEYS
2022-12-16 00:00:00-05:00,174.47999572753906,175.39999389648438,173.3000030517578,173.85000610351562,173.85000610351562,1612100,0.0,0.0,KEYS
2022-12-19 00:00:00-05:00,173.58999633789062,173.72000122070312,170.64999389648438,171.3800048828125,171.3800048828125,944400,0.0,0.0,KEYS
2022-12-20 00:00:00-05:00,171.00999450683594,173.08999633789062,170.89999389648438,172.33999633789062,172.33999633789062,887300,0.0,0.0,KEYS
2022-12-21 00:00:00-05:00,173.07000732421875,174.73500061035156,172.11000061035156,174.07000732421875,174.07000732421875,709300,0.0,0.0,KEYS
2022-12-22 00:00:00-05:00,172.57000732421875,172.85499572753906,166.4250030517578,169.77999877929688,169.77999877929688,859200,0.0,0.0,KEYS
2022-12-23 00:00:00-05:00,169.32000732421875,170.07000732421875,168.0850067138672,169.8300018310547,169.8300018310547,562900,0.0,0.0,KEYS
2022-12-27 00:00:00-05:00,169.9499969482422,170.5399932861328,168.30999755859375,169.6300048828125,169.6300048828125,509300,0.0,0.0,KEYS
2022-12-28 00:00:00-05:00,169.7899932861328,170.6199951171875,167.44000244140625,167.66000366210938,167.66000366210938,462500,0.0,0.0,KEYS
2022-12-29 00:00:00-05:00,169.39999389648438,172.5500030517578,168.6300048828125,172.1999969482422,172.1999969482422,517500,0.0,0.0,KEYS
2022-12-30 00:00:00-05:00,170.5,171.11000061035156,169.05999755859375,171.07000732421875,171.07000732421875,433500,0.0,0.0,KEYS
2023-01-03 00:00:00-05:00,172.8699951171875,172.8699951171875,169.39999389648438,170.94000244140625,170.94000244140625,978800,0.0,0.0,KEYS
2023-01-04 00:00:00-05:00,172.80999755859375,174.02999877929688,168.9199981689453,170.49000549316406,170.49000549316406,687800,0.0,0.0,KEYS
2023-01-05 00:00:00-05:00,169.13999938964844,170.38999938964844,167.80999755859375,168.8699951171875,168.8699951171875,792000,0.0,0.0,KEYS
2023-01-06 00:00:00-05:00,171.4199981689453,176.40499877929688,170.2899932861328,175.4199981689453,175.4199981689453,701100,0.0,0.0,KEYS
2023-01-09 00:00:00-05:00,177.27999877929688,180.61500549316406,175.97999572753906,176.61000061035156,176.61000061035156,1264200,0.0,0.0,KEYS
2023-01-10 00:00:00-05:00,177.24000549316406,178.47000122070312,175.84500122070312,178.00999450683594,178.00999450683594,1085600,0.0,0.0,KEYS
2023-01-11 00:00:00-05:00,175.91000366210938,179.4499969482422,174.69000244140625,179.44000244140625,179.44000244140625,904900,0.0,0.0,KEYS
2023-01-12 00:00:00-05:00,179.3699951171875,180.5,177.63499450683594,177.9199981689453,177.9199981689453,668100,0.0,0.0,KEYS
2023-01-13 00:00:00-05:00,177.16000366210938,180.89999389648438,177.16000366210938,180.61000061035156,180.61000061035156,953500,0.0,0.0,KEYS
2023-01-17 00:00:00-05:00,180.97999572753906,185.8000030517578,180.61000061035156,184.9600067138672,184.9600067138672,1508000,0.0,0.0,KEYS
2023-01-18 00:00:00-05:00,186.02000427246094,188.00999450683594,181.25999450683594,181.49000549316406,181.49000549316406,1147400,0.0,0.0,KEYS
2023-01-19 00:00:00-05:00,180.42999267578125,181.33999633789062,176.1999969482422,176.72000122070312,176.72000122070312,1099500,0.0,0.0,KEYS
2023-01-20 00:00:00-05:00,177.11000061035156,179.27000427246094,176.0,178.9199981689453,178.9199981689453,1015400,0.0,0.0,KEYS
2023-01-23 00:00:00-05:00,178.77000427246094,181.9600067138672,177.75,180.5500030517578,180.5500030517578,1008300,0.0,0.0,KEYS
2023-01-24 00:00:00-05:00,180.5500030517578,181.72000122070312,178.9199981689453,180.2100067138672,180.2100067138672,594000,0.0,0.0,KEYS
2023-01-25 00:00:00-05:00,177.7100067138672,180.88999938964844,175.85000610351562,180.85000610351562,180.85000610351562,1040500,0.0,0.0,KEYS
2023-01-26 00:00:00-05:00,181.47000122070312,182.3300018310547,179.05999755859375,180.05999755859375,180.05999755859375,1051600,0.0,0.0,KEYS
2023-01-27 00:00:00-05:00,178.80999755859375,179.83999633789062,177.24000549316406,177.4499969482422,177.4499969482422,1182400,0.0,0.0,KEYS
2023-01-30 00:00:00-05:00,176.1300048828125,177.7899932861328,175.53500366210938,176.91000366210938,176.91000366210938,1116900,0.0,0.0,KEYS
2023-01-31 00:00:00-05:00,177.33999633789062,179.44000244140625,176.72000122070312,179.35000610351562,179.35000610351562,1001500,0.0,0.0,KEYS
2023-02-01 00:00:00-05:00,178.22000122070312,180.47999572753906,175.97999572753906,179.49000549316406,179.49000549316406,1148300,0.0,0.0,KEYS
2023-02-02 00:00:00-05:00,181.49000549316406,183.5540008544922,179.72000122070312,182.17999267578125,182.17999267578125,1133600,0.0,0.0,KEYS
2023-02-03 00:00:00-05:00,180.2899932861328,184.61000061035156,180.2899932861328,181.39999389648438,181.39999389648438,708400,0.0,0.0,KEYS
2023-02-06 00:00:00-05:00,179.6199951171875,180.86000061035156,178.55999755859375,179.22999572753906,179.22999572753906,875400,0.0,0.0,KEYS
2023-02-07 00:00:00-05:00,178.47999572753906,183.35000610351562,177.6699981689453,182.97000122070312,182.97000122070312,892200,0.0,0.0,KEYS
2023-02-08 00:00:00-05:00,182.02000427246094,183.41000366210938,180.3699951171875,181.3800048828125,181.3800048828125,576600,0.0,0.0,KEYS
2023-02-09 00:00:00-05:00,183.0800018310547,184.8300018310547,181.60000610351562,182.52000427246094,182.52000427246094,1106200,0.0,0.0,KEYS
2023-02-10 00:00:00-05:00,181.25,182.1300048828125,180.2550048828125,180.75,180.75,1054200,0.0,0.0,KEYS
2023-02-13 00:00:00-05:00,181.30999755859375,184.38999938964844,181.02000427246094,184.0,184.0,647500,0.0,0.0,KEYS
2023-02-14 00:00:00-05:00,183.86000061035156,186.73199462890625,183.2100067138672,185.24000549316406,185.24000549316406,902400,0.0,0.0,KEYS
2023-02-15 00:00:00-05:00,184.6699981689453,188.56500244140625,184.6699981689453,188.50999450683594,188.50999450683594,943800,0.0,0.0,KEYS
2023-02-16 00:00:00-05:00,186.64999389648438,189.31500244140625,185.9600067138672,186.97000122070312,186.97000122070312,1002600,0.0,0.0,KEYS
2023-02-17 00:00:00-05:00,185.88999938964844,187.49000549316406,185.0800018310547,185.77999877929688,185.77999877929688,1145800,0.0,0.0,KEYS
2023-02-21 00:00:00-05:00,184.2899932861328,185.69000244140625,182.97999572753906,182.97999572753906,182.97999572753906,1765600,0.0,0.0,KEYS
2023-02-22 00:00:00-05:00,160.64999389648438,163.50999450683594,151.30999755859375,159.72000122070312,159.72000122070312,6279500,0.0,0.0,KEYS
2023-02-23 00:00:00-05:00,160.8699951171875,161.99000549316406,158.41000366210938,160.86000061035156,160.86000061035156,2732200,0.0,0.0,KEYS
2023-02-24 00:00:00-05:00,158.77999877929688,158.97999572753906,154.7899932861328,157.80999755859375,157.80999755859375,1630600,0.0,0.0,KEYS
2023-02-27 00:00:00-05:00,159.3800048828125,161.77000427246094,158.85499572753906,161.22999572753906,161.22999572753906,1189600,0.0,0.0,KEYS
2023-02-28 00:00:00-05:00,160.9199981689453,161.59800720214844,159.72000122070312,159.9600067138672,159.9600067138672,1932200,0.0,0.0,KEYS
2023-03-01 00:00:00-05:00,159.49000549316406,160.64999389648438,155.7949981689453,157.1199951171875,157.1199951171875,1196000,0.0,0.0,KEYS
2023-03-02 00:00:00-05:00,155.77999877929688,157.89999389648438,154.6999969482422,157.83999633789062,157.83999633789062,1130800,0.0,0.0,KEYS
2023-03-03 00:00:00-05:00,157.5,159.6999969482422,157.3300018310547,159.6999969482422,159.6999969482422,1148000,0.0,0.0,KEYS
2023-03-06 00:00:00-05:00,160.33999633789062,161.4250030517578,158.9499969482422,159.36000061035156,159.36000061035156,1050400,0.0,0.0,KEYS
2023-03-07 00:00:00-05:00,159.99000549316406,160.6750030517578,157.3300018310547,158.00999450683594,158.00999450683594,1104400,0.0,0.0,KEYS
2023-03-08 00:00:00-05:00,158.5,159.27999877929688,156.97000122070312,158.3800048828125,158.3800048828125,1499900,0.0,0.0,KEYS
2023-03-09 00:00:00-05:00,159.2100067138672,160.343994140625,157.21499633789062,157.4199981689453,157.4199981689453,1235200,0.0,0.0,KEYS
2023-03-10 00:00:00-05:00,157.17999267578125,157.72999572753906,153.2100067138672,154.50999450683594,154.50999450683594,859200,0.0,0.0,KEYS
2023-03-13 00:00:00-04:00,153.3800048828125,157.22000122070312,152.27000427246094,154.19000244140625,154.19000244140625,976000,0.0,0.0,KEYS
2023-03-14 00:00:00-04:00,156.8300018310547,158.30499267578125,155.08999633789062,156.77000427246094,156.77000427246094,1143300,0.0,0.0,KEYS
2023-03-15 00:00:00-04:00,154.16000366210938,155.47000122070312,152.5800018310547,154.4499969482422,154.4499969482422,948100,0.0,0.0,KEYS
2023-03-16 00:00:00-04:00,154.2100067138672,155.91900634765625,153.66000366210938,155.38999938964844,155.38999938964844,2006700,0.0,0.0,KEYS
2023-03-17 00:00:00-04:00,155.50999450683594,155.92999267578125,152.88999938964844,155.16000366210938,155.16000366210938,2392100,0.0,0.0,KEYS
2023-03-20 00:00:00-04:00,154.8800048828125,157.8800048828125,154.8800048828125,155.55999755859375,155.55999755859375,830900,0.0,0.0,KEYS
2023-03-21 00:00:00-04:00,156.99000549316406,157.85000610351562,155.6300048828125,157.25,157.25,975900,0.0,0.0,KEYS
2023-03-22 00:00:00-04:00,156.6199951171875,159.27999877929688,154.77000427246094,154.8300018310547,154.8300018310547,726700,0.0,0.0,KEYS
2023-03-23 00:00:00-04:00,155.66000366210938,159.0,154.89599609375,156.44000244140625,156.44000244140625,1529500,0.0,0.0,KEYS
2023-03-24 00:00:00-04:00,156.17999267578125,156.75,154.67999267578125,156.6999969482422,156.6999969482422,930600,0.0,0.0,KEYS
2023-03-27 00:00:00-04:00,157.72000122070312,158.10000610351562,155.64999389648438,155.75,155.75,556500,0.0,0.0,KEYS
2023-03-28 00:00:00-04:00,155.4499969482422,155.47999572753906,153.9949951171875,155.30999755859375,155.30999755859375,483100,0.0,0.0,KEYS
2023-03-29 00:00:00-04:00,157.1300048828125,157.44500732421875,155.51499938964844,156.64999389648438,156.64999389648438,602400,0.0,0.0,KEYS
2023-03-30 00:00:00-04:00,158.27000427246094,159.44000244140625,157.5800018310547,158.07000732421875,158.07000732421875,737200,0.0,0.0,KEYS
2023-03-31 00:00:00-04:00,158.6300048828125,161.7100067138672,158.31500244140625,161.47999572753906,161.47999572753906,932200,0.0,0.0,KEYS
2023-04-03 00:00:00-04:00,159.91000366210938,161.32000732421875,159.2899932861328,161.07000732421875,161.07000732421875,683000,0.0,0.0,KEYS
2023-04-04 00:00:00-04:00,161.36000061035156,161.77000427246094,156.50999450683594,157.3000030517578,157.3000030517578,1755900,0.0,0.0,KEYS
2023-04-05 00:00:00-04:00,156.49000549316406,157.35000610351562,155.52999877929688,155.9600067138672,155.9600067138672,915400,0.0,0.0,KEYS
2023-04-06 00:00:00-04:00,154.5,156.67999267578125,153.66000366210938,155.75,155.75,869700,0.0,0.0,KEYS
2023-04-10 00:00:00-04:00,155.0,157.44000244140625,155.0,157.41000366210938,157.41000366210938,501100,0.0,0.0,KEYS
2023-04-11 00:00:00-04:00,158.0800018310547,158.42999267578125,155.94500732421875,156.1699981689453,156.1699981689453,999700,0.0,0.0,KEYS
2023-04-12 00:00:00-04:00,157.72000122070312,159.60000610351562,157.2899932861328,157.69000244140625,157.69000244140625,1064600,0.0,0.0,KEYS
2023-04-13 00:00:00-04:00,158.08999633789062,160.13999938964844,157.375,159.75999450683594,159.75999450683594,887700,0.0,0.0,KEYS
2023-04-14 00:00:00-04:00,159.61000061035156,161.64999389648438,158.75999450683594,159.55999755859375,159.55999755859375,720800,0.0,0.0,KEYS
2023-04-17 00:00:00-04:00,158.6999969482422,158.6999969482422,151.5,153.02999877929688,153.02999877929688,1925100,0.0,0.0,KEYS
2023-04-18 00:00:00-04:00,153.74000549316406,153.9499969482422,149.77999877929688,150.27000427246094,150.27000427246094,1853200,0.0,0.0,KEYS
2023-04-19 00:00:00-04:00,149.61000061035156,149.7100067138672,146.93499755859375,148.6300048828125,148.6300048828125,1463000,0.0,0.0,KEYS
2023-04-20 00:00:00-04:00,147.16000366210938,149.22500610351562,146.30499267578125,147.8000030517578,147.8000030517578,988600,0.0,0.0,KEYS
2023-04-21 00:00:00-04:00,148.3000030517578,148.82000732421875,147.22000122070312,148.3699951171875,148.3699951171875,573800,0.0,0.0,KEYS
2023-04-24 00:00:00-04:00,147.94000244140625,148.32000732421875,145.91000366210938,146.8300018310547,146.8300018310547,799100,0.0,0.0,KEYS
2023-04-25 00:00:00-04:00,146.60000610351562,146.60000610351562,141.8699951171875,141.97000122070312,141.97000122070312,1910100,0.0,0.0,KEYS
2023-04-26 00:00:00-04:00,141.1199951171875,142.0800018310547,140.63999938964844,141.25,141.25,1068700,0.0,0.0,KEYS
2023-04-27 00:00:00-04:00,141.4499969482422,142.17999267578125,139.625,141.88999938964844,141.88999938964844,1254000,0.0,0.0,KEYS
2023-04-28 00:00:00-04:00,141.4600067138672,144.72000122070312,141.39999389648438,144.63999938964844,144.63999938964844,1949000,0.0,0.0,KEYS
2023-05-01 00:00:00-04:00,144.7100067138672,145.99000549316406,144.4600067138672,144.5399932861328,144.5399932861328,1568200,0.0,0.0,KEYS
2023-05-02 00:00:00-04:00,144.02999877929688,144.38999938964844,141.1699981689453,142.4199981689453,142.4199981689453,1356800,0.0,0.0,KEYS
2023-05-03 00:00:00-04:00,143.49000549316406,144.98500061035156,142.52000427246094,142.57000732421875,142.57000732421875,1262200,0.0,0.0,KEYS
2023-05-04 00:00:00-04:00,142.0399932861328,142.61000061035156,140.6699981689453,141.27000427246094,141.27000427246094,862000,0.0,0.0,KEYS
2023-05-05 00:00:00-04:00,142.0,143.83999633789062,141.7050018310547,143.66000366210938,143.66000366210938,848900,0.0,0.0,KEYS
2023-05-08 00:00:00-04:00,144.35000610351562,144.8300018310547,142.61000061035156,143.1300048828125,143.1300048828125,791400,0.0,0.0,KEYS
2023-05-09 00:00:00-04:00,141.92999267578125,143.1699981689453,141.47000122070312,143.0,143.0,548700,0.0,0.0,KEYS
2023-05-10 00:00:00-04:00,144.67999267578125,145.77499389648438,143.42999267578125,145.6699981689453,145.6699981689453,1080300,0.0,0.0,KEYS
2023-05-11 00:00:00-04:00,145.83999633789062,145.83999633789062,143.52999877929688,144.50999450683594,144.50999450683594,1023400,0.0,0.0,KEYS
2023-05-12 00:00:00-04:00,145.2899932861328,145.5399932861328,143.99000549316406,145.27000427246094,145.27000427246094,875900,0.0,0.0,KEYS
2023-05-15 00:00:00-04:00,146.0,148.85000610351562,144.89999389648438,148.8000030517578,148.8000030517578,1539400,0.0,0.0,KEYS
2023-05-16 00:00:00-04:00,148.1300048828125,149.22999572753906,146.33999633789062,146.52000427246094,146.52000427246094,1977300,0.0,0.0,KEYS
2023-05-17 00:00:00-04:00,159.97500610351562,161.64999389648438,155.9199981689453,157.66000366210938,157.66000366210938,2668100,0.0,0.0,KEYS
2023-05-18 00:00:00-04:00,157.0,157.77999877929688,155.27000427246094,157.72000122070312,157.72000122070312,1374300,0.0,0.0,KEYS
2023-05-19 00:00:00-04:00,157.49000549316406,158.97999572753906,156.88999938964844,157.19000244140625,157.19000244140625,1117100,0.0,0.0,KEYS
2023-05-22 00:00:00-04:00,157.0,159.24000549316406,156.75,158.72000122070312,158.72000122070312,902000,0.0,0.0,KEYS
2023-05-23 00:00:00-04:00,158.41000366210938,159.39999389648438,157.07699584960938,157.49000549316406,157.49000549316406,1008000,0.0,0.0,KEYS
2023-05-24 00:00:00-04:00,155.7899932861328,156.49000549316406,155.0,155.4600067138672,155.4600067138672,1084600,0.0,0.0,KEYS
2023-05-25 00:00:00-04:00,156.6699981689453,158.13999938964844,156.1699981689453,157.10000610351562,157.10000610351562,1251600,0.0,0.0,KEYS
2023-05-26 00:00:00-04:00,158.05999755859375,162.3300018310547,158.05999755859375,161.6300048828125,161.6300048828125,1087400,0.0,0.0,KEYS
2023-05-30 00:00:00-04:00,163.32000732421875,164.35499572753906,161.36599731445312,162.27000427246094,162.27000427246094,1245100,0.0,0.0,KEYS
2023-05-31 00:00:00-04:00,160.9499969482422,163.07000732421875,160.7050018310547,161.8000030517578,161.8000030517578,2863700,0.0,0.0,KEYS
2023-06-01 00:00:00-04:00,161.9600067138672,163.72000122070312,160.9499969482422,163.13999938964844,163.13999938964844,795700,0.0,0.0,KEYS
2023-06-02 00:00:00-04:00,164.0800018310547,164.38999938964844,161.7899932861328,163.25999450683594,163.25999450683594,805100,0.0,0.0,KEYS
2023-06-05 00:00:00-04:00,163.3000030517578,163.3000030517578,160.3800048828125,161.4499969482422,161.4499969482422,770400,0.0,0.0,KEYS
2023-06-06 00:00:00-04:00,160.8800048828125,162.40499877929688,160.49000549316406,161.47000122070312,161.47000122070312,603500,0.0,0.0,KEYS
2023-06-07 00:00:00-04:00,161.88999938964844,163.47000122070312,161.22000122070312,161.47000122070312,161.47000122070312,785200,0.0,0.0,KEYS
2023-06-08 00:00:00-04:00,161.89999389648438,162.69000244140625,160.94000244140625,162.3800048828125,162.3800048828125,734000,0.0,0.0,KEYS
2023-06-09 00:00:00-04:00,163.39999389648438,164.1649932861328,161.50999450683594,161.57000732421875,161.57000732421875,805900,0.0,0.0,KEYS
2023-06-12 00:00:00-04:00,161.9499969482422,164.10800170898438,161.91000366210938,164.02999877929688,164.02999877929688,841500,0.0,0.0,KEYS
2023-06-13 00:00:00-04:00,164.85000610351562,165.4600067138672,163.86000061035156,164.92999267578125,164.92999267578125,697900,0.0,0.0,KEYS
2023-06-14 00:00:00-04:00,164.6199951171875,165.95399475097656,163.36000061035156,164.17999267578125,164.17999267578125,881900,0.0,0.0,KEYS
2023-06-15 00:00:00-04:00,163.1199951171875,165.89999389648438,162.94000244140625,165.41000366210938,165.41000366210938,994300,0.0,0.0,KEYS
2023-06-16 00:00:00-04:00,166.64999389648438,167.44000244140625,164.7899932861328,164.86000061035156,164.86000061035156,1927600,0.0,0.0,KEYS
2023-06-20 00:00:00-04:00,164.0800018310547,164.86000061035156,161.42100524902344,162.5800018310547,162.5800018310547,1253900,0.0,0.0,KEYS
2023-06-21 00:00:00-04:00,161.61000061035156,162.23500061035156,160.8800048828125,161.16000366210938,161.16000366210938,1225100,0.0,0.0,KEYS
2023-06-22 00:00:00-04:00,161.0399932861328,161.125,158.74000549316406,159.88999938964844,159.88999938964844,1579000,0.0,0.0,KEYS
2023-06-23 00:00:00-04:00,158.25999450683594,158.44000244140625,156.1649932861328,157.97999572753906,157.97999572753906,3535900,0.0,0.0,KEYS
2023-06-26 00:00:00-04:00,158.6199951171875,159.94000244140625,158.2949981689453,158.9199981689453,158.9199981689453,669800,0.0,0.0,KEYS
2023-06-27 00:00:00-04:00,159.3300018310547,162.85000610351562,159.3249969482422,162.55999755859375,162.55999755859375,592700,0.0,0.0,KEYS
2023-06-28 00:00:00-04:00,162.25,163.50999450683594,161.39999389648438,162.9499969482422,162.9499969482422,676900,0.0,0.0,KEYS
2023-06-29 00:00:00-04:00,164.0,165.75999450683594,163.2899932861328,165.33999633789062,165.33999633789062,859000,0.0,0.0,KEYS
2023-06-30 00:00:00-04:00,167.80999755859375,168.80999755859375,166.55999755859375,167.4499969482422,167.4499969482422,1177800,0.0,0.0,KEYS
2023-07-03 00:00:00-04:00,166.22000122070312,167.02999877929688,164.4199981689453,166.97999572753906,166.97999572753906,559700,0.0,0.0,KEYS
2023-07-05 00:00:00-04:00,165.57000732421875,166.74000549316406,164.5,164.97000122070312,164.97000122070312,986800,0.0,0.0,KEYS
2023-07-06 00:00:00-04:00,163.27000427246094,164.97000122070312,162.49000549316406,164.63999938964844,164.63999938964844,972400,0.0,0.0,KEYS
2023-07-07 00:00:00-04:00,164.10000610351562,165.58999633789062,163.5800018310547,163.77000427246094,163.77000427246094,761500,0.0,0.0,KEYS
2023-07-10 00:00:00-04:00,163.9499969482422,168.9600067138672,163.8699951171875,168.8300018310547,168.8300018310547,969100,0.0,0.0,KEYS
2023-07-11 00:00:00-04:00,169.42999267578125,169.6199951171875,167.97500610351562,169.42999267578125,169.42999267578125,739300,0.0,0.0,KEYS
2023-07-12 00:00:00-04:00,170.0,170.7100067138672,167.875,168.1699981689453,168.1699981689453,1016400,0.0,0.0,KEYS
2023-07-13 00:00:00-04:00,168.9199981689453,169.4499969482422,168.19500732421875,169.07000732421875,169.07000732421875,798300,0.0,0.0,KEYS
2023-07-14 00:00:00-04:00,168.49000549316406,168.49000549316406,165.86000061035156,167.00999450683594,167.00999450683594,822600,0.0,0.0,KEYS
2023-07-17 00:00:00-04:00,167.07000732421875,170.9199981689453,166.19000244140625,170.42999267578125,170.42999267578125,1122400,0.0,0.0,KEYS
2023-07-18 00:00:00-04:00,169.36000061035156,170.08599853515625,168.2899932861328,169.88999938964844,169.88999938964844,773000,0.0,0.0,KEYS
2023-07-19 00:00:00-04:00,170.44000244140625,172.72000122070312,169.6750030517578,172.5800018310547,172.5800018310547,1085700,0.0,0.0,KEYS
2023-07-20 00:00:00-04:00,171.1999969482422,171.39500427246094,166.9199981689453,167.39999389648438,167.39999389648438,883800,0.0,0.0,KEYS
2023-07-21 00:00:00-04:00,168.0800018310547,169.06399536132812,167.67999267578125,168.32000732421875,168.32000732421875,512900,0.0,0.0,KEYS
2023-07-24 00:00:00-04:00,168.97999572753906,169.3800048828125,167.79100036621094,168.2899932861328,168.2899932861328,578100,0.0,0.0,KEYS
2023-07-25 00:00:00-04:00,168.6999969482422,170.31500244140625,168.02999877929688,169.14999389648438,169.14999389648438,804900,0.0,0.0,KEYS
2023-07-26 00:00:00-04:00,168.52000427246094,169.6199951171875,167.8800048828125,169.0,169.0,898100,0.0,0.0,KEYS
2023-07-27 00:00:00-04:00,169.3800048828125,170.60000610351562,165.6699981689453,166.07000732421875,166.07000732421875,927200,0.0,0.0,KEYS
2023-07-28 00:00:00-04:00,166.4499969482422,167.16000366210938,161.66000366210938,162.69000244140625,162.69000244140625,1825200,0.0,0.0,KEYS
2023-07-31 00:00:00-04:00,161.47000122070312,162.39999389648438,160.25,161.0800018310547,161.0800018310547,1411200,0.0,0.0,KEYS
2023-08-01 00:00:00-04:00,161.0,162.625,160.3000030517578,161.07000732421875,161.07000732421875,987500,0.0,0.0,KEYS
2023-08-02 00:00:00-04:00,160.0,161.33999633789062,158.57000732421875,159.86000061035156,159.86000061035156,1140500,0.0,0.0,KEYS
2023-08-03 00:00:00-04:00,158.72000122070312,159.3699951171875,157.1699981689453,158.57000732421875,158.57000732421875,781200,0.0,0.0,KEYS
2023-08-04 00:00:00-04:00,158.58999633789062,160.30999755859375,157.75999450683594,158.7100067138672,158.7100067138672,915500,0.0,0.0,KEYS
2023-08-07 00:00:00-04:00,158.58999633789062,159.83999633789062,158.17999267578125,159.1300048828125,159.1300048828125,792800,0.0,0.0,KEYS
2023-08-08 00:00:00-04:00,158.61000061035156,159.2100067138672,155.92999267578125,156.91000366210938,156.91000366210938,898900,0.0,0.0,KEYS
2023-08-09 00:00:00-04:00,157.0,157.35800170898438,155.59500122070312,156.6699981689453,156.6699981689453,867700,0.0,0.0,KEYS
2023-08-10 00:00:00-04:00,157.58999633789062,159.50999450683594,156.8000030517578,157.52000427246094,157.52000427246094,935100,0.0,0.0,KEYS
2023-08-11 00:00:00-04:00,156.33999633789062,157.10000610351562,155.5800018310547,156.5399932861328,156.5399932861328,887800,0.0,0.0,KEYS
2023-08-14 00:00:00-04:00,150.44000244140625,157.32000732421875,149.875,157.0399932861328,157.0399932861328,1793500,0.0,0.0,KEYS
2023-08-15 00:00:00-04:00,156.77000427246094,156.77000427246094,152.4499969482422,152.8699951171875,152.8699951171875,976800,0.0,0.0,KEYS
2023-08-16 00:00:00-04:00,152.0800018310547,153.6199951171875,150.6699981689453,150.8000030517578,150.8000030517578,1163400,0.0,0.0,KEYS
2023-08-17 00:00:00-04:00,151.88999938964844,151.88999938964844,149.88999938964844,150.0500030517578,150.0500030517578,1331700,0.0,0.0,KEYS
2023-08-18 00:00:00-04:00,128.5,135.85000610351562,125.88999938964844,129.3699951171875,129.3699951171875,7827500,0.0,0.0,KEYS
2023-08-21 00:00:00-04:00,128.72000122070312,130.0,126.01000213623047,129.58999633789062,129.58999633789062,3565200,0.0,0.0,KEYS
2023-08-22 00:00:00-04:00,129.7899932861328,131.49000549316406,128.13999938964844,128.6699981689453,128.6699981689453,2902600,0.0,0.0,KEYS
2023-08-23 00:00:00-04:00,128.69000244140625,130.97999572753906,128.1999969482422,130.10000610351562,130.10000610351562,2027900,0.0,0.0,KEYS
2023-08-24 00:00:00-04:00,130.24000549316406,130.42999267578125,127.52999877929688,127.69999694824219,127.69999694824219,1760500,0.0,0.0,KEYS
2023-08-25 00:00:00-04:00,127.83999633789062,130.0,127.7249984741211,129.1999969482422,129.1999969482422,1370900,0.0,0.0,KEYS
2023-08-28 00:00:00-04:00,130.02000427246094,130.40499877929688,128.99000549316406,129.25999450683594,129.25999450683594,1087600,0.0,0.0,KEYS
2023-08-29 00:00:00-04:00,128.92999267578125,132.33999633789062,128.7100067138672,132.25999450683594,132.25999450683594,1284100,0.0,0.0,KEYS
2023-08-30 00:00:00-04:00,131.55999755859375,133.36000061035156,131.38999938964844,132.5800018310547,132.5800018310547,1495200,0.0,0.0,KEYS
2023-08-31 00:00:00-04:00,133.27000427246094,134.30999755859375,132.2100067138672,133.3000030517578,133.3000030517578,2395200,0.0,0.0,KEYS
2023-09-01 00:00:00-04:00,134.47999572753906,134.99000549316406,132.5399932861328,133.8800048828125,133.8800048828125,1066800,0.0,0.0,KEYS
2023-09-05 00:00:00-04:00,134.5,136.60499572753906,133.88999938964844,134.55999755859375,134.55999755859375,1672700,0.0,0.0,KEYS
2023-09-06 00:00:00-04:00,134.0,134.34500122070312,133.25999450683594,133.97999572753906,133.97999572753906,1036100,0.0,0.0,KEYS
2023-09-07 00:00:00-04:00,133.07000732421875,133.07000732421875,130.5500030517578,131.60000610351562,131.60000610351562,1469400,0.0,0.0,KEYS
2023-09-08 00:00:00-04:00,131.4600067138672,132.6300048828125,131.125,132.3000030517578,132.3000030517578,1007700,0.0,0.0,KEYS
2023-09-11 00:00:00-04:00,133.14999389648438,133.75999450683594,131.80999755859375,132.72000122070312,132.72000122070312,1315300,0.0,0.0,KEYS
2023-09-12 00:00:00-04:00,132.60000610351562,133.72500610351562,131.63999938964844,131.64999389648438,131.64999389648438,1078500,0.0,0.0,KEYS
2023-09-13 00:00:00-04:00,131.1300048828125,133.17999267578125,130.9499969482422,131.88999938964844,131.88999938964844,962100,0.0,0.0,KEYS
2023-09-14 00:00:00-04:00,133.0,133.74000549316406,132.52999877929688,133.1199951171875,133.1199951171875,1274100,0.0,0.0,KEYS
2023-09-15 00:00:00-04:00,134.24000549316406,134.63999938964844,132.69000244140625,132.86000061035156,132.86000061035156,3582700,0.0,0.0,KEYS
2023-09-18 00:00:00-04:00,131.4600067138672,133.07000732421875,131.02000427246094,132.75,132.75,1332600,0.0,0.0,KEYS
2023-09-19 00:00:00-04:00,132.52000427246094,133.2100067138672,131.6699981689453,132.9600067138672,132.9600067138672,1148700,0.0,0.0,KEYS
2023-09-20 00:00:00-04:00,133.8300018310547,133.89999389648438,132.1300048828125,132.5399932861328,132.5399932861328,1197100,0.0,0.0,KEYS
2023-09-21 00:00:00-04:00,130.99000549316406,131.6699981689453,129.85000610351562,131.0,131.0,1881500,0.0,0.0,KEYS
2023-09-22 00:00:00-04:00,131.3699951171875,132.47999572753906,130.7899932861328,130.97999572753906,130.97999572753906,1293800,0.0,0.0,KEYS
2023-09-25 00:00:00-04:00,130.1999969482422,131.19000244140625,129.83999633789062,130.7899932861328,130.7899932861328,955000,0.0,0.0,KEYS
2023-09-26 00:00:00-04:00,129.8000030517578,130.5050048828125,129.69000244140625,130.02999877929688,130.02999877929688,1187700,0.0,0.0,KEYS
2023-09-27 00:00:00-04:00,130.64999389648438,131.3000030517578,129.90499877929688,130.39999389648438,130.39999389648438,1283300,0.0,0.0,KEYS
2023-09-28 00:00:00-04:00,130.72999572753906,133.77000427246094,130.0399932861328,132.63999938964844,132.63999938964844,1168700,0.0,0.0,KEYS
2023-09-29 00:00:00-04:00,134.0,134.19000244140625,131.8000030517578,132.30999755859375,132.30999755859375,1097600,0.0,0.0,KEYS
2023-10-02 00:00:00-04:00,131.91000366210938,132.77999877929688,131.35499572753906,131.6999969482422,131.6999969482422,892900,0.0,0.0,KEYS
2023-10-03 00:00:00-04:00,131.16000366210938,132.14500427246094,130.27000427246094,131.3000030517578,131.3000030517578,1087200,0.0,0.0,KEYS
2023-10-04 00:00:00-04:00,130.72000122070312,131.4199981689453,128.67999267578125,130.3699951171875,130.3699951171875,1384000,0.0,0.0,KEYS
2023-10-05 00:00:00-04:00,130.27999877929688,130.66000366210938,127.58999633789062,129.27999877929688,129.27999877929688,1443800,0.0,0.0,KEYS
2023-10-06 00:00:00-04:00,129.02999877929688,131.99000549316406,128.61000061035156,131.05999755859375,131.05999755859375,836900,0.0,0.0,KEYS
2023-10-09 00:00:00-04:00,130.72999572753906,131.67999267578125,130.0800018310547,131.16000366210938,131.16000366210938,727600,0.0,0.0,KEYS
2023-10-10 00:00:00-04:00,131.5,133.35899353027344,131.27499389648438,132.30999755859375,132.30999755859375,726100,0.0,0.0,KEYS
2023-10-11 00:00:00-04:00,132.5,133.1999969482422,131.98500061035156,132.9199981689453,132.9199981689453,1005200,0.0,0.0,KEYS
2023-10-12 00:00:00-04:00,133.27000427246094,133.27499389648438,129.66600036621094,129.74000549316406,129.74000549316406,1065200,0.0,0.0,KEYS
2023-10-13 00:00:00-04:00,129.61000061035156,129.91000366210938,127.75,128.92999267578125,128.92999267578125,946300,0.0,0.0,KEYS
2023-10-16 00:00:00-04:00,129.6699981689453,131.97000122070312,129.25999450683594,131.44000244140625,131.44000244140625,1087800,0.0,0.0,KEYS
2023-10-17 00:00:00-04:00,129.72000122070312,130.7550048828125,128.0399932861328,129.33999633789062,129.33999633789062,1168000,0.0,0.0,KEYS
2023-10-18 00:00:00-04:00,128.86000061035156,129.25,125.78500366210938,126.01000213623047,126.01000213623047,969100,0.0,0.0,KEYS
2023-10-19 00:00:00-04:00,125.52999877929688,126.37000274658203,123.71299743652344,123.98999786376953,123.98999786376953,1505900,0.0,0.0,KEYS
2023-10-20 00:00:00-04:00,123.58999633789062,124.33999633789062,122.48999786376953,122.81999969482422,122.81999969482422,1481100,0.0,0.0,KEYS
2023-10-23 00:00:00-04:00,122.45999908447266,123.24199676513672,121.51000213623047,121.91000366210938,121.91000366210938,1035500,0.0,0.0,KEYS
2023-10-24 00:00:00-04:00,122.05999755859375,122.94999694824219,121.33000183105469,122.23999786376953,122.23999786376953,901500,0.0,0.0,KEYS
2023-10-25 00:00:00-04:00,121.0,121.20999908447266,119.41999816894531,120.47000122070312,120.47000122070312,1051400,0.0,0.0,KEYS
2023-10-26 00:00:00-04:00,120.93000030517578,121.8499984741211,119.4800033569336,119.66000366210938,119.66000366210938,1063400,0.0,0.0,KEYS
2023-10-27 00:00:00-04:00,120.0,120.62000274658203,118.56999969482422,119.30999755859375,119.30999755859375,1104200,0.0,0.0,KEYS
2023-10-30 00:00:00-04:00,119.8499984741211,120.58999633789062,118.62999725341797,119.73999786376953,119.73999786376953,1471300,0.0,0.0,KEYS
2023-10-31 00:00:00-04:00,120.19000244140625,123.55999755859375,119.7699966430664,122.05000305175781,122.05000305175781,2059100,0.0,0.0,KEYS
2023-11-01 00:00:00-04:00,122.05999755859375,122.37000274658203,119.31999969482422,120.80000305175781,120.80000305175781,1129800,0.0,0.0,KEYS
2023-11-02 00:00:00-04:00,122.68000030517578,123.66999816894531,121.91999816894531,123.19999694824219,123.19999694824219,1184700,0.0,0.0,KEYS
2023-11-03 00:00:00-04:00,124.7300033569336,126.12000274658203,124.0,125.76000213623047,125.76000213623047,993300,0.0,0.0,KEYS
2023-11-06 00:00:00-05:00,125.44000244140625,125.62699890136719,123.4000015258789,124.0199966430664,124.0199966430664,1183200,0.0,0.0,KEYS
2023-11-07 00:00:00-05:00,123.62000274658203,125.21499633789062,123.3499984741211,125.0199966430664,125.0199966430664,914400,0.0,0.0,KEYS
2023-11-08 00:00:00-05:00,125.0,125.51000213623047,123.91999816894531,124.79000091552734,124.79000091552734,896000,0.0,0.0,KEYS
2023-11-09 00:00:00-05:00,124.79000091552734,124.79000091552734,121.22000122070312,121.91000366210938,121.91000366210938,1210500,0.0,0.0,KEYS
2023-11-10 00:00:00-05:00,122.45999908447266,124.2699966430664,120.91999816894531,124.25,124.25,2373100,0.0,0.0,KEYS
2023-11-13 00:00:00-05:00,123.87000274658203,124.08999633789062,122.01000213623047,123.31999969482422,123.31999969482422,1382600,0.0,0.0,KEYS
2023-11-14 00:00:00-05:00,125.37999725341797,129.5399932861328,124.5,129.1699981689453,129.1699981689453,1982300,0.0,0.0,KEYS
2023-11-15 00:00:00-05:00,130.11000061035156,134.7830047607422,130.0,133.19000244140625,133.19000244140625,2195800,0.0,0.0,KEYS
2023-11-16 00:00:00-05:00,132.6999969482422,133.17999267578125,131.6199951171875,132.8000030517578,132.8000030517578,1355700,0.0,0.0,KEYS
2023-11-17 00:00:00-05:00,134.02999877929688,134.02999877929688,132.1790008544922,133.17999267578125,133.17999267578125,1154100,0.0,0.0,KEYS
2023-11-20 00:00:00-05:00,132.82000732421875,135.58999633789062,132.75,134.9199981689453,134.9199981689453,1928500,0.0,0.0,KEYS
2023-11-21 00:00:00-05:00,137.52999877929688,138.5,133.52999877929688,134.55999755859375,134.55999755859375,2609100,0.0,0.0,KEYS
2023-11-22 00:00:00-05:00,135.22999572753906,137.0449981689453,135.16000366210938,135.72000122070312,135.72000122070312,1988600,0.0,0.0,KEYS
2023-11-24 00:00:00-05:00,135.60000610351562,136.25999450683594,134.85000610351562,136.0399932861328,136.0399932861328,512200,0.0,0.0,KEYS
2023-11-27 00:00:00-05:00,134.89999389648438,136.99000549316406,134.7449951171875,136.35000610351562,136.35000610351562,1291800,0.0,0.0,KEYS
2023-11-28 00:00:00-05:00,135.9600067138672,138.17999267578125,135.85000610351562,136.32000732421875,136.32000732421875,1410200,0.0,0.0,KEYS
2023-11-29 00:00:00-05:00,137.60000610351562,139.22000122070312,137.3249969482422,137.8800048828125,137.8800048828125,1271200,0.0,0.0,KEYS
2023-11-30 00:00:00-05:00,138.3699951171875,138.77999877929688,135.7100067138672,135.88999938964844,135.88999938964844,3915500,0.0,0.0,KEYS
2023-12-01 00:00:00-05:00,135.7100067138672,138.02999877929688,135.1199951171875,137.8800048828125,137.8800048828125,1138600,0.0,0.0,KEYS
2023-12-04 00:00:00-05:00,136.99000549316406,138.58999633789062,136.3699951171875,138.13999938964844,138.13999938964844,1290800,0.0,0.0,KEYS
2023-12-05 00:00:00-05:00,137.77999877929688,138.92999267578125,137.25,138.22000122070312,138.22000122070312,1639800,0.0,0.0,KEYS
2023-12-06 00:00:00-05:00,139.0,142.05999755859375,138.50999450683594,141.02999877929688,141.02999877929688,2384200,0.0,0.0,KEYS
2023-12-07 00:00:00-05:00,141.89999389648438,143.25,141.24000549316406,141.88999938964844,141.88999938964844,1916200,0.0,0.0,KEYS
2023-12-08 00:00:00-05:00,142.17999267578125,144.9199981689453,142.0500030517578,144.3300018310547,144.3300018310547,1717200,0.0,0.0,KEYS
2023-12-11 00:00:00-05:00,145.0,147.35000610351562,144.72000122070312,147.14999389648438,147.14999389648438,2189700,0.0,0.0,KEYS
2023-12-12 00:00:00-05:00,147.14999389648438,149.9199981689453,146.4600067138672,149.3699951171875,149.3699951171875,1678700,0.0,0.0,KEYS
2023-12-13 00:00:00-05:00,149.4600067138672,153.07000732421875,148.75999450683594,152.30999755859375,152.30999755859375,2120200,0.0,0.0,KEYS
2023-12-14 00:00:00-05:00,153.6300048828125,159.08999633789062,153.5,158.72000122070312,158.72000122070312,2959700,0.0,0.0,KEYS
2023-12-15 00:00:00-05:00,158.32000732421875,159.9199981689453,156.2100067138672,158.52999877929688,158.52999877929688,4770700,0.0,0.0,KEYS
2023-12-18 00:00:00-05:00,158.6199951171875,158.88999938964844,156.97000122070312,158.75,158.75,1687500,0.0,0.0,KEYS
2023-12-19 00:00:00-05:00,159.1999969482422,159.72000122070312,158.35000610351562,159.1999969482422,159.1999969482422,1458600,0.0,0.0,KEYS
2023-12-20 00:00:00-05:00,159.11000061035156,160.19700622558594,156.61000061035156,156.66000366210938,156.66000366210938,1548100,0.0,0.0,KEYS
2023-12-21 00:00:00-05:00,157.91000366210938,159.4149932861328,157.3800048828125,158.8300018310547,158.8300018310547,1057500,0.0,0.0,KEYS
2023-12-22 00:00:00-05:00,159.8800048828125,160.21499633789062,158.27000427246094,159.2100067138672,159.2100067138672,801100,0.0,0.0,KEYS
2023-12-26 00:00:00-05:00,159.32000732421875,160.6060028076172,159.10000610351562,160.0,160.0,478800,0.0,0.0,KEYS
2023-12-27 00:00:00-05:00,159.82000732421875,160.9499969482422,159.05999755859375,160.33999633789062,160.33999633789062,602800,0.0,0.0,KEYS
2023-12-28 00:00:00-05:00,160.5800018310547,160.72999572753906,159.47999572753906,159.92999267578125,159.92999267578125,595700,0.0,0.0,KEYS
2023-12-29 00:00:00-05:00,159.4499969482422,160.3699951171875,158.60000610351562,159.08999633789062,159.08999633789062,751800,0.0,0.0,KEYS
2024-01-02 00:00:00-05:00,157.39999389648438,157.39999389648438,154.92999267578125,155.49000549316406,155.49000549316406,1060000,0.0,0.0,KEYS
2024-01-03 00:00:00-05:00,154.00999450683594,154.0850067138672,150.6300048828125,150.64999389648438,150.64999389648438,1048300,0.0,0.0,KEYS
2024-01-04 00:00:00-05:00,149.52000427246094,150.57000732421875,148.9550018310547,149.61000061035156,149.61000061035156,1036100,0.0,0.0,KEYS
2024-01-05 00:00:00-05:00,148.60000610351562,150.18499755859375,148.19000244140625,148.9600067138672,148.9600067138672,857300,0.0,0.0,KEYS
2024-01-08 00:00:00-05:00,149.86000061035156,153.25999450683594,149.1649932861328,153.00999450683594,153.00999450683594,806400,0.0,0.0,KEYS
2024-01-09 00:00:00-05:00,151.41000366210938,152.52000427246094,150.92999267578125,151.4199981689453,151.4199981689453,782700,0.0,0.0,KEYS
2024-01-10 00:00:00-05:00,152.0,153.74000549316406,151.4600067138672,153.0,153.0,994800,0.0,0.0,KEYS
2024-01-11 00:00:00-05:00,153.99000549316406,153.99000549316406,150.38999938964844,152.08999633789062,152.08999633789062,1152200,0.0,0.0,KEYS
2024-01-12 00:00:00-05:00,152.77999877929688,153.27999877929688,151.4600067138672,151.9499969482422,151.9499969482422,772100,0.0,0.0,KEYS
2024-01-16 00:00:00-05:00,150.75999450683594,151.38999938964844,150.0,150.6999969482422,150.6999969482422,1125800,0.0,0.0,KEYS
2024-01-17 00:00:00-05:00,149.5,150.3800048828125,148.5399932861328,149.75999450683594,149.75999450683594,1057000,0.0,0.0,KEYS
2024-01-18 00:00:00-05:00,150.94000244140625,152.50999450683594,149.5500030517578,152.3699951171875,152.3699951171875,1100600,0.0,0.0,KEYS
2024-01-19 00:00:00-05:00,153.11000061035156,153.66000366210938,151.14500427246094,153.6300048828125,153.6300048828125,969500,0.0,0.0,KEYS
2024-01-22 00:00:00-05:00,154.67999267578125,155.8979949951172,154.42999267578125,154.99000549316406,154.99000549316406,787100,0.0,0.0,KEYS
2024-01-23 00:00:00-05:00,155.61000061035156,155.83999633789062,153.97000122070312,155.0399932861328,155.0399932861328,632700,0.0,0.0,KEYS
2024-01-24 00:00:00-05:00,156.0500030517578,157.24000549316406,154.56500244140625,155.22000122070312,155.22000122070312,924400,0.0,0.0,KEYS
2024-01-25 00:00:00-05:00,156.08999633789062,157.41000366210938,155.0,155.60000610351562,155.60000610351562,1002500,0.0,0.0,KEYS
2024-01-26 00:00:00-05:00,156.4199981689453,156.99000549316406,155.41000366210938,155.92999267578125,155.92999267578125,1047800,0.0,0.0,KEYS
2024-01-29 00:00:00-05:00,155.38999938964844,159.3800048828125,155.02000427246094,159.3300018310547,159.3300018310547,1133900,0.0,0.0,KEYS
2024-01-30 00:00:00-05:00,159.5,160.30999755859375,157.6999969482422,157.72000122070312,157.72000122070312,1048600,0.0,0.0,KEYS
2024-01-31 00:00:00-05:00,156.8699951171875,156.8699951171875,153.05999755859375,153.25999450683594,153.25999450683594,1316200,0.0,0.0,KEYS
2024-02-01 00:00:00-05:00,153.38999938964844,154.9600067138672,151.67999267578125,154.52000427246094,154.52000427246094,1125300,0.0,0.0,KEYS
2024-02-02 00:00:00-05:00,153.9499969482422,156.3300018310547,153.25,155.6999969482422,155.6999969482422,541800,0.0,0.0,KEYS
2024-02-05 00:00:00-05:00,155.22000122070312,155.5800018310547,153.2100067138672,154.14999389648438,154.14999389648438,635900,0.0,0.0,KEYS
2024-02-06 00:00:00-05:00,154.22000122070312,155.97000122070312,153.83999633789062,155.97000122070312,155.97000122070312,629600,0.0,0.0,KEYS
2024-02-07 00:00:00-05:00,157.2100067138672,159.1199951171875,156.3300018310547,158.13999938964844,158.13999938964844,928500,0.0,0.0,KEYS
2024-02-08 00:00:00-05:00,158.47000122070312,161.89999389648438,157.9199981689453,161.17999267578125,161.17999267578125,927200,0.0,0.0,KEYS
2024-02-09 00:00:00-05:00,161.6699981689453,162.50999450683594,160.94000244140625,161.52000427246094,161.52000427246094,820600,0.0,0.0,KEYS
2024-02-12 00:00:00-05:00,160.85000610351562,161.77499389648438,159.00999450683594,159.07000732421875,159.07000732421875,955600,0.0,0.0,KEYS
2024-02-13 00:00:00-05:00,155.49000549316406,156.7899932861328,151.8000030517578,153.14999389648438,153.14999389648438,1945200,0.0,0.0,KEYS
2024-02-14 00:00:00-05:00,155.0,155.9600067138672,154.10499572753906,154.88999938964844,154.88999938964844,1713500,0.0,0.0,KEYS
2024-02-15 00:00:00-05:00,153.55999755859375,156.0800018310547,153.10000610351562,154.66000366210938,154.66000366210938,1387000,0.0,0.0,KEYS
2024-02-16 00:00:00-05:00,154.86000061035156,156.47999572753906,154.05999755859375,155.22000122070312,155.22000122070312,1994100,0.0,0.0,KEYS
2024-02-20 00:00:00-05:00,151.35000610351562,154.9600067138672,151.07000732421875,154.42999267578125,154.42999267578125,1625900,0.0,0.0,KEYS
2024-02-21 00:00:00-05:00,140.2899932861328,144.14999389648438,138.18499755859375,144.0399932861328,144.0399932861328,3981000,0.0,0.0,KEYS
2024-02-22 00:00:00-05:00,145.83999633789062,149.30999755859375,144.1199951171875,149.0399932861328,149.0399932861328,1917900,0.0,0.0,KEYS
2024-02-23 00:00:00-05:00,149.41000366210938,150.5050048828125,147.08399963378906,149.97000122070312,149.97000122070312,1669400,0.0,0.0,KEYS
2024-02-26 00:00:00-05:00,150.27000427246094,152.41000366210938,149.78500366210938,152.35000610351562,152.35000610351562,2253300,0.0,0.0,KEYS
2024-02-27 00:00:00-05:00,152.30999755859375,153.32000732421875,151.35000610351562,152.75999450683594,152.75999450683594,1416500,0.0,0.0,KEYS
2024-02-28 00:00:00-05:00,151.7899932861328,154.1699981689453,151.10000610351562,153.75,153.75,1434300,0.0,0.0,KEYS
2024-02-29 00:00:00-05:00,155.0,155.08999633789062,152.9499969482422,154.3000030517578,154.3000030517578,1539600,0.0,0.0,KEYS
2024-03-01 00:00:00-05:00,154.25,157.4010009765625,153.3300018310547,157.07000732421875,157.07000732421875,945500,0.0,0.0,KEYS
2024-03-04 00:00:00-05:00,156.0500030517578,158.5,155.13999938964844,157.5,157.5,1257500,0.0,0.0,KEYS
2024-03-05 00:00:00-05:00,156.39999389648438,157.05999755859375,154.0850067138672,155.77000427246094,155.77000427246094,1383300,0.0,0.0,KEYS
2024-03-06 00:00:00-05:00,157.1199951171875,158.1199951171875,156.56500244140625,157.14999389648438,157.14999389648438,1033300,0.0,0.0,KEYS
2024-03-07 00:00:00-05:00,156.64999389648438,158.30999755859375,156.11000061035156,157.30999755859375,157.30999755859375,1213800,0.0,0.0,KEYS
2024-03-08 00:00:00-05:00,158.07000732421875,158.26499938964844,154.3300018310547,154.3300018310547,154.3300018310547,1154300,0.0,0.0,KEYS
2024-03-11 00:00:00-04:00,152.72000122070312,154.02000427246094,151.88999938964844,152.13999938964844,152.13999938964844,1039000,0.0,0.0,KEYS
2024-03-12 00:00:00-04:00,153.1300048828125,153.1300048828125,151.0,152.0800018310547,152.0800018310547,1151000,0.0,0.0,KEYS
2024-03-13 00:00:00-04:00,152.0399932861328,153.27000427246094,151.1199951171875,151.97000122070312,151.97000122070312,1390300,0.0,0.0,KEYS
2024-03-14 00:00:00-04:00,151.97000122070312,152.64999389648438,149.60000610351562,150.9600067138672,150.9600067138672,1057400,0.0,0.0,KEYS
2024-03-15 00:00:00-04:00,149.39999389648438,150.9199981689453,149.32000732421875,149.8000030517578,149.8000030517578,3923000,0.0,0.0,KEYS
2024-03-18 00:00:00-04:00,151.1699981689453,151.36000061035156,149.61000061035156,149.7100067138672,149.7100067138672,897400,0.0,0.0,KEYS
2024-03-19 00:00:00-04:00,148.94000244140625,149.97500610351562,148.1699981689453,149.5800018310547,149.5800018310547,859200,0.0,0.0,KEYS
2024-03-20 00:00:00-04:00,149.92999267578125,150.72999572753906,148.5800018310547,150.67999267578125,150.67999267578125,1080200,0.0,0.0,KEYS
2024-03-21 00:00:00-04:00,151.72999572753906,155.16000366210938,150.91000366210938,154.24000549316406,154.24000549316406,1078100,0.0,0.0,KEYS
2024-03-22 00:00:00-04:00,153.7899932861328,154.77999877929688,152.07000732421875,154.38999938964844,154.38999938964844,1177700,0.0,0.0,KEYS
2024-03-25 00:00:00-04:00,153.77999877929688,155.24000549316406,152.24000549316406,152.5800018310547,152.5800018310547,888600,0.0,0.0,KEYS
2024-03-26 00:00:00-04:00,152.8800048828125,154.14999389648438,152.0399932861328,152.27000427246094,152.27000427246094,1330200,0.0,0.0,KEYS
2024-03-27 00:00:00-04:00,153.38999938964844,156.19000244140625,152.6300048828125,155.83999633789062,155.83999633789062,1260300,0.0,0.0,KEYS
2024-03-28 00:00:00-04:00,155.6300048828125,157.85000610351562,155.55499267578125,156.3800048828125,156.3800048828125,1322600,0.0,0.0,KEYS
2024-04-01 00:00:00-04:00,156.0500030517578,156.11000061035156,154.38999938964844,155.0,155.0,639500,0.0,0.0,KEYS
2024-04-02 00:00:00-04:00,153.13999938964844,154.41000366210938,152.47999572753906,153.75,153.75,992000,0.0,0.0,KEYS
2024-04-03 00:00:00-04:00,153.08999633789062,156.2899932861328,152.74000549316406,156.11000061035156,156.11000061035156,981400,0.0,0.0,KEYS
2024-04-04 00:00:00-04:00,157.99000549316406,159.82000732421875,153.6999969482422,154.85000610351562,154.85000610351562,1430100,0.0,0.0,KEYS
2024-04-05 00:00:00-04:00,154.69000244140625,157.58999633789062,154.25999450683594,157.22999572753906,157.22999572753906,952600,0.0,0.0,KEYS
2024-04-08 00:00:00-04:00,158.3300018310547,159.49000549316406,157.5399932861328,158.75,158.75,1375600,0.0,0.0,KEYS
2024-04-09 00:00:00-04:00,159.67999267578125,160.1999969482422,158.64999389648438,160.0500030517578,160.0500030517578,1395700,0.0,0.0,KEYS
2024-04-10 00:00:00-04:00,156.7899932861328,158.2949981689453,155.00999450683594,157.0500030517578,157.0500030517578,1833900,0.0,0.0,KEYS
2024-04-11 00:00:00-04:00,157.17999267578125,160.32000732421875,156.02000427246094,160.13999938964844,160.13999938964844,1457500,0.0,0.0,KEYS
2024-04-12 00:00:00-04:00,157.80999755859375,159.1199951171875,154.75,155.10000610351562,155.10000610351562,2256500,0.0,0.0,KEYS
2024-04-15 00:00:00-04:00,157.0500030517578,157.0500030517578,152.05999755859375,153.32000732421875,153.32000732421875,1082900,0.0,0.0,KEYS
2024-04-16 00:00:00-04:00,153.16000366210938,153.30999755859375,150.60000610351562,151.60000610351562,151.60000610351562,965100,0.0,0.0,KEYS
2024-04-17 00:00:00-04:00,152.05999755859375,152.9600067138672,149.6699981689453,149.92999267578125,149.92999267578125,882500,0.0,0.0,KEYS
2024-04-18 00:00:00-04:00,149.8699951171875,149.8699951171875,146.65499877929688,146.88999938964844,146.88999938964844,1052900,0.0,0.0,KEYS
2024-04-19 00:00:00-04:00,146.6199951171875,147.77000427246094,144.77999877929688,145.1199951171875,145.1199951171875,1099700,0.0,0.0,KEYS
2024-04-22 00:00:00-04:00,146.1699981689453,146.75999450683594,144.3300018310547,144.74000549316406,144.74000549316406,1047100,0.0,0.0,KEYS
2024-04-23 00:00:00-04:00,145.49000549316406,148.43499755859375,145.02999877929688,146.8000030517578,146.8000030517578,1405900,0.0,0.0,KEYS
2024-04-24 00:00:00-04:00,147.66000366210938,147.66000366210938,145.39999389648438,146.60000610351562,146.60000610351562,1433700,0.0,0.0,KEYS
2024-04-25 00:00:00-04:00,145.9499969482422,147.55999755859375,144.3000030517578,147.42999267578125,147.42999267578125,692500,0.0,0.0,KEYS
2024-04-26 00:00:00-04:00,147.0,149.4199981689453,147.0,148.5500030517578,148.5500030517578,893800,0.0,0.0,KEYS
2024-04-29 00:00:00-04:00,149.25999450683594,150.4600067138672,149.22000122070312,150.2100067138672,150.2100067138672,949700,0.0,0.0,KEYS
2024-04-30 00:00:00-04:00,149.17999267578125,150.8699951171875,147.58999633789062,147.94000244140625,147.94000244140625,1108300,0.0,0.0,KEYS
2024-05-01 00:00:00-04:00,147.1999969482422,147.73500061035156,144.77000427246094,144.9499969482422,144.9499969482422,1052000,0.0,0.0,KEYS
2024-05-02 00:00:00-04:00,146.07000732421875,147.21499633789062,144.0500030517578,146.99000549316406,146.99000549316406,819300,0.0,0.0,KEYS
2024-05-03 00:00:00-04:00,149.61000061035156,149.77999877929688,147.61000061035156,149.17999267578125,149.17999267578125,577200,0.0,0.0,KEYS
2024-05-06 00:00:00-04:00,150.3000030517578,150.92999267578125,149.47999572753906,150.60000610351562,150.60000610351562,728500,0.0,0.0,KEYS
2024-05-07 00:00:00-04:00,150.97999572753906,151.77000427246094,150.02999877929688,150.10000610351562,150.10000610351562,743800,0.0,0.0,KEYS
2024-05-08 00:00:00-04:00,148.66000366210938,151.25,147.33999633789062,150.8000030517578,150.8000030517578,1308800,0.0,0.0,KEYS
2024-05-09 00:00:00-04:00,150.77000427246094,151.11000061035156,150.0,151.00999450683594,151.00999450683594,653200,0.0,0.0,KEYS
2024-05-10 00:00:00-04:00,151.7899932861328,152.02999877929688,149.5,150.2100067138672,150.2100067138672,863000,0.0,0.0,KEYS
2024-05-13 00:00:00-04:00,150.30999755859375,151.24000549316406,149.5500030517578,149.7100067138672,149.7100067138672,624000,0.0,0.0,KEYS
2024-05-14 00:00:00-04:00,150.22000122070312,151.87399291992188,150.22000122070312,151.5,151.5,760200,0.0,0.0,KEYS
2024-05-15 00:00:00-04:00,152.5,156.0800018310547,152.17999267578125,155.6999969482422,155.6999969482422,1225200,0.0,0.0,KEYS
2024-05-16 00:00:00-04:00,156.27999877929688,157.1199951171875,154.5449981689453,156.77999877929688,156.77999877929688,1058600,0.0,0.0,KEYS
2024-05-17 00:00:00-04:00,157.35000610351562,157.75999450683594,156.22000122070312,157.3000030517578,157.3000030517578,937000,0.0,0.0,KEYS
2024-05-20 00:00:00-04:00,157.5500030517578,161.0800018310547,156.8699951171875,159.75,159.75,1695900,0.0,0.0,KEYS
2024-05-21 00:00:00-04:00,153.27000427246094,154.77999877929688,142.5,146.36000061035156,146.36000061035156,4411800,0.0,0.0,KEYS
2024-05-22 00:00:00-04:00,147.1699981689453,151.33999633789062,146.27000427246094,147.47999572753906,147.47999572753906,1768200,0.0,0.0,KEYS
2024-05-23 00:00:00-04:00,148.83999633789062,148.83999633789062,143.50999450683594,143.83999633789062,143.83999633789062,1270700,0.0,0.0,KEYS
2024-05-24 00:00:00-04:00,144.91000366210938,145.25,143.63999938964844,144.0500030517578,144.0500030517578,795000,0.0,0.0,KEYS
2024-05-28 00:00:00-04:00,143.6300048828125,144.9499969482422,141.99000549316406,142.47999572753906,142.47999572753906,1060100,0.0,0.0,KEYS
2024-05-29 00:00:00-04:00,140.75,141.02000427246094,139.22999572753906,139.3000030517578,139.3000030517578,1362100,0.0,0.0,KEYS
2024-05-30 00:00:00-04:00,139.6300048828125,139.93499755859375,138.3699951171875,138.47999572753906,138.47999572753906,832800,0.0,0.0,KEYS
2024-05-31 00:00:00-04:00,138.6199951171875,139.77999877929688,136.5399932861328,138.47999572753906,138.47999572753906,3509700,0.0,0.0,KEYS
2024-06-03 00:00:00-04:00,139.8699951171875,139.8699951171875,136.1199951171875,137.00999450683594,137.00999450683594,1392500,0.0,0.0,KEYS
2024-06-04 00:00:00-04:00,136.7899932861328,137.1199951171875,135.27999877929688,135.83999633789062,135.83999633789062,1233200,0.0,0.0,KEYS
2024-06-05 00:00:00-04:00,136.8800048828125,137.00999450683594,135.19000244140625,136.86000061035156,136.86000061035156,1226200,0.0,0.0,KEYS
2024-06-06 00:00:00-04:00,136.0,136.41000366210938,135.52000427246094,136.0,136.0,759600,0.0,0.0,KEYS
2024-06-07 00:00:00-04:00,135.17999267578125,136.4600067138672,134.61000061035156,135.80999755859375,135.80999755859375,657500,0.0,0.0,KEYS
2024-06-10 00:00:00-04:00,134.47000122070312,136.86000061035156,134.375,136.74000549316406,136.74000549316406,790100,0.0,0.0,KEYS
2024-06-11 00:00:00-04:00,136.5,136.6199951171875,135.56100463867188,136.19000244140625,136.19000244140625,972000,0.0,0.0,KEYS
2024-06-12 00:00:00-04:00,137.22999572753906,138.7899932861328,136.14999389648438,138.11000061035156,138.11000061035156,937400,0.0,0.0,KEYS
2024-06-13 00:00:00-04:00,137.67999267578125,138.33900451660156,136.50399780273438,137.97000122070312,137.97000122070312,825500,0.0,0.0,KEYS
2024-06-14 00:00:00-04:00,136.82000732421875,137.52000427246094,135.10000610351562,135.97999572753906,135.97999572753906,756000,0.0,0.0,KEYS
2024-06-17 00:00:00-04:00,135.88999938964844,137.32000732421875,135.32000732421875,136.9499969482422,136.9499969482422,851900,0.0,0.0,KEYS
2024-06-18 00:00:00-04:00,137.0,137.6699981689453,135.5500030517578,136.10000610351562,136.10000610351562,935000,0.0,0.0,KEYS
2024-06-20 00:00:00-04:00,136.1999969482422,137.24000549316406,135.1999969482422,135.44000244140625,135.44000244140625,1038400,0.0,0.0,KEYS
2024-06-21 00:00:00-04:00,135.27000427246094,137.3300018310547,134.3000030517578,137.0,137.0,2003600,0.0,0.0,KEYS
2024-06-24 00:00:00-04:00,136.5,138.61000061035156,135.83999633789062,136.91000366210938,136.91000366210938,923500,0.0,0.0,KEYS
2024-06-25 00:00:00-04:00,136.75,137.61000061035156,135.9499969482422,137.55999755859375,137.55999755859375,946500,0.0,0.0,KEYS
2024-06-26 00:00:00-04:00,136.07000732421875,136.44000244140625,135.0,135.89999389648438,135.89999389648438,1352800,0.0,0.0,KEYS
2024-06-27 00:00:00-04:00,136.36000061035156,136.68499755859375,134.5500030517578,135.22000122070312,135.22000122070312,1068500,0.0,0.0,KEYS
2024-06-28 00:00:00-04:00,136.19000244140625,138.47300720214844,135.625,136.75,136.75,3421800,0.0,0.0,KEYS
2024-07-01 00:00:00-04:00,136.75,137.0,134.50999450683594,134.92999267578125,134.92999267578125,790500,0.0,0.0,KEYS
2024-07-02 00:00:00-04:00,135.08999633789062,137.67999267578125,135.0800018310547,136.4499969482422,136.4499969482422,686200,0.0,0.0,KEYS
2024-07-03 00:00:00-04:00,136.91000366210938,136.91000366210938,134.82000732421875,135.3300018310547,135.3300018310547,587300,0.0,0.0,KEYS
2024-07-05 00:00:00-04:00,136.3000030517578,137.47999572753906,134.6999969482422,137.35000610351562,137.35000610351562,1058600,0.0,0.0,KEYS
2024-07-08 00:00:00-04:00,137.77999877929688,140.3699951171875,137.77999877929688,138.10000610351562,138.10000610351562,1066500,0.0,0.0,KEYS
2024-07-09 00:00:00-04:00,137.97000122070312,137.97000122070312,135.7899932861328,136.05999755859375,136.05999755859375,699200,0.0,0.0,KEYS
2024-07-10 00:00:00-04:00,136.30999755859375,137.69000244140625,135.00999450683594,137.52000427246094,137.52000427246094,1051500,0.0,0.0,KEYS
2024-07-11 00:00:00-04:00,139.22000122070312,140.75999450683594,138.72999572753906,139.99000549316406,139.99000549316406,756700,0.0,0.0,KEYS
2024-07-12 00:00:00-04:00,141.0,143.89999389648438,140.17999267578125,142.11000061035156,142.11000061035156,1142000,0.0,0.0,KEYS
2024-07-15 00:00:00-04:00,142.27000427246094,145.5399932861328,142.1300048828125,145.52999877929688,145.52999877929688,1351200,0.0,0.0,KEYS
2024-07-16 00:00:00-04:00,146.25,149.6699981689453,145.3000030517578,149.4600067138672,149.4600067138672,1483700,0.0,0.0,KEYS
2024-07-17 00:00:00-04:00,147.8699951171875,148.27999877929688,145.52000427246094,145.60000610351562,145.60000610351562,1384000,0.0,0.0,KEYS
2024-07-18 00:00:00-04:00,145.55999755859375,146.1300048828125,139.93499755859375,141.14999389648438,141.14999389648438,974900,0.0,0.0,KEYS
2024-07-19 00:00:00-04:00,141.36000061035156,141.36000061035156,137.17999267578125,137.39999389648438,137.39999389648438,1105700,0.0,0.0,KEYS
2024-07-22 00:00:00-04:00,138.6999969482422,140.67999267578125,138.10000610351562,140.25999450683594,140.25999450683594,912800,0.0,0.0,KEYS
2024-07-23 00:00:00-04:00,140.88999938964844,141.89999389648438,138.97000122070312,139.1699981689453,139.1699981689453,952300,0.0,0.0,KEYS
2024-07-24 00:00:00-04:00,138.47000122070312,140.59500122070312,135.77999877929688,135.99000549316406,135.99000549316406,1132600,0.0,0.0,KEYS
2024-07-25 00:00:00-04:00,136.22999572753906,137.8800048828125,135.35000610351562,135.88999938964844,135.88999938964844,1228500,0.0,0.0,KEYS
2024-07-26 00:00:00-04:00,137.72999572753906,138.97999572753906,137.17999267578125,138.39999389648438,138.39999389648438,816100,0.0,0.0,KEYS
2024-07-29 00:00:00-04:00,138.6699981689453,139.15899658203125,137.0800018310547,137.30999755859375,137.30999755859375,500300,0.0,0.0,KEYS
2024-07-30 00:00:00-04:00,138.08999633789062,139.14999389648438,135.3000030517578,135.9499969482422,135.9499969482422,682300,0.0,0.0,KEYS
2024-07-31 00:00:00-04:00,137.9499969482422,142.0399932861328,137.9499969482422,139.57000732421875,139.57000732421875,1205100,0.0,0.0,KEYS
2024-08-01 00:00:00-04:00,138.75,138.75,131.00999450683594,132.52999877929688,132.52999877929688,1090000,0.0,0.0,KEYS
2024-08-02 00:00:00-04:00,129.52999877929688,130.9199981689453,125.61000061035156,126.69999694824219,126.69999694824219,1821900,0.0,0.0,KEYS
2024-08-05 00:00:00-04:00,122.80000305175781,123.83999633789062,120.95500183105469,122.80999755859375,122.80999755859375,1837300,0.0,0.0,KEYS
2024-08-06 00:00:00-04:00,123.5199966430664,125.08000183105469,122.30999755859375,123.22000122070312,123.22000122070312,2807700,0.0,0.0,KEYS
2024-08-07 00:00:00-04:00,124.4000015258789,126.08000183105469,119.72000122070312,119.86000061035156,119.86000061035156,2108100,0.0,0.0,KEYS
2024-08-08 00:00:00-04:00,121.19999694824219,123.93000030517578,120.23999786376953,123.12000274658203,123.12000274658203,2165900,0.0,0.0,KEYS
2024-08-09 00:00:00-04:00,122.81999969482422,123.61000061035156,121.44999694824219,122.87000274658203,122.87000274658203,2048300,0.0,0.0,KEYS
2024-08-12 00:00:00-04:00,123.05999755859375,124.37999725341797,122.44000244140625,123.75,123.75,1267000,0.0,0.0,KEYS
2024-08-13 00:00:00-04:00,124.58000183105469,128.00999450683594,124.0999984741211,127.86000061035156,127.86000061035156,1281600,0.0,0.0,KEYS
2024-08-14 00:00:00-04:00,128.24000549316406,128.47999572753906,126.77999877929688,127.2699966430664,127.2699966430664,962500,0.0,0.0,KEYS
2024-08-15 00:00:00-04:00,129.75999450683594,132.75,129.13499450683594,132.6699981689453,132.6699981689453,1077600,0.0,0.0,KEYS
2024-08-16 00:00:00-04:00,132.3800048828125,135.57000732421875,132.3800048828125,135.3000030517578,135.3000030517578,1901300,0.0,0.0,KEYS
2024-08-19 00:00:00-04:00,135.27999877929688,138.75999450683594,135.25999450683594,138.5,138.5,1379400,0.0,0.0,KEYS
2024-08-20 00:00:00-04:00,138.32000732421875,140.07000732421875,138.0800018310547,138.57000732421875,138.57000732421875,2373100,0.0,0.0,KEYS
2024-08-21 00:00:00-04:00,156.5500030517578,157.97999572753906,152.22999572753906,157.80999755859375,157.80999755859375,4384100,0.0,0.0,KEYS
2024-08-22 00:00:00-04:00,157.8300018310547,159.23300170898438,153.92999267578125,154.63999938964844,154.63999938964844,1585300,0.0,0.0,KEYS
2024-08-23 00:00:00-04:00,155.9600067138672,156.7100067138672,154.22999572753906,155.00999450683594,155.00999450683594,1013900,0.0,0.0,KEYS
2024-08-26 00:00:00-04:00,155.13999938964844,155.8800048828125,153.6649932861328,154.1199951171875,154.1199951171875,944700,0.0,0.0,KEYS
2024-08-27 00:00:00-04:00,153.10000610351562,155.60000610351562,152.25999450683594,154.10000610351562,154.10000610351562,796700,0.0,0.0,KEYS
2024-08-28 00:00:00-04:00,154.10000610351562,154.63999938964844,151.72999572753906,152.58999633789062,152.58999633789062,752400,0.0,0.0,KEYS
2024-08-29 00:00:00-04:00,153.92999267578125,155.05999755859375,152.55999755859375,152.82000732421875,152.82000732421875,1073600,0.0,0.0,KEYS
2024-08-30 00:00:00-04:00,154.27999877929688,155.0,152.89999389648438,154.1199951171875,154.1199951171875,1539400,0.0,0.0,KEYS
2024-09-03 00:00:00-04:00,152.85000610351562,153.27999877929688,147.27499389648438,148.0500030517578,148.0500030517578,1120700,0.0,0.0,KEYS
2024-09-04 00:00:00-04:00,147.1999969482422,149.33999633789062,147.11000061035156,149.1199951171875,149.1199951171875,1015800,0.0,0.0,KEYS
2024-09-05 00:00:00-04:00,148.1300048828125,148.52000427246094,146.6300048828125,147.07000732421875,147.07000732421875,744700,0.0,0.0,KEYS
2024-09-06 00:00:00-04:00,146.9600067138672,147.77999877929688,143.0500030517578,143.11000061035156,143.11000061035156,907400,0.0,0.0,KEYS
2024-09-09 00:00:00-04:00,144.67999267578125,147.1699981689453,144.2729949951172,145.82000732421875,145.82000732421875,1015700,0.0,0.0,KEYS
2024-09-10 00:00:00-04:00,145.67999267578125,147.64999389648438,144.3800048828125,147.3800048828125,147.3800048828125,843400,0.0,0.0,KEYS
2024-09-11 00:00:00-04:00,146.77999877929688,148.6699981689453,143.97999572753906,148.1699981689453,148.1699981689453,791100,0.0,0.0,KEYS
2024-09-12 00:00:00-04:00,148.33999633789062,149.63999938964844,146.77999877929688,148.4199981689453,148.4199981689453,561800,0.0,0.0,KEYS
2024-09-13 00:00:00-04:00,148.8300018310547,151.15199279785156,148.77000427246094,150.0399932861328,150.0399932861328,640600,0.0,0.0,KEYS
2024-09-16 00:00:00-04:00,149.50999450683594,150.30499267578125,148.55999755859375,149.47999572753906,149.47999572753906,607100,0.0,0.0,KEYS
2024-09-17 00:00:00-04:00,150.83999633789062,151.8300018310547,149.33999633789062,150.49000549316406,150.49000549316406,496900,0.0,0.0,KEYS
2024-09-18 00:00:00-04:00,150.8800048828125,152.72999572753906,149.07000732421875,150.2100067138672,150.2100067138672,616900,0.0,0.0,KEYS
2024-09-19 00:00:00-04:00,154.1999969482422,156.35000610351562,153.60000610351562,155.3800048828125,155.3800048828125,1024000,0.0,0.0,KEYS
2024-09-20 00:00:00-04:00,154.2100067138672,154.8000030517578,151.8800048828125,152.4199981689453,152.4199981689453,1806400,0.0,0.0,KEYS
2024-09-23 00:00:00-04:00,152.9199981689453,153.05999755859375,151.07200622558594,151.55999755859375,151.55999755859375,1024500,0.0,0.0,KEYS
2024-09-24 00:00:00-04:00,152.80999755859375,154.3699951171875,152.0500030517578,154.08999633789062,154.08999633789062,801000,0.0,0.0,KEYS
2024-09-25 00:00:00-04:00,153.61000061035156,154.52000427246094,151.98500061035156,152.72999572753906,152.72999572753906,748700,0.0,0.0,KEYS
2024-09-26 00:00:00-04:00,156.52000427246094,158.75,155.47500610351562,158.63999938964844,158.63999938964844,1175100,0.0,0.0,KEYS
2024-09-27 00:00:00-04:00,159.0,160.7100067138672,158.0,158.6999969482422,158.6999969482422,1018900,0.0,0.0,KEYS
2024-09-30 00:00:00-04:00,157.9499969482422,159.6999969482422,157.16000366210938,158.92999267578125,158.92999267578125,918300,0.0,0.0,KEYS
2024-10-01 00:00:00-04:00,158.33999633789062,158.33999633789062,153.6750030517578,154.7100067138672,154.7100067138672,973500,0.0,0.0,KEYS
2024-10-02 00:00:00-04:00,154.5,157.14999389648438,153.75999450683594,155.69000244140625,155.69000244140625,689900,0.0,0.0,KEYS
2024-10-03 00:00:00-04:00,154.52999877929688,155.08999633789062,152.6199951171875,154.57000732421875,154.57000732421875,602700,0.0,0.0,KEYS
2024-10-04 00:00:00-04:00,157.17999267578125,157.26100158691406,154.92999267578125,156.3800048828125,156.3800048828125,667600,0.0,0.0,KEYS
2024-10-07 00:00:00-04:00,155.07000732421875,156.5,154.85000610351562,155.99000549316406,155.99000549316406,990000,0.0,0.0,KEYS
2024-10-08 00:00:00-04:00,156.0399932861328,156.38999938964844,154.6300048828125,155.5800018310547,155.5800018310547,804700,0.0,0.0,KEYS
2024-10-09 00:00:00-04:00,156.17999267578125,160.1699981689453,155.65499877929688,158.11000061035156,158.11000061035156,1025200,0.0,0.0,KEYS
2024-10-10 00:00:00-04:00,156.1699981689453,157.88999938964844,155.50999450683594,157.50999450683594,157.50999450683594,673800,0.0,0.0,KEYS
2024-10-11 00:00:00-04:00,157.1999969482422,159.86000061035156,157.1999969482422,159.00999450683594,159.00999450683594,653800,0.0,0.0,KEYS
2024-10-14 00:00:00-04:00,159.0,159.3300018310547,157.69000244140625,158.9600067138672,158.9600067138672,1348700,0.0,0.0,KEYS
2024-10-15 00:00:00-04:00,159.41000366210938,162.4199981689453,156.68299865722656,158.05999755859375,158.05999755859375,2345700,0.0,0.0,KEYS
2024-10-16 00:00:00-04:00,158.69000244140625,159.75999450683594,157.1300048828125,157.25,157.25,959700,0.0,0.0,KEYS
2024-10-17 00:00:00-04:00,157.97000122070312,158.80999755859375,157.42999267578125,158.1699981689453,158.1699981689453,893500,0.0,0.0,KEYS
2024-10-18 00:00:00-04:00,159.44000244140625,161.0,158.2899932861328,159.9499969482422,159.9499969482422,940800,0.0,0.0,KEYS
2024-10-21 00:00:00-04:00,159.1999969482422,159.33999633789062,157.05999755859375,157.82000732421875,157.82000732421875,851300,0.0,0.0,KEYS
2024-10-22 00:00:00-04:00,156.92999267578125,157.50999450683594,153.0500030517578,155.36000061035156,155.36000061035156,916500,0.0,0.0,KEYS
2024-10-23 00:00:00-04:00,155.0,155.6199951171875,151.44000244140625,153.35000610351562,153.35000610351562,621500,0.0,0.0,KEYS
2024-10-24 00:00:00-04:00,154.1999969482422,154.68499755859375,152.94000244140625,153.75,153.75,587100,0.0,0.0,KEYS
2024-10-25 00:00:00-04:00,154.89999389648438,156.4600067138672,154.85499572753906,155.97999572753906,155.97999572753906,795900,0.0,0.0,KEYS
2024-10-28 00:00:00-04:00,157.52000427246094,157.72000122070312,155.6999969482422,155.72999572753906,155.72999572753906,733700,0.0,0.0,KEYS
2024-10-29 00:00:00-04:00,155.5800018310547,156.80499267578125,155.22000122070312,155.27000427246094,155.27000427246094,1009700,0.0,0.0,KEYS
2024-10-30 00:00:00-04:00,154.24000549316406,154.8000030517578,151.9600067138672,151.97999572753906,151.97999572753906,918900,0.0,0.0,KEYS
2024-10-31 00:00:00-04:00,151.0,151.19000244140625,148.3699951171875,149.00999450683594,149.00999450683594,863900,0.0,0.0,KEYS
2024-11-01 00:00:00-04:00,150.0800018310547,152.66000366210938,149.85000610351562,151.5500030517578,151.5500030517578,1014000,0.0,0.0,KEYS
2024-11-04 00:00:00-05:00,154.00999450683594,155.7899932861328,153.41000366210938,153.55999755859375,153.55999755859375,1127400,0.0,0.0,KEYS
2024-11-05 00:00:00-05:00,153.69000244140625,155.38999938964844,152.61000061035156,154.88999938964844,154.88999938964844,1043000,0.0,0.0,KEYS
2024-11-06 00:00:00-05:00,160.74000549316406,162.33999633789062,158.6699981689453,161.85000610351562,161.85000610351562,1729900,0.0,0.0,KEYS
2024-11-07 00:00:00-05:00,162.50999450683594,165.35499572753906,162.05999755859375,165.17999267578125,165.17999267578125,1147400,0.0,0.0,KEYS
2024-11-08 00:00:00-05:00,164.3000030517578,165.52000427246094,163.21499633789062,165.4199981689453,165.4199981689453,844300,0.0,0.0,KEYS
2024-11-11 00:00:00-05:00,165.39999389648438,166.27999877929688,162.11000061035156,163.74000549316406,163.74000549316406,903600,0.0,0.0,KEYS
2024-11-12 00:00:00-05:00,163.41000366210938,164.32000732421875,160.66000366210938,161.2100067138672,161.2100067138672,742800,0.0,0.0,KEYS
2024-11-13 00:00:00-05:00,160.0,160.6300048828125,156.50999450683594,157.3000030517578,157.3000030517578,1299800,0.0,0.0,KEYS
2024-11-14 00:00:00-05:00,157.0399932861328,157.6999969482422,153.02000427246094,153.67999267578125,153.67999267578125,1223400,0.0,0.0,KEYS
2024-11-15 00:00:00-05:00,151.9199981689453,152.7899932861328,149.26499938964844,149.3699951171875,149.3699951171875,1282200,0.0,0.0,KEYS
2024-11-18 00:00:00-05:00,149.55999755859375,151.60000610351562,148.42999267578125,151.4199981689453,151.4199981689453,1936800,0.0,0.0,KEYS
2024-11-19 00:00:00-05:00,149.13999938964844,152.5800018310547,147.89500427246094,152.1300048828125,152.1300048828125,2278300,0.0,0.0,KEYS
2024-11-20 00:00:00-05:00,165.2100067138672,168.4600067138672,159.0,165.47999572753906,165.47999572753906,3223400,0.0,0.0,KEYS
2024-11-21 00:00:00-05:00,165.38999938964844,170.52200317382812,162.8300018310547,170.42999267578125,170.42999267578125,1917100,0.0,0.0,KEYS
2024-11-22 00:00:00-05:00,169.60000610351562,171.0500030517578,168.25,170.27999877929688,170.27999877929688,1424300,0.0,0.0,KEYS
2024-11-25 00:00:00-05:00,172.0,175.38999938964844,170.5399932861328,171.67999267578125,171.67999267578125,5733200,0.0,0.0,KEYS
2024-11-26 00:00:00-05:00,172.85000610351562,173.06700134277344,170.5500030517578,171.91000366210938,171.91000366210938,1404300,0.0,0.0,KEYS
2024-11-27 00:00:00-05:00,171.3000030517578,172.41000366210938,168.25999450683594,168.61000061035156,168.61000061035156,1203900,0.0,0.0,KEYS
2024-11-29 00:00:00-05:00,168.8000030517578,171.4499969482422,168.8000030517578,170.83999633789062,170.83999633789062,737000,0.0,0.0,KEYS
2024-12-02 00:00:00-05:00,169.66000366210938,172.92999267578125,168.38999938964844,171.58999633789062,171.58999633789062,1271200,0.0,0.0,KEYS
2024-12-03 00:00:00-05:00,171.11000061035156,172.13499450683594,169.97000122070312,171.0,171.0,995700,0.0,0.0,KEYS
2024-12-04 00:00:00-05:00,171.9199981689453,173.58999633789062,170.93499755859375,172.25999450683594,172.25999450683594,880600,0.0,0.0,KEYS
2024-12-05 00:00:00-05:00,172.1999969482422,172.5,169.52000427246094,169.6300048828125,169.6300048828125,821500,0.0,0.0,KEYS
2024-12-06 00:00:00-05:00,170.3000030517578,172.5,169.41000366210938,171.72999572753906,171.72999572753906,940500,0.0,0.0,KEYS
2024-12-09 00:00:00-05:00,171.75,174.05499267578125,171.6999969482422,172.52999877929688,172.52999877929688,747800,0.0,0.0,KEYS
2024-12-10 00:00:00-05:00,172.52999877929688,172.52999877929688,168.8000030517578,168.89999389648438,168.89999389648438,1150600,0.0,0.0,KEYS
2024-12-11 00:00:00-05:00,170.1300048828125,170.1300048828125,167.74000549316406,167.75999450683594,167.75999450683594,1032400,0.0,0.0,KEYS
2024-12-12 00:00:00-05:00,166.55999755859375,169.16000366210938,166.55999755859375,168.35000610351562,168.35000610351562,953700,0.0,0.0,KEYS
2024-12-13 00:00:00-05:00,168.6699981689453,168.7899932861328,165.5399932861328,166.5,166.5,754600,0.0,0.0,KEYS
2024-12-16 00:00:00-05:00,169.57000732421875,172.23800659179688,168.6999969482422,170.8800048828125,170.8800048828125,1466800,0.0,0.0,KEYS
2024-12-17 00:00:00-05:00,169.44000244140625,170.33099365234375,165.17999267578125,166.3000030517578,166.3000030517578,1342700,0.0,0.0,KEYS
2024-12-18 00:00:00-05:00,166.0,168.17999267578125,160.0,160.2100067138672,160.2100067138672,1281000,0.0,0.0,KEYS
2024-12-19 00:00:00-05:00,161.2899932861328,162.27999877929688,158.82000732421875,159.85000610351562,159.85000610351562,1110900,0.0,0.0,KEYS
2024-12-20 00:00:00-05:00,159.10000610351562,163.32000732421875,159.0800018310547,163.22000122070312,163.22000122070312,4540200,0.0,0.0,KEYS
2024-12-23 00:00:00-05:00,162.16000366210938,163.16000366210938,161.33999633789062,162.7100067138672,162.7100067138672,814100,0.0,0.0,KEYS
2024-12-24 00:00:00-05:00,162.74000549316406,163.88999938964844,162.10000610351562,163.86000061035156,163.86000061035156,273800,0.0,0.0,KEYS
2024-12-26 00:00:00-05:00,162.72999572753906,165.1999969482422,162.72999572753906,164.6300048828125,164.6300048828125,437400,0.0,0.0,KEYS
2024-12-27 00:00:00-05:00,163.14999389648438,164.60000610351562,161.5399932861328,162.91000366210938,162.91000366210938,624200,0.0,0.0,KEYS
2024-12-30 00:00:00-05:00,160.99000549316406,162.1999969482422,158.80999755859375,161.1699981689453,161.1699981689453,515200,0.0,0.0,KEYS
2024-12-31 00:00:00-05:00,161.27000427246094,162.13800048828125,160.3000030517578,160.6300048828125,160.6300048828125,503100,0.0,0.0,KEYS
2025-01-02 00:00:00-05:00,162.0,162.67999267578125,158.74000549316406,160.83999633789062,160.83999633789062,724700,0.0,0.0,KEYS
2025-01-03 00:00:00-05:00,161.75,164.1300048828125,160.5500030517578,163.8000030517578,163.8000030517578,668600,0.0,0.0,KEYS
2025-01-06 00:00:00-05:00,165.4499969482422,167.75,164.60000610351562,165.25,165.25,714100,0.0,0.0,KEYS
2025-01-07 00:00:00-05:00,166.5399932861328,168.47000122070312,164.72000122070312,166.1300048828125,166.1300048828125,897900,0.0,0.0,KEYS
2025-01-08 00:00:00-05:00,164.97999572753906,165.8000030517578,163.05499267578125,164.88999938964844,164.88999938964844,665000,0.0,0.0,KEYS
2025-01-10 00:00:00-05:00,162.1199951171875,163.39999389648438,160.60899353027344,161.30999755859375,161.30999755859375,722800,0.0,0.0,KEYS
2025-01-13 00:00:00-05:00,159.55999755859375,162.11000061035156,159.01800537109375,161.11000061035156,161.11000061035156,709200,0.0,0.0,KEYS
2025-01-14 00:00:00-05:00,162.32000732421875,165.3350067138672,162.13999938964844,164.25999450683594,164.25999450683594,832500,0.0,0.0,KEYS
2025-01-15 00:00:00-05:00,167.5800018310547,168.14999389648438,164.1750030517578,165.33999633789062,165.33999633789062,606400,0.0,0.0,KEYS
2025-01-16 00:00:00-05:00,166.4600067138672,166.58999633789062,164.35499572753906,165.0800018310547,165.0800018310547,427800,0.0,0.0,KEYS
2025-01-17 00:00:00-05:00,167.57000732421875,167.57000732421875,165.5500030517578,165.69000244140625,165.69000244140625,693000,0.0,0.0,KEYS
2025-01-21 00:00:00-05:00,167.02999877929688,171.97999572753906,167.02999877929688,170.97000122070312,170.97000122070312,904500,0.0,0.0,KEYS
2025-01-22 00:00:00-05:00,171.85000610351562,173.82000732421875,171.39999389648438,172.72000122070312,172.72000122070312,966900,0.0,0.0,KEYS
2025-01-23 00:00:00-05:00,171.44000244140625,173.64999389648438,171.08999633789062,173.1699981689453,173.1699981689453,651900,0.0,0.0,KEYS
2025-01-24 00:00:00-05:00,173.13999938964844,173.49400329589844,171.9199981689453,172.8800048828125,172.8800048828125,709400,0.0,0.0,KEYS
2025-01-27 00:00:00-05:00,168.4499969482422,171.52499389648438,166.10000610351562,168.64999389648438,168.64999389648438,1581900,0.0,0.0,KEYS
2025-01-28 00:00:00-05:00,168.8000030517578,168.83999633789062,164.5500030517578,167.9199981689453,167.9199981689453,1036300,0.0,0.0,KEYS
2025-01-29 00:00:00-05:00,168.8000030517578,170.10000610351562,167.61000061035156,168.3300018310547,168.3300018310547,1135800,0.0,0.0,KEYS
2025-01-30 00:00:00-05:00,170.88999938964844,171.5800018310547,168.7449951171875,170.52000427246094,170.52000427246094,703400,0.0,0.0,KEYS
2025-01-31 00:00:00-05:00,171.25,180.25999450683594,171.25,178.35000610351562,178.35000610351562,1721500,0.0,0.0,KEYS
2025-02-03 00:00:00-05:00,173.77999877929688,177.89999389648438,172.5500030517578,176.32000732421875,176.32000732421875,1241300,0.0,0.0,KEYS
2025-02-04 00:00:00-05:00,174.10000610351562,177.64999389648438,173.5,175.97000122070312,175.97000122070312,1189000,0.0,0.0,KEYS
2025-02-05 00:00:00-05:00,177.67999267578125,178.0800018310547,175.4199981689453,177.52000427246094,177.52000427246094,695600,0.0,0.0,KEYS
2025-02-06 00:00:00-05:00,177.6999969482422,178.72500610351562,176.6300048828125,177.58999633789062,177.58999633789062,770400,0.0,0.0,KEYS
2025-02-07 00:00:00-05:00,178.36000061035156,178.38999938964844,173.67999267578125,174.32000732421875,174.32000732421875,1129300,0.0,0.0,KEYS
2025-02-10 00:00:00-05:00,176.4199981689453,177.47000122070312,174.8699951171875,177.27999877929688,177.27999877929688,1202700,0.0,0.0,KEYS
2025-02-11 00:00:00-05:00,175.9199981689453,178.52999877929688,175.61500549316406,176.55999755859375,176.55999755859375,695000,0.0,0.0,KEYS
2025-02-12 00:00:00-05:00,173.75999450683594,177.8800048828125,173.06900024414062,177.74000549316406,177.74000549316406,784800,0.0,0.0,KEYS
2025-02-13 00:00:00-05:00,177.82000732421875,179.47000122070312,176.4499969482422,179.3000030517578,179.3000030517578,632100,0.0,0.0,KEYS
2025-02-14 00:00:00-05:00,179.3000030517578,184.35000610351562,178.97000122070312,183.4600067138672,183.4600067138672,1337400,0.0,0.0,KEYS
2025-02-18 00:00:00-05:00,184.83999633789062,185.1199951171875,182.55499267578125,184.69000244140625,184.69000244140625,1173800,0.0,0.0,KEYS
2025-02-19 00:00:00-05:00,184.55999755859375,186.1999969482422,183.16000366210938,185.11000061035156,185.11000061035156,923900,0.0,0.0,KEYS
2025-02-20 00:00:00-05:00,185.58999633789062,185.67999267578125,183.5500030517578,184.89999389648438,184.89999389648438,700600,0.0,0.0,KEYS
2025-02-21 00:00:00-05:00,185.22999572753906,185.22999572753906,174.47000122070312,175.4499969482422,175.4499969482422,1847400,0.0,0.0,KEYS
2025-02-24 00:00:00-05:00,176.0500030517578,176.36500549316406,171.0,173.47000122070312,173.47000122070312,1484100,0.0,0.0,KEYS
2025-02-25 00:00:00-05:00,170.44000244140625,173.14999389648438,167.5,172.1699981689453,172.1699981689453,1962300,0.0,0.0,KEYS
2025-02-26 00:00:00-05:00,161.72000122070312,165.88999938964844,158.02000427246094,160.36000061035156,160.36000061035156,3025800,0.0,0.0,KEYS
2025-02-27 00:00:00-05:00,161.8699951171875,164.3800048828125,158.0800018310547,158.2100067138672,158.2100067138672,1623100,0.0,0.0,KEYS
2025-02-28 00:00:00-05:00,157.30999755859375,159.61000061035156,155.52000427246094,159.52999877929688,159.52999877929688,1775700,0.0,0.0,KEYS
2025-03-03 00:00:00-05:00,160.52999877929688,162.64999389648438,155.45700073242188,155.88999938964844,155.88999938964844,1231500,0.0,0.0,KEYS
2025-03-04 00:00:00-05:00,154.27999877929688,156.33999633789062,152.4600067138672,153.10000610351562,153.10000610351562,1334500,0.0,0.0,KEYS
2025-03-05 00:00:00-05:00,153.4199981689453,156.89999389648438,151.99000549316406,156.47999572753906,156.47999572753906,883000,0.0,0.0,KEYS
2025-03-06 00:00:00-05:00,153.7100067138672,156.8699951171875,152.3350067138672,154.52000427246094,154.52000427246094,1258500,0.0,0.0,KEYS
2025-03-07 00:00:00-05:00,154.1699981689453,156.77999877929688,151.89500427246094,155.88999938964844,155.88999938964844,1000600,0.0,0.0,KEYS
2025-03-10 00:00:00-04:00,153.1999969482422,154.69000244140625,151.32000732421875,152.88999938964844,152.88999938964844,1403500,0.0,0.0,KEYS
2025-03-11 00:00:00-04:00,152.58999633789062,152.82699584960938,148.8800048828125,149.83999633789062,149.83999633789062,1523100,0.0,0.0,KEYS
2025-03-12 00:00:00-04:00,151.38999938964844,152.67999267578125,148.74000549316406,149.94000244140625,149.94000244140625,899400,0.0,0.0,KEYS
2025-03-13 00:00:00-04:00,149.74000549316406,150.5,147.14999389648438,148.16000366210938,148.16000366210938,915200,0.0,0.0,KEYS
2025-03-14 00:00:00-04:00,150.0,152.1999969482422,147.99000549316406,152.02999877929688,152.02999877929688,758400,0.0,0.0,KEYS
2025-03-17 00:00:00-04:00,151.5800018310547,155.2899932861328,150.76499938964844,154.24000549316406,154.24000549316406,584700,0.0,0.0,KEYS
2025-03-18 00:00:00-04:00,153.05999755859375,153.77000427246094,152.00999450683594,152.72999572753906,152.72999572753906,664800,0.0,0.0,KEYS
2025-03-19 00:00:00-04:00,153.3300018310547,157.5500030517578,152.9929962158203,155.47000122070312,155.47000122070312,946800,0.0,0.0,KEYS
2025-03-20 00:00:00-04:00,154.1699981689453,156.75,154.1699981689453,155.1300048828125,155.1300048828125,714400,0.0,0.0,KEYS
2025-03-21 00:00:00-04:00,154.0399932861328,155.0,152.1699981689453,154.55999755859375,154.55999755859375,1244100,0.0,0.0,KEYS
2025-03-24 00:00:00-04:00,157.13999938964844,159.24000549316406,156.6649932861328,158.72000122070312,158.72000122070312,737400,0.0,0.0,KEYS
2025-03-25 00:00:00-04:00,158.13999938964844,159.57000732421875,156.9600067138672,158.47000122070312,158.47000122070312,657900,0.0,0.0,KEYS
2025-03-26 00:00:00-04:00,158.69000244140625,159.1009979248047,155.42999267578125,156.39999389648438,156.39999389648438,566000,0.0,0.0,KEYS
2025-03-27 00:00:00-04:00,155.7899932861328,156.35000610351562,152.88499450683594,155.14999389648438,155.14999389648438,742500,0.0,0.0,KEYS
2025-03-28 00:00:00-04:00,154.2899932861328,155.0,149.52999877929688,150.3300018310547,150.3300018310547,767600,0.0,0.0,KEYS
2025-03-31 00:00:00-04:00,147.1699981689453,150.74000549316406,143.97999572753906,149.77000427246094,149.77000427246094,1442400,0.0,0.0,KEYS
2025-04-01 00:00:00-04:00,149.5800018310547,151.3800048828125,148.02999877929688,150.0399932861328,150.0399932861328,635500,0.0,0.0,KEYS
2025-04-02 00:00:00-04:00,148.00999450683594,152.5800018310547,147.94500732421875,151.7100067138672,151.7100067138672,819100,0.0,0.0,KEYS
2025-04-03 00:00:00-04:00,146.30999755859375,146.30999755859375,134.21800231933594,135.72999572753906,135.72999572753906,1319600,0.0,0.0,KEYS
2025-04-04 00:00:00-04:00,132.33999633789062,133.77000427246094,123.9000015258789,127.0199966430664,127.0199966430664,2107000,0.0,0.0,KEYS
2025-04-07 00:00:00-04:00,124.0,134.89999389648438,121.43000030517578,129.88999938964844,129.88999938964844,1801100,0.0,0.0,KEYS
2025-04-08 00:00:00-04:00,134.75999450683594,135.9600067138672,125.01000213623047,127.95999908447266,127.95999908447266,1221500,0.0,0.0,KEYS
2025-04-09 00:00:00-04:00,127.16999816894531,143.77000427246094,126.04000091552734,142.5,142.5,2011200,0.0,0.0,KEYS
2025-04-10 00:00:00-04:00,137.3249969482422,137.67999267578125,129.25999450683594,133.41000366210938,133.41000366210938,1364600,0.0,0.0,KEYS
2025-04-11 00:00:00-04:00,131.75,134.4499969482422,129.2949981689453,133.58999633789062,133.58999633789062,1591000,0.0,0.0,KEYS
2025-04-14 00:00:00-04:00,138.22999572753906,138.39999389648438,134.8300018310547,136.38999938964844,136.38999938964844,1322600,0.0,0.0,KEYS
2025-04-15 00:00:00-04:00,136.50999450683594,139.0800018310547,136.19500732421875,136.88999938964844,136.88999938964844,709100,0.0,0.0,KEYS
2025-04-16 00:00:00-04:00,134.66000366210938,136.52499389648438,132.6300048828125,134.7899932861328,134.7899932861328,1016400,0.0,0.0,KEYS
2025-04-17 00:00:00-04:00,135.69000244140625,136.94500732421875,134.7899932861328,135.4600067138672,135.4600067138672,707800,0.0,0.0,KEYS
2025-04-21 00:00:00-04:00,133.1999969482422,133.83200073242188,129.8780059814453,131.8800048828125,131.8800048828125,778400,0.0,0.0,KEYS
2025-04-22 00:00:00-04:00,133.7100067138672,135.97000122070312,133.3300018310547,135.11000061035156,135.11000061035156,708000,0.0,0.0,KEYS
2025-04-23 00:00:00-04:00,141.5399932861328,143.74000549316406,136.8249969482422,137.2899932861328,137.2899932861328,911900,0.0,0.0,KEYS
2025-04-24 00:00:00-04:00,138.66000366210938,144.1699981689453,137.08999633789062,143.7899932861328,143.7899932861328,1825600,0.0,0.0,KEYS
2025-04-25 00:00:00-04:00,143.3699951171875,144.1699981689453,141.8000030517578,144.00999450683594,144.00999450683594,802100,0.0,0.0,KEYS
2025-04-28 00:00:00-04:00,143.47000122070312,145.22000122070312,141.67999267578125,143.94000244140625,143.94000244140625,734800,0.0,0.0,KEYS
2025-04-29 00:00:00-04:00,143.19000244140625,145.4600067138672,142.8249969482422,144.5500030517578,144.5500030517578,646400,0.0,0.0,KEYS
2025-04-30 00:00:00-04:00,141.6699981689453,145.97999572753906,140.7270050048828,145.39999389648438,145.39999389648438,1122000,0.0,0.0,KEYS
2025-05-01 00:00:00-04:00,146.30999755859375,147.53500366210938,144.86000061035156,145.5399932861328,145.5399932861328,920400,0.0,0.0,KEYS
2025-05-02 00:00:00-04:00,148.49000549316406,150.27000427246094,147.55999755859375,148.52000427246094,148.52000427246094,979400,0.0,0.0,KEYS
2025-05-05 00:00:00-04:00,147.05999755859375,148.5850067138672,146.625,147.2899932861328,147.2899932861328,715800,0.0,0.0,KEYS
2025-05-06 00:00:00-04:00,145.55999755859375,147.5500030517578,145.5050048828125,146.5399932861328,146.5399932861328,563600,0.0,0.0,KEYS
2025-05-07 00:00:00-04:00,146.6300048828125,149.75,146.22999572753906,149.5500030517578,149.5500030517578,963500,0.0,0.0,KEYS
2025-05-08 00:00:00-04:00,151.5,154.0800018310547,150.52000427246094,152.24000549316406,152.24000549316406,830100,0.0,0.0,KEYS
2025-05-09 00:00:00-04:00,153.77000427246094,154.50999450683594,152.52000427246094,154.1199951171875,154.1199951171875,784500,0.0,0.0,KEYS
2025-05-12 00:00:00-04:00,161.39500427246094,162.92999267578125,160.47000122070312,162.6300048828125,162.6300048828125,1062600,0.0,0.0,KEYS
2025-05-13 00:00:00-04:00,163.47000122070312,165.96499633789062,162.9499969482422,165.05999755859375,165.05999755859375,781500,0.0,0.0,KEYS
2025-05-14 00:00:00-04:00,164.5399932861328,165.64999389648438,163.47000122070312,164.4600067138672,164.4600067138672,847400,0.0,0.0,KEYS
2025-05-15 00:00:00-04:00,163.38999938964844,164.94000244140625,163.0,164.77999877929688,164.77999877929688,704300,0.0,0.0,KEYS
2025-05-16 00:00:00-04:00,164.52999877929688,165.85000610351562,163.86000061035156,165.39999389648438,165.39999389648438,810900,0.0,0.0,KEYS
2025-05-19 00:00:00-04:00,162.08999633789062,163.5800018310547,162.08999633789062,162.77000427246094,162.77000427246094,1042400,0.0,0.0,KEYS
2025-05-20 00:00:00-04:00,161.4199981689453,163.6999969482422,160.39999389648438,162.8000030517578,162.8000030517578,1839900,0.0,0.0,KEYS
2025-05-21 00:00:00-04:00,171.60000610351562,174.97999572753906,161.50999450683594,162.47000122070312,162.47000122070312,2412400,0.0,0.0,KEYS
2025-05-22 00:00:00-04:00,162.17999267578125,162.72000122070312,159.7899932861328,161.74000549316406,161.74000549316406,1158100,0.0,0.0,KEYS
2025-05-23 00:00:00-04:00,158.44000244140625,160.6300048828125,157.85000610351562,160.02999877929688,160.02999877929688,874700,0.0,0.0,KEYS
2025-05-27 00:00:00-04:00,162.30999755859375,162.7899932861328,160.82000732421875,162.25999450683594,162.25999450683594,795900,0.0,0.0,KEYS
2025-05-28 00:00:00-04:00,162.41000366210938,162.6999969482422,157.85000610351562,158.5399932861328,158.5399932861328,1315400,0.0,0.0,KEYS
2025-05-29 00:00:00-04:00,159.97999572753906,160.2969970703125,157.4600067138672,158.66000366210938,158.66000366210938,973600,0.0,0.0,KEYS
2025-05-30 00:00:00-04:00,157.77999877929688,158.52000427246094,155.1999969482422,157.0399932861328,157.0399932861328,2098200,0.0,0.0,KEYS
2025-06-02 00:00:00-04:00,157.3000030517578,158.38999938964844,155.63999938964844,158.36000061035156,158.36000061035156,861900,0.0,0.0,KEYS
2025-06-03 00:00:00-04:00,158.36000061035156,161.3800048828125,157.8300018310547,160.7899932861328,160.7899932861328,923400,0.0,0.0,KEYS
2025-06-04 00:00:00-04:00,161.5399932861328,161.77999877929688,159.50999450683594,161.05999755859375,161.05999755859375,689600,0.0,0.0,KEYS
2025-06-05 00:00:00-04:00,161.3800048828125,161.47999572753906,158.66000366210938,159.8300018310547,159.8300018310547,693800,0.0,0.0,KEYS
2025-06-06 00:00:00-04:00,161.52999877929688,162.5449981689453,160.97999572753906,161.9499969482422,161.9499969482422,671800,0.0,0.0,KEYS
2025-06-09 00:00:00-04:00,163.0,163.99000549316406,161.9499969482422,162.55999755859375,162.55999755859375,598400,0.0,0.0,KEYS
2025-06-10 00:00:00-04:00,163.3000030517578,164.0,162.38999938964844,163.61000061035156,163.61000061035156,605600,0.0,0.0,KEYS
2025-06-11 00:00:00-04:00,163.9600067138672,163.9600067138672,161.96499633789062,162.5,162.5,628500,0.0,0.0,KEYS
2025-06-12 00:00:00-04:00,162.6300048828125,163.68499755859375,160.99400329589844,162.0,162.0,511200,0.0,0.0,KEYS
2025-06-13 00:00:00-04:00,158.97999572753906,160.5,157.61000061035156,158.19000244140625,158.19000244140625,628100,0.0,0.0,KEYS
2025-06-16 00:00:00-04:00,160.22000122070312,162.3000030517578,159.77999877929688,162.27000427246094,162.27000427246094,815300,0.0,0.0,KEYS
2025-06-17 00:00:00-04:00,161.0800018310547,163.33999633789062,160.41000366210938,160.49000549316406,160.49000549316406,583500,0.0,0.0,KEYS
2025-06-18 00:00:00-04:00,161.41000366210938,162.60000610351562,159.67999267578125,160.13999938964844,160.13999938964844,672400,0.0,0.0,KEYS
2025-06-20 00:00:00-04:00,160.97999572753906,161.30999755859375,158.1199951171875,159.36000061035156,159.36000061035156,1955800,0.0,0.0,KEYS
2025-06-23 00:00:00-04:00,158.47999572753906,161.1199951171875,157.88999938964844,161.07000732421875,161.07000732421875,1027600,0.0,0.0,KEYS
2025-06-24 00:00:00-04:00,163.0,164.74000549316406,160.9149932861328,164.72999572753906,164.72999572753906,1077200,0.0,0.0,KEYS
2025-06-25 00:00:00-04:00,165.0,165.3000030517578,163.6699981689453,164.1199951171875,164.1199951171875,540500,0.0,0.0,KEYS
2025-06-26 00:00:00-04:00,164.77000427246094,165.85000610351562,164.44000244140625,164.94000244140625,164.94000244140625,720500,0.0,0.0,KEYS
2025-06-27 00:00:00-04:00,165.0399932861328,165.60499572753906,162.69000244140625,164.33999633789062,164.33999633789062,1123800,0.0,0.0,KEYS
2025-06-30 00:00:00-04:00,164.63999938964844,165.0800018310547,162.9600067138672,163.86000061035156,163.86000061035156,1037400,0.0,0.0,KEYS
2025-07-01 00:00:00-04:00,163.14999389648438,166.0500030517578,162.0500030517578,164.47000122070312,164.47000122070312,948100,0.0,0.0,KEYS
2025-07-02 00:00:00-04:00,164.0800018310547,165.63999938964844,162.11000061035156,165.52000427246094,165.52000427246094,700500,0.0,0.0,KEYS
2025-07-03 00:00:00-04:00,166.0399932861328,167.38999938964844,161.64500427246094,167.0500030517578,167.0500030517578,478800,0.0,0.0,KEYS
2025-07-07 00:00:00-04:00,165.4199981689453,167.14999389648438,162.24000549316406,162.4499969482422,162.4499969482422,744700,0.0,0.0,KEYS
2025-07-08 00:00:00-04:00,164.02999877929688,164.93499755859375,162.91000366210938,163.50999450683594,163.50999450683594,1048000,0.0,0.0,KEYS
2025-07-09 00:00:00-04:00,164.14999389648438,164.52000427246094,161.7550048828125,163.89999389648438,163.89999389648438,748500,0.0,0.0,KEYS
2025-07-10 00:00:00-04:00,164.5500030517578,165.86000061035156,163.3300018310547,164.83999633789062,164.83999633789062,768200,0.0,0.0,KEYS
2025-07-11 00:00:00-04:00,163.5,164.5399932861328,163.25,163.69000244140625,163.69000244140625,734200,0.0,0.0,KEYS
2025-07-14 00:00:00-04:00,162.72999572753906,164.09500122070312,161.3000030517578,163.33999633789062,163.33999633789062,612100,0.0,0.0,KEYS
2025-07-15 00:00:00-04:00,164.69000244140625,164.69000244140625,161.75999450683594,161.9600067138672,161.9600067138672,975000,0.0,0.0,KEYS
2025-07-16 00:00:00-04:00,162.05999755859375,162.2899932861328,157.90499877929688,160.25999450683594,160.25999450683594,778700,0.0,0.0,KEYS
2025-07-17 00:00:00-04:00,160.2899932861328,163.4199981689453,160.26499938964844,163.05999755859375,163.05999755859375,803200,0.0,0.0,KEYS
2025-07-18 00:00:00-04:00,163.5500030517578,164.11000061035156,161.44000244140625,162.4499969482422,162.4499969482422,703800,0.0,0.0,KEYS
2025-07-21 00:00:00-04:00,163.6300048828125,164.3000030517578,162.77999877929688,163.0,163.0,664200,0.0,0.0,KEYS
2025-07-22 00:00:00-04:00,162.88999938964844,165.89999389648438,162.3300018310547,165.27000427246094,165.27000427246094,692400,0.0,0.0,KEYS
2025-07-23 00:00:00-04:00,166.0,168.11000061035156,164.75999450683594,167.99000549316406,167.99000549316406,755800,0.0,0.0,KEYS
2025-07-24 00:00:00-04:00,167.00999450683594,167.13499450683594,164.77499389648438,165.61000061035156,165.61000061035156,758400,0.0,0.0,KEYS
2025-07-25 00:00:00-04:00,165.42999267578125,166.73500061035156,164.97000122070312,166.4499969482422,166.4499969482422,766700,0.0,0.0,KEYS
2025-07-28 00:00:00-04:00,166.49000549316406,167.36500549316406,165.8300018310547,166.60000610351562,166.60000610351562,652000,0.0,0.0,KEYS
2025-07-29 00:00:00-04:00,168.10000610351562,168.61000061035156,165.92999267578125,167.00999450683594,167.00999450683594,791700,0.0,0.0,KEYS
2025-07-30 00:00:00-04:00,168.0,168.72999572753906,166.0399932861328,167.5500030517578,167.5500030517578,887100,0.0,0.0,KEYS
2025-07-31 00:00:00-04:00,166.47000122070312,167.64999389648438,163.88499450683594,163.91000366210938,163.91000366210938,791200,0.0,0.0,KEYS
2025-08-01 00:00:00-04:00,161.05999755859375,161.05999755859375,156.1300048828125,158.67999267578125,158.67999267578125,853200,0.0,0.0,KEYS
2025-08-04 00:00:00-04:00,159.44000244140625,161.8350067138672,158.72000122070312,161.72000122070312,161.72000122070312,1028600,0.0,0.0,KEYS
2025-08-05 00:00:00-04:00,162.63999938964844,162.97000122070312,158.75999450683594,161.32000732421875,161.32000732421875,1014500,0.0,0.0,KEYS
2025-08-06 00:00:00-04:00,161.89999389648438,162.1959991455078,159.7550048828125,160.75,160.75,666600,0.0,0.0,KEYS
2025-08-07 00:00:00-04:00,162.99000549316406,162.99000549316406,160.0,161.25,161.25,589600,0.0,0.0,KEYS
2025-08-08 00:00:00-04:00,162.44000244140625,165.9199981689453,161.39999389648438,164.9600067138672,164.9600067138672,715600,0.0,0.0,KEYS
2025-08-11 00:00:00-04:00,164.74000549316406,165.89999389648438,161.25,161.49000549316406,161.49000549316406,744600,0.0,0.0,KEYS
2025-08-12 00:00:00-04:00,162.4499969482422,167.16000366210938,161.9199981689453,167.08999633789062,167.08999633789062,857700,0.0,0.0,KEYS
2025-08-13 00:00:00-04:00,167.74000549316406,170.5399932861328,167.33999633789062,170.22000122070312,170.22000122070312,1158400,0.0,0.0,KEYS
2025-08-14 00:00:00-04:00,168.25,168.52499389648438,162.72000122070312,164.47999572753906,164.47999572753906,841700,0.0,0.0,KEYS
2025-08-15 00:00:00-04:00,164.5500030517578,164.5500030517578,162.6199951171875,163.39999389648438,163.39999389648438,1061200,0.0,0.0,KEYS
2025-08-18 00:00:00-04:00,163.6199951171875,165.3800048828125,163.44000244140625,164.42999267578125,164.42999267578125,1411100,0.0,0.0,KEYS
2025-08-19 00:00:00-04:00,165.00999450683594,166.1999969482422,163.1199951171875,163.47999572753906,163.47999572753906,1546300,0.0,0.0,KEYS
2025-08-20 00:00:00-04:00,155.8699951171875,158.8800048828125,152.8459930419922,158.50999450683594,158.50999450683594,2598700,0.0,0.0,KEYS
2025-08-21 00:00:00-04:00,157.97999572753906,160.7100067138672,157.72500610351562,160.58999633789062,160.58999633789062,1209600,0.0,0.0,KEYS
2025-08-22 00:00:00-04:00,162.1699981689453,167.98500061035156,161.16000366210938,166.8699951171875,166.8699951171875,1035100,0.0,0.0,KEYS
2025-08-25 00:00:00-04:00,166.50999450683594,166.69000244140625,164.69000244140625,165.32000732421875,165.32000732421875,798000,0.0,0.0,KEYS
2025-08-26 00:00:00-04:00,165.1999969482422,166.7449951171875,164.1699981689453,164.38999938964844,164.38999938964844,1296600,0.0,0.0,KEYS
2025-08-27 00:00:00-04:00,163.97999572753906,165.3800048828125,163.65499877929688,165.02000427246094,165.02000427246094,771500,0.0,0.0,KEYS
2025-08-28 00:00:00-04:00,165.86000061035156,166.55999755859375,164.72000122070312,166.52999877929688,166.52999877929688,958500,0.0,0.0,KEYS
2025-08-29 00:00:00-04:00,165.66000366210938,165.85000610351562,163.11000061035156,163.42999267578125,163.42999267578125,703400,0.0,0.0,KEYS
2025-09-02 00:00:00-04:00,159.88999938964844,163.8800048828125,159.82000732421875,163.7899932861328,163.7899932861328,1298500,0.0,0.0,KEYS
2025-09-03 00:00:00-04:00,163.82000732421875,165.94000244140625,163.82000732421875,165.32000732421875,165.32000732421875,976100,0.0,0.0,KEYS
2025-09-04 00:00:00-04:00,165.27999877929688,166.9600067138672,163.97000122070312,166.9499969482422,166.9499969482422,816500,0.0,0.0,KEYS
2025-09-05 00:00:00-04:00,168.0,169.91000366210938,165.82000732421875,167.89999389648438,167.89999389648438,957200,0.0,0.0,KEYS
2025-09-08 00:00:00-04:00,168.0,169.36000061035156,166.6999969482422,169.2899932861328,169.2899932861328,872200,0.0,0.0,KEYS
2025-09-09 00:00:00-04:00,169.19000244140625,169.23500061035156,167.37600708007812,169.10000610351562,169.10000610351562,739600,0.0,0.0,KEYS
2025-09-10 00:00:00-04:00,169.0,170.83999633789062,168.90499877929688,170.2100067138672,170.2100067138672,1008000,0.0,0.0,KEYS
2025-09-11 00:00:00-04:00,171.36000061035156,172.99000549316406,169.44000244140625,172.3699951171875,172.3699951171875,1069000,0.0,0.0,KEYS
2025-09-12 00:00:00-04:00,171.97999572753906,172.30999755859375,169.39500427246094,170.5399932861328,170.5399932861328,812100,0.0,0.0,KEYS
2025-09-15 00:00:00-04:00,170.97000122070312,172.96499633789062,170.4199981689453,171.75999450683594,171.75999450683594,598500,0.0,0.0,KEYS
2025-09-16 00:00:00-04:00,172.32000732421875,173.0500030517578,171.0749969482422,172.07000732421875,172.07000732421875,817600,0.0,0.0,KEYS
2025-09-17 00:00:00-04:00,172.66000366210938,175.10000610351562,171.27000427246094,172.91000366210938,172.91000366210938,869900,0.0,0.0,KEYS
2025-09-18 00:00:00-04:00,174.47999572753906,177.9499969482422,173.55499267578125,177.2100067138672,177.2100067138672,798000,0.0,0.0,KEYS
2025-09-19 00:00:00-04:00,178.00999450683594,179.49000549316406,175.44000244140625,178.14999389648438,178.14999389648438,2324500,0.0,0.0,KEYS
2025-09-22 00:00:00-04:00,176.83999633789062,178.1300048828125,174.9600067138672,177.82000732421875,177.82000732421875,1121400,0.0,0.0,KEYS
2025-09-23 00:00:00-04:00,178.14999389648438,180.0800018310547,177.5749969482422,177.89999389648438,177.89999389648438,961100,0.0,0.0,KEYS
2025-09-24 00:00:00-04:00,177.64999389648438,178.0449981689453,174.25,174.41000366210938,174.41000366210938,1189800,0.0,0.0,KEYS
2025-09-25 00:00:00-04:00,172.19000244140625,172.8000030517578,170.5449981689453,172.3300018310547,172.3300018310547,1072900,0.0,0.0,KEYS
2025-09-26 00:00:00-04:00,172.44000244140625,174.13499450683594,171.88499450683594,173.33999633789062,173.33999633789062,978400,0.0,0.0,KEYS
2025-09-29 00:00:00-04:00,175.11000061035156,175.11000061035156,173.05999755859375,173.27999877929688,173.27999877929688,989300,0.0,0.0,KEYS
2025-09-30 00:00:00-04:00,173.64999389648438,175.2100067138672,173.26499938964844,174.9199981689453,174.9199981689453,718300,0.0,0.0,KEYS
2025-10-01 00:00:00-04:00,174.0,174.2100067138672,172.02000427246094,173.10000610351562,173.10000610351562,1141000,0.0,0.0,KEYS
2025-10-02 00:00:00-04:00,173.94000244140625,175.1999969482422,173.0399932861328,175.16000366210938,175.16000366210938,1103100,0.0,0.0,KEYS
2025-10-03 00:00:00-04:00,175.80999755859375,176.85000610351562,173.22999572753906,173.35000610351562,173.35000610351562,914500,0.0,0.0,KEYS
2025-10-06 00:00:00-04:00,175.17999267578125,175.7899932861328,173.1699981689453,173.33999633789062,173.33999633789062,817600,0.0,0.0,KEYS
2025-10-07 00:00:00-04:00,174.27000427246094,174.6699981689453,169.27999877929688,170.07000732421875,170.07000732421875,736300,0.0,0.0,KEYS
2025-10-08 00:00:00-04:00,170.49000549316406,172.99000549316406,169.90499877929688,172.17999267578125,172.17999267578125,905000,0.0,0.0,KEYS
2025-10-09 00:00:00-04:00,172.7100067138672,172.9499969482422,170.0,171.10000610351562,171.10000610351562,673500,0.0,0.0,KEYS
2025-10-10 00:00:00-04:00,168.0,169.51800537109375,158.7899932861328,159.49000549316406,159.49000549316406,1677800,0.0,0.0,KEYS
2025-10-13 00:00:00-04:00,162.6699981689453,164.69000244140625,161.3350067138672,163.35000610351562,163.35000610351562,1191300,0.0,0.0,KEYS
2025-10-14 00:00:00-04:00,160.77000427246094,166.2899932861328,160.50999450683594,164.83999633789062,164.83999633789062,948700,0.0,0.0,KEYS
2025-10-15 00:00:00-04:00,167.1699981689453,167.1699981689453,163.36000061035156,164.83999633789062,164.83999633789062,1479700,0.0,0.0,KEYS
2025-10-16 00:00:00-04:00,165.97999572753906,166.14999389648438,161.5399932861328,162.41000366210938,162.41000366210938,1341600,0.0,0.0,KEYS
2025-10-17 00:00:00-04:00,161.41000366210938,163.0,161.1649932861328,162.19000244140625,162.19000244140625,795000,0.0,0.0,KEYS
2025-10-20 00:00:00-04:00,163.77999877929688,165.67999267578125,163.27999877929688,164.75,164.75,864400,0.0,0.0,KEYS
2025-10-21 00:00:00-04:00,164.39999389648438,168.60000610351562,164.39999389648438,167.33999633789062,167.33999633789062,732500,0.0,0.0,KEYS
2025-10-22 00:00:00-04:00,166.42999267578125,168.1999969482422,163.32000732421875,164.69000244140625,164.69000244140625,998200,0.0,0.0,KEYS
2025-10-23 00:00:00-04:00,164.52999877929688,168.7899932861328,164.52999877929688,168.3800048828125,168.3800048828125,990900,0.0,0.0,KEYS
2025-10-24 00:00:00-04:00,170.6699981689453,171.13499450683594,169.3800048828125,169.47000122070312,169.47000122070312,666500,0.0,0.0,KEYS
2025-10-27 00:00:00-04:00,169.19000244140625,169.19000244140625,165.82000732421875,167.77000427246094,167.77000427246094,1769000,0.0,0.0,KEYS
2025-10-28 00:00:00-04:00,166.94000244140625,170.5,165.05999755859375,170.0399932861328,170.0399932861328,1280200,0.0,0.0,KEYS
2025-10-29 00:00:00-04:00,171.7100067138672,173.07000732421875,169.39500427246094,170.47000122070312,170.47000122070312,1335400,0.0,0.0,KEYS
2025-10-30 00:00:00-04:00,170.4600067138672,176.8300018310547,169.68499755859375,175.3699951171875,175.3699951171875,1684900,0.0,0.0,KEYS
2025-10-31 00:00:00-04:00,176.83999633789062,184.4600067138672,176.2100067138672,182.9600067138672,182.9600067138672,2409500,0.0,0.0,KEYS
2025-11-03 00:00:00-05:00,182.16000366210938,187.11000061035156,181.49000549316406,186.17999267578125,186.17999267578125,2182400,0.0,0.0,KEYS
2025-11-04 00:00:00-05:00,183.3350067138672,183.3350067138672,178.52499389648438,179.10000610351562,179.10000610351562,1327200,0.0,0.0,KEYS
2025-11-05 00:00:00-05:00,179.67999267578125,187.1199951171875,178.63499450683594,185.85000610351562,185.85000610351562,1629200,0.0,0.0,KEYS
2025-11-06 00:00:00-05:00,186.47000122070312,187.6699981689453,182.4250030517578,185.0500030517578,185.0500030517578,1030000,0.0,0.0,KEYS
2025-11-07 00:00:00-05:00,183.1199951171875,184.0800018310547,177.2050018310547,180.8699951171875,180.8699951171875,1297400,0.0,0.0,KEYS
2025-11-10 00:00:00-05:00,183.11000061035156,185.0,182.0,183.50999450683594,183.50999450683594,1031100,0.0,0.0,KEYS
2025-11-11 00:00:00-05:00,183.7100067138672,184.41000366210938,181.36000061035156,182.4600067138672,182.4600067138672,1186100,0.0,0.0,KEYS
2025-11-12 00:00:00-05:00,184.49000549316406,185.89999389648438,183.51499938964844,184.0500030517578,184.0500030517578,999200,0.0,0.0,KEYS
2025-11-13 00:00:00-05:00,182.61000061035156,184.11000061035156,177.27000427246094,178.3699951171875,178.3699951171875,1007100,0.0,0.0,KEYS
2025-11-14 00:00:00-05:00,175.50999450683594,180.75999450683594,175.3699951171875,179.05999755859375,179.05999755859375,1191900,0.0,0.0,KEYS
2025-11-17 00:00:00-05:00,178.0,178.3800048828125,173.38800048828125,175.50999450683594,175.50999450683594,987900,0.0,0.0,KEYS
2025-11-18 00:00:00-05:00,174.25999450683594,177.11000061035156,172.375,174.72999572753906,174.72999572753906,812700,0.0,0.0,KEYS
2025-11-19 00:00:00-05:00,174.7899932861328,176.88999938964844,172.0,174.61000061035156,174.61000061035156,822000,0.0,0.0,KEYS
2025-11-20 00:00:00-05:00,178.2100067138672,179.57000732421875,168.97000122070312,169.6699981689453,169.6699981689453,1199600,0.0,0.0,KEYS
2025-11-21 00:00:00-05:00,170.0500030517578,173.52999877929688,167.22999572753906,172.7100067138672,172.7100067138672,2183900,0.0,0.0,KEYS
2025-11-24 00:00:00-05:00,173.99000549316406,180.0399932861328,173.35800170898438,177.6699981689453,177.6699981689453,2828000,0.0,0.0,KEYS
2025-11-25 00:00:00-05:00,200.5,201.5,188.55999755859375,195.4600067138672,195.4600067138672,3898500,0.0,0.0,KEYS
2025-11-26 00:00:00-05:00,195.0,196.94000244140625,193.00999450683594,196.19000244140625,196.19000244140625,1641200,0.0,0.0,KEYS
2025-11-28 00:00:00-05:00,196.4600067138672,199.5,195.9949951171875,197.9499969482422,197.9499969482422,829700,0.0,0.0,KEYS
2025-12-01 00:00:00-05:00,196.4199981689453,198.97500610351562,196.39999389648438,197.5399932861328,197.5399932861328,979700,0.0,0.0,KEYS
2025-12-02 00:00:00-05:00,198.39999389648438,202.1699981689453,197.66000366210938,201.39999389648438,201.39999389648438,1357100,0.0,0.0,KEYS
2025-12-03 00:00:00-05:00,200.83999633789062,206.85000610351562,199.4340057373047,206.61000061035156,206.61000061035156,1157100,0.0,0.0,KEYS
2025-12-04 00:00:00-05:00,206.32000732421875,209.8699951171875,205.85000610351562,209.07000732421875,209.07000732421875,1103000,0.0,0.0,KEYS
2025-12-05 00:00:00-05:00,209.22000122070312,211.57000732421875,208.8040008544922,210.49000549316406,210.49000549316406,1159900,0.0,0.0,KEYS
2025-12-08 00:00:00-05:00,211.89999389648438,212.9250030517578,208.3699951171875,209.6199951171875,209.6199951171875,1001500,0.0,0.0,KEYS
2025-12-09 00:00:00-05:00,208.9600067138672,212.36000061035156,208.93499755859375,210.4600067138672,210.4600067138672,1012600,0.0,0.0,KEYS
2025-12-10 00:00:00-05:00,210.24000549316406,214.42999267578125,209.72999572753906,212.77999877929688,212.77999877929688,1198900,0.0,0.0,KEYS
2025-12-11 00:00:00-05:00,212.77999877929688,214.5800018310547,210.4969940185547,214.13999938964844,214.13999938964844,756300,0.0,0.0,KEYS
2025-12-12 00:00:00-05:00,213.22000122070312,214.05999755859375,208.07000732421875,208.80999755859375,208.80999755859375,1151400,0.0,0.0,KEYS
2025-12-15 00:00:00-05:00,210.52000427246094,210.52000427246094,206.47999572753906,207.47999572753906,207.47999572753906,909500,0.0,0.0,KEYS
2025-12-16 00:00:00-05:00,207.3300018310547,208.02000427246094,203.74000549316406,204.8699951171875,204.8699951171875,1274700,0.0,0.0,KEYS
2025-12-17 00:00:00-05:00,205.97000122070312,207.1999969482422,196.38999938964844,198.52999877929688,198.52999877929688,1798300,0.0,0.0,KEYS
2025-12-18 00:00:00-05:00,202.25999450683594,203.86000061035156,197.9199981689453,199.52999877929688,199.52999877929688,1461700,0.0,0.0,KEYS
2025-12-19 00:00:00-05:00,200.27999877929688,203.99000549316406,199.73500061035156,202.47000122070312,202.47000122070312,2985200,0.0,0.0,KEYS
2025-12-22 00:00:00-05:00,204.35000610351562,205.5,203.44000244140625,203.7100067138672,203.7100067138672,782100,0.0,0.0,KEYS
2025-12-23 00:00:00-05:00,202.19000244140625,205.7550048828125,202.0,205.25,205.25,752600,0.0,0.0,KEYS
2025-12-24 00:00:00-05:00,205.5,207.5800018310547,205.08999633789062,205.3300018310547,205.3300018310547,434800,0.0,0.0,KEYS
2025-12-26 00:00:00-05:00,205.8000030517578,206.5,204.86000061035156,206.0399932861328,206.0399932861328,462900,0.0,0.0,KEYS
2025-12-29 00:00:00-05:00,204.75,207.58999633789062,204.75,206.85000610351562,206.85000610351562,653700,0.0,0.0,KEYS
2025-12-30 00:00:00-05:00,206.52999877929688,207.82000732421875,205.63999938964844,206.00999450683594,206.00999450683594,592100,0.0,0.0,KEYS
2025-12-31 00:00:00-05:00,206.1999969482422,206.7100067138672,203.0800018310547,203.19000244140625,203.19000244140625,599900,0.0,0.0,KEYS
2026-01-02 00:00:00-05:00,205.30999755859375,207.0500030517578,203.72000122070312,206.58999633789062,206.58999633789062,632700,0.0,0.0,KEYS
2026-01-05 00:00:00-05:00,207.57000732421875,211.5,207.57000732421875,208.82000732421875,208.82000732421875,847000,0.0,0.0,KEYS
2026-01-06 00:00:00-05:00,207.77999877929688,214.39999389648438,206.8300018310547,213.63999938964844,213.63999938964844,1003500,0.0,0.0,KEYS
2026-01-07 00:00:00-05:00,213.0,213.80999755859375,211.05999755859375,212.32000732421875,212.32000732421875,1136400,0.0,0.0,KEYS
2026-01-08 00:00:00-05:00,211.07000732421875,213.13999938964844,205.19000244140625,206.6699981689453,206.6699981689453,1386900,0.0,0.0,KEYS
2026-01-09 00:00:00-05:00,207.30999755859375,210.5800018310547,206.1999969482422,207.3000030517578,207.3000030517578,718300,0.0,0.0,KEYS
2026-01-12 00:00:00-05:00,205.9600067138672,209.3300018310547,205.0,208.72999572753906,208.72999572753906,884200,0.0,0.0,KEYS
2026-01-13 00:00:00-05:00,209.0,211.0,208.00999450683594,209.3000030517578,209.3000030517578,1156400,0.0,0.0,KEYS
2026-01-14 00:00:00-05:00,209.10000610351562,212.15499877929688,208.47000122070312,209.39999389648438,209.39999389648438,1005200,0.0,0.0,KEYS
2026-01-15 00:00:00-05:00,214.27000427246094,218.14999389648438,211.82000732421875,214.5,214.5,1462400,0.0,0.0,KEYS
2026-01-16 00:00:00-05:00,214.69000244140625,216.50999450683594,212.1999969482422,214.1999969482422,214.1999969482422,1109600,0.0,0.0,KEYS
2026-01-20 00:00:00-05:00,209.9499969482422,215.41000366210938,206.49200439453125,211.9600067138672,211.9600067138672,1005000,0.0,0.0,KEYS
2026-01-21 00:00:00-05:00,212.80999755859375,216.75,211.52999877929688,216.69000244140625,216.69000244140625,987500,0.0,0.0,KEYS
2026-01-22 00:00:00-05:00,218.8000030517578,220.11500549316406,214.46499633789062,215.72000122070312,215.72000122070312,832300,0.0,0.0,KEYS
2026-01-23 00:00:00-05:00,214.32000732421875,216.97500610351562,211.97000122070312,212.94000244140625,212.94000244140625,796900,0.0,0.0,KEYS
2026-01-26 00:00:00-05:00,213.32000732421875,215.99000549316406,212.4250030517578,214.36000061035156,214.36000061035156,795300,0.0,0.0,KEYS
2026-01-27 00:00:00-05:00,215.75,218.27000427246094,213.17999267578125,217.82000732421875,217.82000732421875,1001500,0.0,0.0,KEYS
2026-01-28 00:00:00-05:00,218.1300048828125,221.58999633789062,216.97000122070312,221.5,221.5,1458200,0.0,0.0,KEYS
2026-01-29 00:00:00-05:00,223.6699981689453,225.0,217.85499572753906,221.1699981689453,221.1699981689453,1195800,0.0,0.0,KEYS
2026-01-30 00:00:00-05:00,219.0,221.68499755859375,214.89999389648438,216.3300018310547,216.3300018310547,1157900,0.0,0.0,KEYS
2026-02-02 00:00:00-05:00,215.9199981689453,224.69500732421875,215.9199981689453,223.25999450683594,223.25999450683594,1030500,0.0,0.0,KEYS
2026-02-03 00:00:00-05:00,225.0,228.0,222.4199981689453,227.16000366210938,227.16000366210938,1308500,0.0,0.0,KEYS
2026-02-04 00:00:00-05:00,227.30999755859375,232.9199981689453,217.6199951171875,221.60000610351562,221.60000610351562,1833300,0.0,0.0,KEYS
2026-02-05 00:00:00-05:00,218.94000244140625,223.20899963378906,214.49000549316406,221.52000427246094,221.52000427246094,784600,0.0,0.0,KEYS
2026-02-06 00:00:00-05:00,225.64999389648438,231.08999633789062,224.59500122070312,230.9499969482422,230.9499969482422,965200,0.0,0.0,KEYS
2026-02-09 00:00:00-05:00,229.64999389648438,237.00999450683594,229.5449981689453,235.92999267578125,235.92999267578125,1371900,0.0,0.0,KEYS
2026-02-10 00:00:00-05:00,235.57000732421875,237.96600341796875,233.7100067138672,235.0,235.0,975200,0.0,0.0,KEYS
2026-02-11 00:00:00-05:00,236.0,239.16000366210938,234.41000366210938,238.02000427246094,238.02000427246094,969000,0.0,0.0,KEYS
2026-02-12 00:00:00-05:00,239.1300048828125,242.6199951171875,228.69500732421875,229.47999572753906,229.47999572753906,1429600,0.0,0.0,KEYS
2026-02-13 00:00:00-05:00,229.97999572753906,235.8000030517578,228.35000610351562,233.50999450683594,233.50999450683594,825800,0.0,0.0,KEYS
2026-02-17 00:00:00-05:00,233.0800018310547,236.3800048828125,229.72000122070312,234.38999938964844,234.38999938964844,1121200,0.0,0.0,KEYS
2026-02-18 00:00:00-05:00,237.4499969482422,243.0,236.52999877929688,239.8300018310547,239.8300018310547,1033900,0.0,0.0,KEYS
2026-02-19 00:00:00-05:00,237.2899932861328,241.30999755859375,235.99000549316406,239.5399932861328,239.5399932861328,1124200,0.0,0.0,KEYS
2026-02-20 00:00:00-05:00,237.67999267578125,248.0,237.67999267578125,243.5399932861328,243.5399932861328,1654700,0.0,0.0,KEYS
2026-02-23 00:00:00-05:00,242.5,245.9499969482422,239.83999633789062,245.0,245.0,2817900,0.0,0.0,KEYS
2026-02-24 00:00:00-05:00,277.7200012207031,305.3699951171875,277.7200012207031,301.4800109863281,301.4800109863281,6148100,0.0,0.0,KEYS
2026-02-25 00:00:00-05:00,301.4800109863281,309.0,294.010009765625,302.17999267578125,302.17999267578125,3670900,0.0,0.0,KEYS
2026-02-26 00:00:00-05:00,303.989990234375,311.80999755859375,292.54998779296875,306.0299987792969,306.0299987792969,2713600,0.0,0.0,KEYS
2026-02-27 00:00:00-05:00,304.2699890136719,308.8550109863281,298.3500061035156,307.3299865722656,307.3299865722656,2998000,0.0,0.0,KEYS
2026-03-02 00:00:00-05:00,302.8399963378906,317.0,302.8399963378906,313.2699890136719,313.2699890136719,1872800,0.0,0.0,KEYS
2026-03-03 00:00:00-05:00,304.30499267578125,305.32000732421875,295.9800109863281,302.5400085449219,302.5400085449219,1613500,0.0,0.0,KEYS
2026-03-04 00:00:00-05:00,307.04998779296875,308.0,297.7049865722656,300.9200134277344,300.9200134277344,1835000,0.0,0.0,KEYS
2026-03-05 00:00:00-05:00,296.7650146484375,301.5899963378906,281.7699890136719,284.510009765625,284.510009765625,2155400,0.0,0.0,KEYS
2026-03-06 00:00:00-05:00,280.6000061035156,282.54998779296875,270.6099853515625,272.42999267578125,272.42999267578125,1695700,0.0,0.0,KEYS
2026-03-09 00:00:00-04:00,267.92999267578125,282.739990234375,264.70001220703125,282.0199890136719,282.0199890136719,1785400,0.0,0.0,KEYS
2026-03-10 00:00:00-04:00,285.95001220703125,293.29998779296875,283.32000732421875,285.5400085449219,285.5400085449219,1463100,0.0,0.0,KEYS
2026-03-11 00:00:00-04:00,284.20001220703125,286.6000061035156,280.54998779296875,284.260009765625,284.260009765625,1451800,0.0,0.0,KEYS
2026-03-12 00:00:00-04:00,279.3800048828125,288.4599914550781,277.0799865722656,282.7799987792969,282.7799987792969,1629100,0.0,0.0,KEYS
2026-03-13 00:00:00-04:00,284.29998779296875,290.2200012207031,277.9200134277344,279.7799987792969,279.7799987792969,1645700,0.0,0.0,KEYS
2026-03-16 00:00:00-04:00,287.5,289.9599914550781,285.0,285.94000244140625,285.94000244140625,1275300,0.0,0.0,KEYS
2026-03-17 00:00:00-04:00,286.7099914550781,288.8500061035156,283.69000244140625,287.3800048828125,287.3800048828125,1149700,0.0,0.0,KEYS
2026-03-18 00:00:00-04:00,287.07000732421875,289.8500061035156,283.0199890136719,284.1199951171875,284.1199951171875,792900,0.0,0.0,KEYS
2026-03-19 00:00:00-04:00,280.0950012207031,293.1300048828125,276.0799865722656,290.2099914550781,290.2099914550781,1544300,0.0,0.0,KEYS
2026-03-20 00:00:00-04:00,288.0400085449219,290.739990234375,275.2699890136719,277.5299987792969,277.5299987792969,3873100,0.0,0.0,KEYS
2026-03-23 00:00:00-04:00,286.739990234375,294.4100036621094,286.2300109863281,288.9599914550781,288.9599914550781,1456900,0.0,0.0,KEYS
2026-03-24 00:00:00-04:00,286.54998779296875,301.989990234375,286.54998779296875,298.5799865722656,298.5799865722656,1339500,0.0,0.0,KEYS
2026-03-25 00:00:00-04:00,300.0,301.739990234375,290.2799987792969,293.1199951171875,293.1199951171875,1838300,0.0,0.0,KEYS
2026-03-26 00:00:00-04:00,288.94000244140625,290.0199890136719,280.3299865722656,281.07000732421875,281.07000732421875,1024500,0.0,0.0,KEYS
2026-03-27 00:00:00-04:00,277.82000732421875,283.29998779296875,275.95001220703125,279.05999755859375,279.05999755859375,1036600,0.0,0.0,KEYS
2026-03-30 00:00:00-04:00,284.6199951171875,284.6199951171875,266.4700012207031,269.4100036621094,269.4100036621094,1347000,0.0,0.0,KEYS
2026-03-31 00:00:00-04:00,275.0,283.9490051269531,272.7850036621094,282.3699951171875,282.3699951171875,1076000,0.0,0.0,KEYS
2026-04-01 00:00:00-04:00,286.75,294.3699951171875,285.2900085449219,289.8399963378906,289.8399963378906,1236700,0.0,0.0,KEYS
2026-04-02 00:00:00-04:00,281.9800109863281,296.3699951171875,280.5989990234375,291.239990234375,291.239990234375,888600,0.0,0.0,KEYS
2026-04-06 00:00:00-04:00,294.6199951171875,296.0,288.62298583984375,292.9200134277344,292.9200134277344,498400,0.0,0.0,KEYS
2026-04-07 00:00:00-04:00,290.6400146484375,300.67999267578125,289.1700134277344,300.6099853515625,300.6099853515625,952000,0.0,0.0,KEYS
2026-04-08 00:00:00-04:00,312.75,321.510009765625,311.69000244140625,318.3299865722656,318.3299865722656,1478300,0.0,0.0,KEYS
2026-04-09 00:00:00-04:00,318.0,323.8699951171875,317.0,322.94000244140625,322.94000244140625,1033900,0.0,0.0,KEYS
2026-04-10 00:00:00-04:00,323.9100036621094,325.54998779296875,320.0,324.17999267578125,324.17999267578125,1178400,0.0,0.0,KEYS
2026-04-13 00:00:00-04:00,322.55999755859375,331.2900085449219,320.7309875488281,331.1099853515625,331.1099853515625,993700,0.0,0.0,KEYS
2026-04-14 00:00:00-04:00,333.6300048828125,334.989990234375,327.3699951171875,330.4599914550781,330.4599914550781,854500,0.0,0.0,KEYS
2026-04-15 00:00:00-04:00,327.1600036621094,328.42999267578125,320.0400085449219,325.25,325.25,788000,0.0,0.0,KEYS
2026-04-16 00:00:00-04:00,326.239990234375,330.375,321.20001220703125,329.9599914550781,329.9599914550781,1158600,0.0,0.0,KEYS
2026-04-17 00:00:00-04:00,331.0299987792969,338.0,331.0299987792969,334.3399963378906,334.3399963378906,1354400,0.0,0.0,KEYS
2026-04-20 00:00:00-04:00,334.3399963378906,337.010009765625,332.0,335.1400146484375,335.1400146484375,915200,0.0,0.0,KEYS
2026-04-21 00:00:00-04:00,335.0899963378906,342.4200134277344,334.30499267578125,339.29998779296875,339.29998779296875,682000,0.0,0.0,KEYS
2026-04-22 00:00:00-04:00,342.7099914550781,344.67999267578125,338.44000244140625,338.9700012207031,338.9700012207031,1087900,0.0,0.0,KEYS
2026-04-23 00:00:00-04:00,340.7699890136719,348.4330139160156,338.9100036621094,346.5299987792969,346.5299987792969,989000,0.0,0.0,KEYS
2026-04-24 00:00:00-04:00,350.0,352.7799987792969,345.3599853515625,346.9599914550781,346.9599914550781,967800,0.0,0.0,KEYS
2026-04-27 00:00:00-04:00,346.3999938964844,346.9049987792969,332.4230041503906,340.6400146484375,340.6400146484375,1776300,0.0,0.0,KEYS
2026-04-28 00:00:00-04:00,333.1199951171875,335.5,324.2699890136719,332.29998779296875,332.29998779296875,1546800,0.0,0.0,KEYS
2026-04-29 00:00:00-04:00,333.9800109863281,337.19000244140625,330.70001220703125,335.4599914550781,335.4599914550781,1011200,0.0,0.0,KEYS
2026-04-30 00:00:00-04:00,344.9100036621094,351.5,338.0799865722656,349.9100036621094,349.9100036621094,1646900,0.0,0.0,KEYS
2026-05-01 00:00:00-04:00,353.5199890136719,353.5199890136719,343.3399963378906,352.4100036621094,352.4100036621094,947000,0.0,0.0,KEYS
2026-05-04 00:00:00-04:00,351.739990234375,354.2300109863281,348.1400146484375,351.3500061035156,351.3500061035156,877200,0.0,0.0,KEYS
2026-05-05 00:00:00-04:00,352.0,358.510009765625,352.0,355.92999267578125,355.92999267578125,782800,0.0,0.0,KEYS
2026-05-06 00:00:00-04:00,360.0,366.7699890136719,357.989990234375,366.67999267578125,366.67999267578125,945500,0.0,0.0,KEYS
2026-05-07 00:00:00-04:00,366.6199951171875,367.1199951171875,352.42999267578125,355.05999755859375,355.05999755859375,1190300,0.0,0.0,KEYS
2026-05-08 00:00:00-04:00,362.7850036621094,364.29998779296875,358.1199951171875,360.29998779296875,360.29998779296875,1113000,0.0,0.0,KEYS
2026-05-11 00:00:00-04:00,363.07000732421875,370.17498779296875,360.79998779296875,366.3599853515625,366.3599853515625,1489400,0.0,0.0,KEYS
2026-05-12 00:00:00-04:00,363.92999267578125,365.0,352.0799865722656,361.6499938964844,361.6499938964844,1514700,0.0,0.0,KEYS
2026-05-13 00:00:00-04:00,368.0299987792969,370.0,359.375,361.19000244140625,361.19000244140625,1482100,0.0,0.0,KEYS
2026-05-14 00:00:00-04:00,363.1400146484375,365.1400146484375,358.0,361.54998779296875,361.54998779296875,1067300,0.0,0.0,KEYS
2026-05-15 00:00:00-04:00,357.3739929199219,357.3739929199219,347.75,349.010009765625,349.010009765625,1791500,0.0,0.0,KEYS
2026-05-18 00:00:00-04:00,353.5,354.989990234375,336.760009765625,340.4800109863281,340.4800109863281,2321300,0.0,0.0,KEYS
2026-05-19 00:00:00-04:00,339.6000061035156,345.44000244140625,326.4800109863281,344.1099853515625,344.1099853515625,4196600,0.0,0.0,KEYS
2026-05-20 00:00:00-04:00,330.0,349.9599914550781,326.79998779296875,342.0799865722656,342.0799865722656,3205500,0.0,0.0,KEYS
2026-05-21 00:00:00-04:00,344.44000244140625,344.9200134277344,331.7539978027344,337.54998779296875,337.54998779296875,2226400,0.0,0.0,KEYS
2026-05-22 00:00:00-04:00,342.8699951171875,346.8500061035156,334.5,346.55999755859375,346.55999755859375,1626800,0.0,0.0,KEYS
2026-05-26 00:00:00-04:00,350.20001220703125,355.739990234375,344.82000732421875,355.739990234375,355.739990234375,2215100,0.0,0.0,KEYS
2026-05-27 00:00:00-04:00,357.9200134277344,359.04998779296875,342.8399963378906,347.6499938964844,347.6499938964844,1282700,0.0,0.0,KEYS
2026-05-28 00:00:00-04:00,348.94000244140625,348.94000244140625,336.0,339.1300048828125,339.1300048828125,1778800,0.0,0.0,KEYS
2026-05-29 00:00:00-04:00,339.260009765625,341.0,329.17999267578125,338.3299865722656,338.3299865722656,3022000,0.0,0.0,KEYS
2026-06-01 00:00:00-04:00,332.7300109863281,335.0,326.1099853515625,330.0,330.0,2396900,0.0,0.0,KEYS
2026-06-02 00:00:00-04:00,334.8399963378906,349.0,333.4750061035156,346.57000732421875,346.57000732421875,1933400,0.0,0.0,KEYS
2026-06-03 00:00:00-04:00,347.9700012207031,355.489990234375,344.9800109863281,350.4800109863281,350.4800109863281,1470500,0.0,0.0,KEYS
2026-06-04 00:00:00-04:00,344.2300109863281,345.45001220703125,336.0799865722656,343.1099853515625,343.1099853515625,1085400,0.0,0.0,KEYS
2026-06-05 00:00:00-04:00,335.5199890136719,338.8900146484375,327.9849853515625,329.8299865722656,329.8299865722656,1251600,0.0,0.0,KEYS
2026-06-08 00:00:00-04:00,336.4100036621094,336.4100036621094,327.0849914550781,331.6000061035156,331.6000061035156,1755600,0.0,0.0,KEYS
2026-06-09 00:00:00-04:00,337.9599914550781,341.0,315.010009765625,331.42999267578125,331.42999267578125,1456500,0.0,0.0,KEYS
2026-06-10 00:00:00-04:00,330.6000061035156,336.8699951171875,323.19000244140625,324.0,324.0,1186800,0.0,0.0,KEYS
2026-06-11 00:00:00-04:00,330.9700012207031,340.1300048828125,328.7200012207031,340.0299987792969,340.0299987792969,1360500,0.0,0.0,KEYS
2026-06-12 00:00:00-04:00,343.0899963378906,352.20001220703125,339.39801025390625,350.6700134277344,350.6700134277344,1307100,0.0,0.0,KEYS
2026-06-15 00:00:00-04:00,359.54998779296875,360.94000244140625,351.82000732421875,356.94000244140625,356.94000244140625,946200,0.0,0.0,KEYS
2026-06-16 00:00:00-04:00,359.0299987792969,364.0,350.1099853515625,350.2900085449219,350.2900085449219,1312700,0.0,0.0,KEYS
2026-06-17 00:00:00-04:00,354.42999267578125,357.6099853515625,347.2829895019531,350.70001220703125,350.70001220703125,843500,0.0,0.0,KEYS
2026-06-18 00:00:00-04:00,359.45001220703125,367.1700134277344,357.7099914550781,363.6700134277344,363.6700134277344,2727300,0.0,0.0,KEYS
2026-06-22 00:00:00-04:00,370.94000244140625,374.9630126953125,367.57000732421875,373.3399963378906,373.3399963378906,1494000,0.0,0.0,KEYS
2026-06-23 00:00:00-04:00,359.06500244140625,359.6600036621094,351.79998779296875,352.5799865722656,352.5799865722656,1212100,0.0,0.0,KEYS
2026-06-24 00:00:00-04:00,350.0,359.08099365234375,348.0,351.29998779296875,351.29998779296875,1224400,0.0,0.0,KEYS
2026-06-25 00:00:00-04:00,362.6700134277344,368.989990234375,355.3399963378906,360.05999755859375,360.05999755859375,1143100,0.0,0.0,KEYS
2026-06-26 00:00:00-04:00,354.44000244140625,354.44000244140625,328.6600036621094,328.6600036621094,328.6600036621094,5526600,0.0,0.0,KEYS
2026-06-29 00:00:00-04:00,330.04998779296875,342.760009765625,327.03900146484375,340.1300048828125,340.1300048828125,2145500,0.0,0.0,KEYS
2026-06-30 00:00:00-04:00,340.8699951171875,354.989990234375,340.2799987792969,350.07000732421875,350.07000732421875,1588200,0.0,0.0,KEYS
2026-07-01 00:00:00-04:00,342.1449890136719,345.20001220703125,334.1099853515625,335.6000061035156,335.6000061035156,1318200,0.0,0.0,KEYS
2026-07-02 00:00:00-04:00,331.5899963378906,333.3450012207031,311.32000732421875,313.8599853515625,313.8599853515625,1994700,0.0,0.0,KEYS
2026-07-06 00:00:00-04:00,317.2300109863281,328.5830078125,316.56500244140625,319.7300109863281,319.7300109863281,1152200,0.0,0.0,KEYS
2026-07-07 00:00:00-04:00,313.68499755859375,313.8599853515625,306.010009765625,309.1199951171875,309.1199951171875,1607200,0.0,0.0,KEYS
2026-07-08 00:00:00-04:00,307.9599914550781,317.55999755859375,305.4200134277344,317.239990234375,317.239990234375,1137500,0.0,0.0,KEYS
2026-07-09 00:00:00-04:00,326.0199890136719,329.7300109863281,321.29998779296875,322.1700134277344,322.1700134277344,1518000,0.0,0.0,KEYS
2026-07-10 00:00:00-04:00,320.4200134277344,324.0450134277344,318.1000061035156,322.04998779296875,322.04998779296875,937100,0.0,0.0,KEYS
2026-07-13 00:00:00-04:00,325.760009765625,332.3500061035156,318.5199890136719,320.8299865722656,320.8299865722656,1398900,0.0,0.0,KEYS
2026-07-14 00:00:00-04:00,328.19000244140625,330.4339904785156,322.57000732421875,325.7300109863281,325.7300109863281,1238000,0.0,0.0,KEYS
2026-07-15 00:00:00-04:00,330.6499938964844,331.989990234375,316.1099853515625,322.7099914550781,322.7099914550781,1421300,0.0,0.0,KEYS
2026-07-16 00:00:00-04:00,316.30499267578125,320.3800048828125,310.29998779296875,312.760009765625,312.760009765625,1486900,0.0,0.0,KEYS
2026-07-17 00:00:00-04:00,307.2250061035156,318.43499755859375,300.8699951171875,315.8999938964844,315.8999938964844,1743900,0.0,0.0,KEYS
2026-07-20 00:00:00-04:00,318.42999267578125,322.4200134277344,313.20001220703125,314.1300048828125,314.1300048828125,1018900,0.0,0.0,KEYS
2026-07-21 00:00:00-04:00,325.79998779296875,329.5299987792969,319.0899963378906,328.1099853515625,328.1099853515625,1305100,0.0,0.0,KEYS
2026-07-22 00:00:00-04:00,323.1099853515625,331.614990234375,323.1099853515625,327.5299987792969,327.5299987792969,854800,0.0,0.0,KEYS
2026-07-23 00:00:00-04:00,325.0899963378906,332.7799987792969,324.6199951171875,325.1300048828125,325.1300048828125,1115400,0.0,0.0,KEYS
2026-07-24 00:00:00-04:00,323.6300048828125,324.70001220703125,315.32000732421875,318.6700134277344,318.6700134277344,1183000,0.0,0.0,KEYS
2026-07-27 00:00:00-04:00,321.25,321.80999755859375,305.7699890136719,313.67999267578125,313.67999267578125,1129400,0.0,0.0,KEYS
2026-07-28 00:00:00-04:00,309.07000732421875,309.989990234375,295.6000061035156,305.1700134277344,305.1700134277344,1509200,0.0,0.0,KEYS
2026-07-29 00:00:00-04:00,303.4100036621094,307.80999755859375,293.54998779296875,296.7200012207031,296.7200012207031,1209300,0.0,0.0,KEYS
2026-07-30 00:00:00-04:00,306.5,314.4200134277344,305.5,312.69000244140625,312.69000244140625,1280200,0.0,0.0,KEYS
2026-07-31 00:00:00-04:00,322.3999938964844,329.989990234375,317.2699890136719,319.0799865722656,319.0799865722656,1147400,0.0,0.0,KEYS
2026-08-03 00:00:00-04:00,317.1300048828125,324.32000732421875,311.79998779296875,321.8900146484375,321.8900146484375,831300,0.0,0.0,KEYS
2026-08-04 00:00:00-04:00,335.0,343.8699951171875,331.760009765625,341.239990234375,341.239990234375,1525900,0.0,0.0,KEYS
2026-08-05 00:00:00-04:00,338.3999938964844,343.20001220703125,335.6700134277344,336.0199890136719,336.0199890136719,932800,0.0,0.0,KEYS
2026-08-06 00:00:00-04:00,333.1000061035156,344.5199890136719,330.1099853515625,336.9599914550781,336.9599914550781,918500,0.0,0.0,KEYS
2026-08-07 00:00:00-04:00,339.5,344.9200134277344,335.4800109863281,340.9700012207031,340.9700012207031,852100,0.0,0.0,KEYS
2026-08-10 00:00:00-04:00,344.7699890136719,344.9800109863281,335.3999938964844,335.4100036621094,335.4100036621094,848500,0.0,0.0,KEYS
2026-08-11 00:00:00-04:00,339.20001220703125,345.42999267578125,336.739990234375,343.70001220703125,343.70001220703125,796900,0.0,0.0,KEYS
2026-08-12 00:00:00-04:00,352.0,357.3399963378906,351.1400146484375,354.5,354.5,896500,0.0,0.0,KEYS
2026-08-13 00:00:00-04:00,352.5,357.67999267578125,351.0199890136719,353.8500061035156,353.8500061035156,844900,0.0,0.0,KEYS
2026-08-14 00:00:00-04:00,354.05999755859375,361.0899963378906,350.1000061035156,357.82000732421875,357.82000732421875,926800,0.0,0.0,KEYS
2026-08-17 00:00:00-04:00,360.0,366.4100036621094,358.010009765625,361.1499938964844,361.1499938964844,1817100,0.0,0.0,KEYS
2026-08-18 00:00:00-04:00,350.0,350.8949890136719,332.6400146484375,341.0,341.0,3525600,0.0,0.0,KEYS
2026-08-19 00:00:00-04:00,349.0,352.0,314.5199890136719,319.45001220703125,319.45001220703125,3875300,0.0,0.0,KEYS
2026-08-20 00:00:00-04:00,314.6600036621094,322.69000244140625,313.19500732421875,316.510009765625,316.510009765625,1911700,0.0,0.0,KEYS
2026-08-21 00:00:00-04:00,319.2200012207031,322.7300109863281,310.2699890136719,316.1300048828125,316.1300048828125,1200800,0.0,0.0,KEYS
2026-08-24 00:00:00-04:00,311.0899963378906,313.82000732421875,306.85198974609375,310.6600036621094,310.6600036621094,1038000,0.0,0.0,KEYS
2026-08-25 00:00:00-04:00,318.2200012207031,320.7300109863281,313.864990234375,320.1199951171875,320.1199951171875,1606800,0.0,0.0,KEYS
2026-08-26 00:00:00-04:00,323.1300048828125,327.06500244140625,321.0299987792969,321.8699951171875,321.8699951171875,1137800,0.0,0.0,KEYS
2026-08-27 00:00:00-04:00,323.82000732421875,327.4949951171875,319.4100036621094,325.82000732421875,325.82000732421875,1326200,0.0,0.0,KEYS
2026-08-28 00:00:00-04:00,324.4100036621094,325.8550109863281,318.04998779296875,319.9700012207031,319.9700012207031,2195500,0.0,0.0,KEYS
2026-08-31 00:00:00-04:00,322.489990234375,325.0,319.1700134277344,322.70001220703125,322.70001220703125,1493600,0.0,0.0,KEYS
2026-09-01 00:00:00-04:00,321.4700012207031,322.0,316.20001220703125,319.2699890136719,319.2699890136719,831800,0.0,0.0,KEYS
2026-09-02 00:00:00-04:00,318.0400085449219,321.9599914550781,313.9599914550781,321.5799865722656,321.5799865722656,685700,0.0,0.0,KEYS
2026-09-03 00:00:00-04:00,319.0899963378906,324.1300048828125,312.0,322.6199951171875,322.6199951171875,759700,0.0,0.0,KEYS
2026-09-04 00:00:00-04:00,326.1000061035156,329.79998779296875,324.20001220703125,327.2099914550781,327.2099914550781,605800,0.0,0.0,KEYS
